cited_paper_id,cited_paper,paper_year,paper_authors,Cites,Authors,Title,Year,Source,Publisher,ArticleURL,CitesURL,GSRank,QueryDate,Type,DOI,ISSN,CitationURL,Volume,Issue,StartPage,EndPage,ECC,CitesPerYear,CitesPerAuthor,AuthorCount,Age,Abstract,FullTextURL,RelatedURL,citing_title,citing_author,citing_year,citing_abstract,venue,country,field,use_type,snapshot_date,country_source,country_matched_title
P1,Gait identification using component based gait energy image analysis,2014,"Nandy, Anup; Pathak, Akanksha; Chakraborty, Pavan; Nandi, GC",1,"BY Yashas, L Santhosh, KN Asha…",Gait Based Behaviometric Identification Using CASIA-B Dataset and Gait Energy Images,2025.0,2025 International …,ieeexplore.ieee.org,https://ieeexplore.ieee.org/abstract/document/11034813/,"https://scholar.google.com/scholar?cites=13880660049497932006&as_sdt=80005&sciodt=0,11&hl=en",1,2026-08-23 16:34:22,,,,,,,,,1,1.0,0,4,1.0,Gait-based behaviometric identification is a sophisticated biometric authentication paradigm that leverages distinctive walking patterns of an individual for identity recognition. Unlike …,,"https://scholar.google.com/scholar?q=related:5sBHqsUCosAJ:scholar.google.com/&scioq=&hl=en&as_sdt=80005&sciodt=0,11",Gait Based Behaviometric Identification Using CASIA-B Dataset and Gait Energy Images,"BY Yashas, L Santhosh, KN Asha…",2025,Gait-based behaviometric identification is a sophisticated biometric authentication paradigm that leverages distinctive walking patterns of an individual for identity recognition. Unlike …,2025 International …,Unknown,Unknown,Unclassified,2026-08-23 16:34:22,error,
P1,Gait identification using component based gait energy image analysis,2014,"Nandy, Anup; Pathak, Akanksha; Chakraborty, Pavan; Nandi, GC",6,"AEK Ghalleb, NEB Amara",Remote person authentication in different scenarios based on gait and face in front view,2017.0,2017 14th International Multi …,ieeexplore.ieee.org,https://ieeexplore.ieee.org/abstract/document/8167008/,"https://scholar.google.com/scholar?cites=7151557675434413391&as_sdt=80005&sciodt=0,11&hl=en",2,2026-08-23 16:34:22,,,,,,,,,6,0.67,3,2,9.0,"To predict criminal acts and to assure more security, the biometric remote recognition of people has lately been getting much interest among researchers. We propose in this paper …",,"https://scholar.google.com/scholar?q=related:T438stBvP2MJ:scholar.google.com/&scioq=&hl=en&as_sdt=80005&sciodt=0,11",Remote person authentication in different scenarios based on gait and face in front view,"AEK Ghalleb, NEB Amara",2017,"To predict criminal acts and to assure more security, the biometric remote recognition of people has lately been getting much interest among researchers. We propose in this paper …",2017 14th International Multi …,Unknown,Unknown,Unclassified,2026-08-23 16:34:22,error,
P1,Gait identification using component based gait energy image analysis,2014,"Nandy, Anup; Pathak, Akanksha; Chakraborty, Pavan; Nandi, GC",3,"C Wattanapanich, H Wei",Investigation of gait representations in lower knee gait recognition,2016.0,International Conference on Pattern …,scitepress.org,https://www.scitepress.org/PublishedPapers/2016/58170/,"https://scholar.google.com/scholar?cites=10109867440516390497&as_sdt=80005&sciodt=0,11&hl=en",3,2026-08-23 16:34:22,,,,,,,,,3,0.3,2,2,10.0,"This paper investigates the effect of lower knee gait representations on gait recognition. After reviewing three emerging gait representations, ie Gait Energy Image (GEI), Gait Entropy …",https://www.scitepress.org/PublishedPapers/2016/58170/58170.pdf,"https://scholar.google.com/scholar?q=related:YV5Ebt92TYwJ:scholar.google.com/&scioq=&hl=en&as_sdt=80005&sciodt=0,11",Investigation of gait representations in lower knee gait recognition,"C Wattanapanich, H Wei",2016,"This paper investigates the effect of lower knee gait representations on gait recognition. After reviewing three emerging gait representations, ie Gait Energy Image (GEI), Gait Entropy …",International Conference on Pattern …,Unknown,Unknown,Unclassified,2026-08-23 16:34:22,error,
P1,Gait identification using component based gait energy image analysis,2014,"Nandy, Anup; Pathak, Akanksha; Chakraborty, Pavan; Nandi, GC",1,SV Ponte,Increased Fall Risk Evaluation in the Elderly: A Video-based Approach for Gait Analysis,2021.0,,search.proquest.com,https://search.proquest.com/openview/dc66b6a594cb433b05667377f116bccf/1?pq-origsite=gscholar&cbl=2026366&diss=y,"https://scholar.google.com/scholar?cites=15065284449307635631&as_sdt=80005&sciodt=0,11&hl=en",4,2026-08-23 16:34:22,,,,,,,,,1,0.2,1,1,5.0,"Worldwide, falls are a major public health problem. Their risk assessment occurs predominantly in clinical environments, having a great dependency on the healthcare …",https://repositorio.ulisboa.pt/bitstreams/149d8d3c-c349-4736-b55d-f2ea46c5c0f3/download,"https://scholar.google.com/scholar?q=related:r68yKWOkEtEJ:scholar.google.com/&scioq=&hl=en&as_sdt=80005&sciodt=0,11",Increased Fall Risk Evaluation in the Elderly: A Video-based Approach for Gait Analysis,SV Ponte,2021,"Worldwide, falls are a major public health problem. Their risk assessment occurs predominantly in clinical environments, having a great dependency on the healthcare …",Unknown,Unknown,Unknown,Unclassified,2026-08-23 16:34:22,error,
P1,Gait identification using component based gait energy image analysis,2014,"Nandy, Anup; Pathak, Akanksha; Chakraborty, Pavan; Nandi, GC",0,C Wattanapanich,Investigation of gait representations and partial body gait recognition,2019.0,,centaur.reading.ac.uk,https://centaur.reading.ac.uk/id/eprint/84979,,5,2026-08-23 16:34:22,,,,,,,,,0,0.0,0,1,7.0,Recognising an individual by the way they walk is one of the most popular research subjects within the field of soft biometrics in last few decades. The advancement of technology and …,https://centaur.reading.ac.uk/84979/1/22836825_Wattanapanich_thesis.pdf,"https://scholar.google.com/scholar?q=related:jip_UXA5P9YJ:scholar.google.com/&scioq=&hl=en&as_sdt=80005&sciodt=0,11",Investigation of gait representations and partial body gait recognition,C Wattanapanich,2019,Recognising an individual by the way they walk is one of the most popular research subjects within the field of soft biometrics in last few decades. The advancement of technology and …,Unknown,Unknown,Unknown,Unclassified,2026-08-23 16:34:22,error,
P2,Transfer learning based heart valve disease classification from phonocardiogram signal,2023,"Maity, Arnab; Pathak, Akanksha; Saha, Goutam",860,"FM Shiri, T Perumal, N Mustapha…","A comprehensive overview and comparative analysis on deep learning models: CNN, RNN, LSTM, GRU",2023.0,arXiv preprint arXiv …,arxiv.org,https://arxiv.org/abs/2305.17473,"https://scholar.google.com/scholar?cites=12135649101654784395&as_sdt=80005&sciodt=0,11&hl=en",1,2026-08-23 16:36:31,,,,,,,,,860,286.67,215,4,3.0,"Deep learning (DL) has emerged as a powerful subset of machine learning (ML) and artificial intelligence (AI), outperforming traditional ML methods, especially in handling …",https://arxiv.org/pdf/2305.17473,"https://scholar.google.com/scholar?q=related:i_nrfo98aqgJ:scholar.google.com/&scioq=&hl=en&as_sdt=80005&sciodt=0,11","A comprehensive overview and comparative analysis on deep learning models: CNN, RNN, LSTM, GRU","FM Shiri, T Perumal, N Mustapha…",2023,"Deep learning (DL) has emerged as a powerful subset of machine learning (ML) and artificial intelligence (AI), outperforming traditional ML methods, especially in handling …",arXiv preprint arXiv …,Unknown,Unknown,Unclassified,2026-08-23 16:36:31,error,
P2,Transfer learning based heart valve disease classification from phonocardiogram signal,2023,"Maity, Arnab; Pathak, Akanksha; Saha, Goutam",32,"M Jafari, X Tao, P Barua, RS Tan, UR Acharya",Application of transfer learning for biomedical signals: A comprehensive review of the last decade (2014–2024),2025.0,Information Fusion,Elsevier,https://www.sciencedirect.com/science/article/pii/S1566253525000557,"https://scholar.google.com/scholar?cites=859787519003830301&as_sdt=80005&sciodt=0,11&hl=en",2,2026-08-23 16:36:31,HTML,,,,,,,,32,32.0,6,5,1.0,Precise and timely disease diagnosis is essential for making effective treatment decisions and halting disease progression. Biomedical signals offer the potential for non-invasive …,https://www.sciencedirect.com/science/article/pii/S1566253525000557,"https://scholar.google.com/scholar?q=related:HaiJdDGU7gsJ:scholar.google.com/&scioq=&hl=en&as_sdt=80005&sciodt=0,11",Application of transfer learning for biomedical signals: A comprehensive review of the last decade (2014–2024),"M Jafari, X Tao, P Barua, RS Tan, UR Acharya",2025,Precise and timely disease diagnosis is essential for making effective treatment decisions and halting disease progression. Biomedical signals offer the potential for non-invasive …,Information Fusion,Unknown,Unknown,Unclassified,2026-08-23 16:36:31,error,
P2,Transfer learning based heart valve disease classification from phonocardiogram signal,2023,"Maity, Arnab; Pathak, Akanksha; Saha, Goutam",39,"B Zhu, Z Zhou, S Yu, X Liang, Y Xie, Q Sun",Review of phonocardiogram signal analysis: Insights from the PhysioNet/CinC challenge 2016 database,2024.0,Electronics,mdpi.com,https://www.mdpi.com/2079-9292/13/16/3222,"https://scholar.google.com/scholar?cites=3399580081315916887&as_sdt=80005&sciodt=0,11&hl=en",3,2026-08-23 16:36:31,HTML,,,,,,,,39,19.5,7,6,2.0,"The phonocardiogram (PCG) is a crucial tool for the early detection, continuous monitoring, accurate diagnosis, and efficient management of cardiovascular diseases. It has the …",https://www.mdpi.com/2079-9292/13/16/3222,"https://scholar.google.com/scholar?q=related:VyxUfBK8LS8J:scholar.google.com/&scioq=&hl=en&as_sdt=80005&sciodt=0,11",Review of phonocardiogram signal analysis: Insights from the PhysioNet/CinC challenge 2016 database,"B Zhu, Z Zhou, S Yu, X Liang, Y Xie, Q Sun",2024,"The phonocardiogram (PCG) is a crucial tool for the early detection, continuous monitoring, accurate diagnosis, and efficient management of cardiovascular diseases. It has the …",Electronics,Unknown,Unknown,Unclassified,2026-08-23 16:36:31,error,
P2,Transfer learning based heart valve disease classification from phonocardiogram signal,2023,"Maity, Arnab; Pathak, Akanksha; Saha, Goutam",49,"K Ranipa, WP Zhu, MNS Swamy",A novel feature-level fusion scheme with multimodal attention CNN for heart sound classification,2024.0,Computer Methods and Programs in …,Elsevier,https://www.sciencedirect.com/science/article/pii/S0169260724001184,"https://scholar.google.com/scholar?cites=3297089575199899496&as_sdt=80005&sciodt=0,11&hl=en",4,2026-08-23 16:36:31,,,,,,,,,49,24.5,16,3,2.0,Background and objective Most of the existing machine learning-based heart sound classification methods achieve limited accuracy. Since they primarily depend on single …,,"https://scholar.google.com/scholar?q=related:aP9u-n-dwS0J:scholar.google.com/&scioq=&hl=en&as_sdt=80005&sciodt=0,11",A novel feature-level fusion scheme with multimodal attention CNN for heart sound classification,"K Ranipa, WP Zhu, MNS Swamy",2024,Background and objective Most of the existing machine learning-based heart sound classification methods achieve limited accuracy. Since they primarily depend on single …,Computer Methods and Programs in …,Unknown,Unknown,Unclassified,2026-08-23 16:36:31,error,
P2,Transfer learning based heart valve disease classification from phonocardiogram signal,2023,"Maity, Arnab; Pathak, Akanksha; Saha, Goutam",33,"RM Al-Tam, AM Al-Hejri, E Naji, FA Hashim…",A hybrid framework of transformer encoder and residential conventional for cardiovascular disease recognition using heart sounds,2024.0,IEEE …,ieeexplore.ieee.org,https://ieeexplore.ieee.org/abstract/document/10658979/,"https://scholar.google.com/scholar?cites=8146384801718991644&as_sdt=80005&sciodt=0,11&hl=en",5,2026-08-23 16:36:31,,,,,,,,,33,16.5,7,5,2.0,Valvular heart disease (VHD) is one of the primary causes of cardiovascular illnesses with high mortality rates worldwide. Early detection of VHD enables optimal treatment and stops …,https://ieeexplore.ieee.org/iel8/6287639/6514899/10658979.pdf,"https://scholar.google.com/scholar?q=related:HPsZ1tDFDXEJ:scholar.google.com/&scioq=&hl=en&as_sdt=80005&sciodt=0,11",A hybrid framework of transformer encoder and residential conventional for cardiovascular disease recognition using heart sounds,"RM Al-Tam, AM Al-Hejri, E Naji, FA Hashim…",2024,Valvular heart disease (VHD) is one of the primary causes of cardiovascular illnesses with high mortality rates worldwide. Early detection of VHD enables optimal treatment and stops …,IEEE …,Unknown,Unknown,Unclassified,2026-08-23 16:36:31,error,
P2,Transfer learning based heart valve disease classification from phonocardiogram signal,2023,"Maity, Arnab; Pathak, Akanksha; Saha, Goutam",41,"J Wang, J Zang, S Yao, Z Zhang, C Xue",Multiclassification for heart sound signals under multiple networks and multi-view feature,2024.0,Measurement,Elsevier,https://www.sciencedirect.com/science/article/pii/S0263224123015865,"https://scholar.google.com/scholar?cites=15627422074977877317&as_sdt=80005&sciodt=0,11&hl=en",6,2026-08-23 16:36:31,,,,,,,,,41,20.5,8,5,2.0,"Heart sound signals play a crucial role in assessing cardiovascular health. Building upon this, we have designed five networks to effectively classify these signals. Initially, it is …",,"https://scholar.google.com/scholar?q=related:RX0nXpTB39gJ:scholar.google.com/&scioq=&hl=en&as_sdt=80005&sciodt=0,11",Multiclassification for heart sound signals under multiple networks and multi-view feature,"J Wang, J Zang, S Yao, Z Zhang, C Xue",2024,"Heart sound signals play a crucial role in assessing cardiovascular health. Building upon this, we have designed five networks to effectively classify these signals. Initially, it is …",Measurement,Unknown,Unknown,Unclassified,2026-08-23 16:36:31,error,
P2,Transfer learning based heart valve disease classification from phonocardiogram signal,2023,"Maity, Arnab; Pathak, Akanksha; Saha, Goutam",4,"MK Nath, SS Dash, K Mookkandi",Towards intelligent phonocardiogram analysis: Advances and future perspectives in cardiovascular disease detection,2026.0,Engineering Applications of Artificial …,Elsevier,https://www.sciencedirect.com/science/article/pii/S0952197625033780,"https://scholar.google.com/scholar?cites=4460205589578286002&as_sdt=80005&sciodt=0,11&hl=en",7,2026-08-23 16:36:31,,,,,,,,,4,4.0,1,3,1.0,"Abstract Phonocardiogram (PCG), electrocardiogram (ECG), and ballistocardiogram (BCG) are the non-stationary digital signals used in clinics for identifying various heart related …",,"https://scholar.google.com/scholar?q=related:soMGQFrV5T0J:scholar.google.com/&scioq=&hl=en&as_sdt=80005&sciodt=0,11",Towards intelligent phonocardiogram analysis: Advances and future perspectives in cardiovascular disease detection,"MK Nath, SS Dash, K Mookkandi",2026,"Abstract Phonocardiogram (PCG), electrocardiogram (ECG), and ballistocardiogram (BCG) are the non-stationary digital signals used in clinics for identifying various heart related …",Engineering Applications of Artificial …,Unknown,Unknown,Unclassified,2026-08-23 16:36:31,error,
P2,Transfer learning based heart valve disease classification from phonocardiogram signal,2023,"Maity, Arnab; Pathak, Akanksha; Saha, Goutam",37,"KK Mohammed, EI Abd El-Latif, NE El-Sayad…",Radio frequency fingerprint-based drone identification and classification using Mel spectrograms and pre-trained YAMNet neural,2023.0,Internet of Things,Elsevier,https://www.sciencedirect.com/science/article/pii/S2542660523002020,"https://scholar.google.com/scholar?cites=7321524895768494736&as_sdt=80005&sciodt=0,11&hl=en",8,2026-08-23 16:36:31,,,,,,,,,37,12.33,9,4,3.0,"The convergence of drones with the Internet of Things (IoT) has paved the way for the Internet of Drones (IoD), an interconnected network of drones, ground control systems, and …",,"https://scholar.google.com/scholar?q=related:kMJ1AhpIm2UJ:scholar.google.com/&scioq=&hl=en&as_sdt=80005&sciodt=0,11",Radio frequency fingerprint-based drone identification and classification using Mel spectrograms and pre-trained YAMNet neural,"KK Mohammed, EI Abd El-Latif, NE El-Sayad…",2023,"The convergence of drones with the Internet of Things (IoT) has paved the way for the Internet of Drones (IoD), an interconnected network of drones, ground control systems, and …",Internet of Things,Unknown,Unknown,Unclassified,2026-08-23 16:36:31,error,
P2,Transfer learning based heart valve disease classification from phonocardiogram signal,2023,"Maity, Arnab; Pathak, Akanksha; Saha, Goutam",17,"A Gudigar, U Raghavendra, M Maithri, J Samanth…",Automated system for the detection of heart anomalies using phonocardiograms: A systematic review,2024.0,IEEE …,ieeexplore.ieee.org,https://ieeexplore.ieee.org/abstract/document/10685373/,"https://scholar.google.com/scholar?cites=8708295670581517125&as_sdt=80005&sciodt=0,11&hl=en",9,2026-08-23 16:36:31,,,,,,,,,17,8.5,3,5,2.0,Phonocardiogram (PCG) signals generated by the heart contain information about heart conditions. This review examines how PCG analysis identifies and diagnoses heart issues …,https://ieeexplore.ieee.org/iel8/6287639/6514899/10685373.pdf,"https://scholar.google.com/scholar?q=related:RVsVHMYU2ngJ:scholar.google.com/&scioq=&hl=en&as_sdt=80005&sciodt=0,11",Automated system for the detection of heart anomalies using phonocardiograms: A systematic review,"A Gudigar, U Raghavendra, M Maithri, J Samanth…",2024,Phonocardiogram (PCG) signals generated by the heart contain information about heart conditions. This review examines how PCG analysis identifies and diagnoses heart issues …,IEEE …,Unknown,Unknown,Unclassified,2026-08-23 16:36:31,error,
P2,Transfer learning based heart valve disease classification from phonocardiogram signal,2023,"Maity, Arnab; Pathak, Akanksha; Saha, Goutam",13,"X Bi, S Tang, B Xiao, W Li, X Gao…",A systematic review of heart sound detection algorithms: Experimental results and insights,2025.0,IEEE Transactions on …,ieeexplore.ieee.org,https://ieeexplore.ieee.org/abstract/document/10909012/,"https://scholar.google.com/scholar?cites=14371155424508395480&as_sdt=80005&sciodt=0,11&hl=en",10,2026-08-23 16:36:31,,,,,,,,,13,13.0,2,6,1.0,"Automatic heart sound detection plays a vital role in the early detection of cardiovascular diseases (CVDs). In recent years, many heart sound detection algorithms have been …",,"https://scholar.google.com/scholar?q=related:2D_AibeZcMcJ:scholar.google.com/&scioq=&hl=en&as_sdt=80005&sciodt=0,11",A systematic review of heart sound detection algorithms: Experimental results and insights,"X Bi, S Tang, B Xiao, W Li, X Gao…",2025,"Automatic heart sound detection plays a vital role in the early detection of cardiovascular diseases (CVDs). In recent years, many heart sound detection algorithms have been …",IEEE Transactions on …,Unknown,Unknown,Unclassified,2026-08-23 16:36:31,error,
P2,Transfer learning based heart valve disease classification from phonocardiogram signal,2023,"Maity, Arnab; Pathak, Akanksha; Saha, Goutam",13,"A Maity, G Saha",Enhancing cross-domain robustness in phonocardiogram signal classification using domain-invariant preprocessing and transfer learning,2024.0,Computer methods and programs in biomedicine,Elsevier,https://www.sciencedirect.com/science/article/pii/S0169260724004553,"https://scholar.google.com/scholar?cites=16002312569823237532&as_sdt=80005&sciodt=0,11&hl=en",11,2026-08-23 16:36:31,,,,,,,,,13,6.5,7,2,2.0,Background and objective: Phonocardiogram (PCG) signal analysis is a non-invasive and cost-efficient approach for diagnosing cardiovascular diseases. Existing PCG-based …,,"https://scholar.google.com/scholar?q=related:nBUVlX-iE94J:scholar.google.com/&scioq=&hl=en&as_sdt=80005&sciodt=0,11",Enhancing cross-domain robustness in phonocardiogram signal classification using domain-invariant preprocessing and transfer learning,"A Maity, G Saha",2024,Background and objective: Phonocardiogram (PCG) signal analysis is a non-invasive and cost-efficient approach for diagnosing cardiovascular diseases. Existing PCG-based …,Computer methods and programs in biomedicine,Unknown,Unknown,Unclassified,2026-08-23 16:36:31,error,
P2,Transfer learning based heart valve disease classification from phonocardiogram signal,2023,"Maity, Arnab; Pathak, Akanksha; Saha, Goutam",16,F Özcan,"Rapid detection and interpretation of heart murmurs using phonocardiograms, transfer learning and explainable artificial intelligence",2024.0,Health Information Science and Systems,Springer,https://link.springer.com/article/10.1007/s13755-024-00302-w,"https://scholar.google.com/scholar?cites=5167145034203900899&as_sdt=80005&sciodt=0,11&hl=en",12,2026-08-23 16:36:31,,10.1007/s13755-024-00302-w,,,,,,,16,8.0,16,1,2.0,"Cardiovascular disease, which remains one of the main causes of death, can be prevented by early diagnosis of heart sounds. Certain noisy signals, known as murmurs, may be …",https://pmc.ncbi.nlm.nih.gov/articles/PMC11344737/,"https://scholar.google.com/scholar?q=related:46ulKghjtUcJ:scholar.google.com/&scioq=&hl=en&as_sdt=80005&sciodt=0,11","Rapid detection and interpretation of heart murmurs using phonocardiograms, transfer learning and explainable artificial intelligence",F Özcan,2024,"Cardiovascular disease, which remains one of the main causes of death, can be prevented by early diagnosis of heart sounds. Certain noisy signals, known as murmurs, may be …",Health Information Science and Systems,Unknown,Unknown,Unclassified,2026-08-23 16:36:31,error,
P2,Transfer learning based heart valve disease classification from phonocardiogram signal,2023,"Maity, Arnab; Pathak, Akanksha; Saha, Goutam",13,"M Fynn, K Mandana, J Rashid, S Nordholm…",Practicality meets precision: Wearable vest with integrated multi-channel PCG sensors for effective coronary artery disease pre-screening,2025.0,Computers in Biology …,Elsevier,https://www.sciencedirect.com/science/article/pii/S0010482525002550,"https://scholar.google.com/scholar?cites=13177228951394884536&as_sdt=80005&sciodt=0,11&hl=en",13,2026-08-23 16:36:31,HTML,,,,,,,,13,13.0,3,5,1.0,"The leading cause of mortality and morbidity worldwide is cardiovascular disease (CVD), with coronary artery disease (CAD) being the largest sub-category. Unfortunately …",https://www.sciencedirect.com/science/article/pii/S0010482525002550,"https://scholar.google.com/scholar?q=related:uJviU-rr3rYJ:scholar.google.com/&scioq=&hl=en&as_sdt=80005&sciodt=0,11",Practicality meets precision: Wearable vest with integrated multi-channel PCG sensors for effective coronary artery disease pre-screening,"M Fynn, K Mandana, J Rashid, S Nordholm…",2025,"The leading cause of mortality and morbidity worldwide is cardiovascular disease (CVD), with coronary artery disease (CAD) being the largest sub-category. Unfortunately …",Computers in Biology …,Unknown,Unknown,Unclassified,2026-08-23 16:36:31,error,
P2,Transfer learning based heart valve disease classification from phonocardiogram signal,2023,"Maity, Arnab; Pathak, Akanksha; Saha, Goutam",16,"S Li, J Sun, H Yang, J Pan, T Guo, W Wang",Interpretable End-to-End heart sound classification,2024.0,Measurement,Elsevier,https://www.sciencedirect.com/science/article/pii/S0263224124009989,"https://scholar.google.com/scholar?cites=6309728446741200137&as_sdt=80005&sciodt=0,11&hl=en",14,2026-08-23 16:36:31,,,,,,,,,16,8.0,3,6,2.0,Heart sound analysis is a non-invasive and economical technique that can aid in diagnosing cardiovascular disease. A novel End-to-End heart sound classification method was …,,"https://scholar.google.com/scholar?q=related:Cb0viZeokFcJ:scholar.google.com/&scioq=&hl=en&as_sdt=80005&sciodt=0,11",Interpretable End-to-End heart sound classification,"S Li, J Sun, H Yang, J Pan, T Guo, W Wang",2024,Heart sound analysis is a non-invasive and economical technique that can aid in diagnosing cardiovascular disease. A novel End-to-End heart sound classification method was …,Measurement,Unknown,Unknown,Unclassified,2026-08-23 16:36:31,error,
P2,Transfer learning based heart valve disease classification from phonocardiogram signal,2023,"Maity, Arnab; Pathak, Akanksha; Saha, Goutam",9,"MS Iqbal, S Munawar, M Adnan, SEG Mohamed",An efficient approach for electricity theft detection based on transfer learning in temporal sequence,2025.0,Results in Engineering,Elsevier,https://www.sciencedirect.com/science/article/pii/S2590123025012009,"https://scholar.google.com/scholar?cites=4787099641943790436&as_sdt=80005&sciodt=0,11&hl=en",15,2026-08-23 16:36:31,HTML,,,,,,,,9,9.0,2,4,1.0,"Investigating non-technical losses (NTLs) is a challenging issue around the globe and results in a huge revenue loss. The Literature proposes many solutions, however, there are …",https://www.sciencedirect.com/science/article/pii/S2590123025012009,"https://scholar.google.com/scholar?q=related:ZJN13sIxb0IJ:scholar.google.com/&scioq=&hl=en&as_sdt=80005&sciodt=0,11",An efficient approach for electricity theft detection based on transfer learning in temporal sequence,"MS Iqbal, S Munawar, M Adnan, SEG Mohamed",2025,"Investigating non-technical losses (NTLs) is a challenging issue around the globe and results in a huge revenue loss. The Literature proposes many solutions, however, there are …",Results in Engineering,Unknown,Unknown,Unclassified,2026-08-23 16:36:31,error,
P2,Transfer learning based heart valve disease classification from phonocardiogram signal,2023,"Maity, Arnab; Pathak, Akanksha; Saha, Goutam",8,"M Li, Z He, H Wang",Heart sound classification based on multi-scale feature fusion and channel attention module,2025.0,Bioengineering,mdpi.com,https://www.mdpi.com/2306-5354/12/3/290,"https://scholar.google.com/scholar?cites=13181838293623230366&as_sdt=80005&sciodt=0,11&hl=en",16,2026-08-23 16:36:31,HTML,,,,,,,,8,8.0,3,3,1.0,"Intelligent heart sound diagnosis based on Convolutional Neural Networks (CNN) has been attracting increasing attention due to its accuracy and efficiency, which have been improved …",https://www.mdpi.com/2306-5354/12/3/290,"https://scholar.google.com/scholar?q=related:ns8NchZM77YJ:scholar.google.com/&scioq=&hl=en&as_sdt=80005&sciodt=0,11",Heart sound classification based on multi-scale feature fusion and channel attention module,"M Li, Z He, H Wang",2025,"Intelligent heart sound diagnosis based on Convolutional Neural Networks (CNN) has been attracting increasing attention due to its accuracy and efficiency, which have been improved …",Bioengineering,Unknown,Unknown,Unclassified,2026-08-23 16:36:31,error,
P2,Transfer learning based heart valve disease classification from phonocardiogram signal,2023,"Maity, Arnab; Pathak, Akanksha; Saha, Goutam",19,"M Marocchi, L Abbott, Y Rong, S Nordholm…",Abnormal heart sound classification and model interpretability: A transfer learning approach with deep learning,2023.0,Journal of vascular …,mdpi.com,https://www.mdpi.com/2813-2475/2/4/34,"https://scholar.google.com/scholar?cites=12099828295427241669&as_sdt=80005&sciodt=0,11&hl=en",17,2026-08-23 16:36:31,HTML,,,,,,,,19,6.33,4,5,3.0,Physician detection of heart sound abnormality is complicated by the inherent difficulty of detecting critical abnormalities in the presence of noise. Computer-aided heart auscultation …,https://www.mdpi.com/2813-2475/2/4/34,"https://scholar.google.com/scholar?q=related:xTYpILo566cJ:scholar.google.com/&scioq=&hl=en&as_sdt=80005&sciodt=0,11",Abnormal heart sound classification and model interpretability: A transfer learning approach with deep learning,"M Marocchi, L Abbott, Y Rong, S Nordholm…",2023,Physician detection of heart sound abnormality is complicated by the inherent difficulty of detecting critical abnormalities in the presence of noise. Computer-aided heart auscultation …,Journal of vascular …,Unknown,Unknown,Unclassified,2026-08-23 16:36:31,error,
P2,Transfer learning based heart valve disease classification from phonocardiogram signal,2023,"Maity, Arnab; Pathak, Akanksha; Saha, Goutam",12,"A Rahdar, M Chahoushi, SA Ghorashi","Efficiently improving the Wi-Fi-based human activity recognition, using auditory features, autoencoders, and fine-tuning",2024.0,Computers in Biology and Medicine,Elsevier,https://www.sciencedirect.com/science/article/pii/S0010482524003160,"https://scholar.google.com/scholar?cites=14471818664355347381&as_sdt=80005&sciodt=0,11&hl=en",18,2026-08-23 16:36:31,HTML,,,,,,,,12,6.0,4,3,2.0,Human activity recognition (HAR) based on Wi-Fi signals has attracted significant attention due to its convenience and the availability of infrastructures and sensors. Channel State …,https://www.sciencedirect.com/science/article/pii/S0010482524003160,"https://scholar.google.com/scholar?q=related:tbvEdmY61sgJ:scholar.google.com/&scioq=&hl=en&as_sdt=80005&sciodt=0,11","Efficiently improving the Wi-Fi-based human activity recognition, using auditory features, autoencoders, and fine-tuning","A Rahdar, M Chahoushi, SA Ghorashi",2024,Human activity recognition (HAR) based on Wi-Fi signals has attracted significant attention due to its convenience and the availability of infrastructures and sensors. Channel State …,Computers in Biology and Medicine,Unknown,Unknown,Unclassified,2026-08-23 16:36:31,error,
P2,Transfer learning based heart valve disease classification from phonocardiogram signal,2023,"Maity, Arnab; Pathak, Akanksha; Saha, Goutam",14,"SA Singh, ND Devi, KN Singh, K Thongam…",An ensemble-based transfer learning model for predicting the imbalance heart sound signal using spectrogram images,2024.0,Multimedia Tools and …,Springer,https://link.springer.com/article/10.1007/s11042-023-17186-9,"https://scholar.google.com/scholar?cites=10849871588719315389&as_sdt=80005&sciodt=0,11&hl=en",19,2026-08-23 16:36:31,,10.1007/s11042-023-17186-9,,,,,,,14,7.0,3,5,2.0,"Heart sound signal analysis is an important area in healthcare, and the detection of imbalanced heart sounds can provide valuable diagnostic information. However, due to …",,"https://scholar.google.com/scholar?q=related:vck3kLl8kpYJ:scholar.google.com/&scioq=&hl=en&as_sdt=80005&sciodt=0,11",An ensemble-based transfer learning model for predicting the imbalance heart sound signal using spectrogram images,"SA Singh, ND Devi, KN Singh, K Thongam…",2024,"Heart sound signal analysis is an important area in healthcare, and the detection of imbalanced heart sounds can provide valuable diagnostic information. However, due to …",Multimedia Tools and …,Unknown,Unknown,Unclassified,2026-08-23 16:36:31,error,
P2,Transfer learning based heart valve disease classification from phonocardiogram signal,2023,"Maity, Arnab; Pathak, Akanksha; Saha, Goutam",10,"EIA El-Latif, NE El-Sayad, KK Mohammed…",VGGish transfer learning model for the efficient detection of payload weight of drones using Mel-spectrogram analysis,2024.0,Neural Computing and …,Springer,https://link.springer.com/article/10.1007/s00521-024-09661-7,"https://scholar.google.com/scholar?cites=10840247686210827446&as_sdt=80005&sciodt=0,11&hl=en",20,2026-08-23 16:36:31,HTML,10.1007/s00521-024-09661-7,,,,,,,10,5.0,3,4,2.0,This paper presents an accurate model for predicting different payload weights from 3DR SOLO drone acoustic emission. The dataset consists of eleven different payload weights …,https://link.springer.com/article/10.1007/s00521-024-09661-7,"https://scholar.google.com/scholar?q=related:trTYJdZLcJYJ:scholar.google.com/&scioq=&hl=en&as_sdt=80005&sciodt=0,11",VGGish transfer learning model for the efficient detection of payload weight of drones using Mel-spectrogram analysis,"EIA El-Latif, NE El-Sayad, KK Mohammed…",2024,This paper presents an accurate model for predicting different payload weights from 3DR SOLO drone acoustic emission. The dataset consists of eleven different payload weights …,Neural Computing and …,Unknown,Unknown,Unclassified,2026-08-23 16:36:31,error,
P2,Transfer learning based heart valve disease classification from phonocardiogram signal,2023,"Maity, Arnab; Pathak, Akanksha; Saha, Goutam",2,"P Yue, M Dong, Y Yang",Enhanced heart sound detection via multi-scale feature extraction and attention mechanism using pitch-shifting data augmentation,2025.0,Electronics,mdpi.com,https://www.mdpi.com/2079-9292/14/20/4092,"https://scholar.google.com/scholar?cites=11681253958525866513&as_sdt=80005&sciodt=0,11&hl=en",21,2026-08-23 16:36:31,HTML,,,,,,,,2,2.0,1,3,1.0,"Cardiovascular diseases pose a major global health threat, making early automated detection through heart sound analysis crucial for their prevention. However, existing deep …",https://www.mdpi.com/2079-9292/14/20/4092,"https://scholar.google.com/scholar?q=related:EVIP2ZUmHKIJ:scholar.google.com/&scioq=&hl=en&as_sdt=80005&sciodt=0,11",Enhanced heart sound detection via multi-scale feature extraction and attention mechanism using pitch-shifting data augmentation,"P Yue, M Dong, Y Yang",2025,"Cardiovascular diseases pose a major global health threat, making early automated detection through heart sound analysis crucial for their prevention. However, existing deep …",Electronics,Unknown,Unknown,Unclassified,2026-08-23 16:36:31,error,
P2,Transfer learning based heart valve disease classification from phonocardiogram signal,2023,"Maity, Arnab; Pathak, Akanksha; Saha, Goutam",11,"S Moturi, S Tata, S Katragadda…",Cnn-driven detection of abnormalities in pcg signals using gammatonegram analysis,2024.0,… for Women in …,ieeexplore.ieee.org,https://ieeexplore.ieee.org/abstract/document/10863151/,"https://scholar.google.com/scholar?cites=801042302456590167&as_sdt=80005&sciodt=0,11&hl=en",22,2026-08-23 16:36:31,,,,,,,,,11,5.5,3,4,2.0,"Phonocardiogram (PCG) signals carry essential data about heart health, offering significant potential for early disease detection. This study presents a method to identify heart …",,"https://scholar.google.com/scholar?q=related:V2_837rfHQsJ:scholar.google.com/&scioq=&hl=en&as_sdt=80005&sciodt=0,11",Cnn-driven detection of abnormalities in pcg signals using gammatonegram analysis,"S Moturi, S Tata, S Katragadda…",2024,"Phonocardiogram (PCG) signals carry essential data about heart health, offering significant potential for early disease detection. This study presents a method to identify heart …",… for Women in …,Unknown,Unknown,Unclassified,2026-08-23 16:36:31,error,
P2,Transfer learning based heart valve disease classification from phonocardiogram signal,2023,"Maity, Arnab; Pathak, Akanksha; Saha, Goutam",5,"B Satyasai, R Sharma",CM-VGG16: convMixer-enhanced VGG16 model for automatic detection of heart valve diseases from phonocardiogram signals,2024.0,IEEE Sensors Journal,ieeexplore.ieee.org,https://ieeexplore.ieee.org/abstract/document/10794609/,"https://scholar.google.com/scholar?cites=18041205777768532505&as_sdt=80005&sciodt=0,11&hl=en",23,2026-08-23 16:36:31,,,,,,,,,5,2.5,3,2,2.0,"The absence of medical resources at remote places prevents many patients from receiving a prompt and accurate diagnosis of cardiovascular disorders. To address this, we proposed a …",,"https://scholar.google.com/scholar?q=related:GUqehxE9X_oJ:scholar.google.com/&scioq=&hl=en&as_sdt=80005&sciodt=0,11",CM-VGG16: convMixer-enhanced VGG16 model for automatic detection of heart valve diseases from phonocardiogram signals,"B Satyasai, R Sharma",2024,"The absence of medical resources at remote places prevents many patients from receiving a prompt and accurate diagnosis of cardiovascular disorders. To address this, we proposed a …",IEEE Sensors Journal,Unknown,Unknown,Unclassified,2026-08-23 16:36:31,error,
P2,Transfer learning based heart valve disease classification from phonocardiogram signal,2023,"Maity, Arnab; Pathak, Akanksha; Saha, Goutam",3,"A Tena, I Juez-Garcia, ID Benítez, F Clariá…",Chronic obstructive pulmonary disease screening using time–frequency features of self-recorded respiratory sounds,2025.0,JAMIA …,academic.oup.com,https://academic.oup.com/jamiaopen/article-abstract/8/4/ooaf083/8222134,"https://scholar.google.com/scholar?cites=1057333301858055198&as_sdt=80005&sciodt=0,11&hl=en",24,2026-08-23 16:36:31,,,,,,,,,3,3.0,1,5,1.0,"Objectives Chronic obstructive pulmonary disease (COPD) is the third leading cause of death worldwide, with up to 70% of cases remaining undiagnosed. This paper proposes a …",https://academic.oup.com/jamiaopen/article/8/4/ooaf083/8222134,"https://scholar.google.com/scholar?q=related:HrRwOglnrA4J:scholar.google.com/&scioq=&hl=en&as_sdt=80005&sciodt=0,11",Chronic obstructive pulmonary disease screening using time–frequency features of self-recorded respiratory sounds,"A Tena, I Juez-Garcia, ID Benítez, F Clariá…",2025,"Objectives Chronic obstructive pulmonary disease (COPD) is the third leading cause of death worldwide, with up to 70% of cases remaining undiagnosed. This paper proposes a …",JAMIA …,Unknown,Unknown,Unclassified,2026-08-23 16:36:31,error,
P2,Transfer learning based heart valve disease classification from phonocardiogram signal,2023,"Maity, Arnab; Pathak, Akanksha; Saha, Goutam",10,"D Malleswari, BJ Vazram…",Chronicnet: Randome forest classifier-based chronic heart failure detection with CNN feature analysis,2024.0,2024 IEEE 13th …,ieeexplore.ieee.org,https://ieeexplore.ieee.org/abstract/document/10546191/,"https://scholar.google.com/scholar?cites=8578266193677658933&as_sdt=80005&sciodt=0,11&hl=en",25,2026-08-23 16:36:31,,,,,,,,,10,5.0,3,3,2.0,Chronic heart failure (CHF) is a common illness that affects the heart. The conventional machine learning and deep learning algorithms failed to identify CHF in the early stages. So …,,"https://scholar.google.com/scholar?q=related:NSvmTqcfDHcJ:scholar.google.com/&scioq=&hl=en&as_sdt=80005&sciodt=0,11",Chronicnet: Randome forest classifier-based chronic heart failure detection with CNN feature analysis,"D Malleswari, BJ Vazram…",2024,Chronic heart failure (CHF) is a common illness that affects the heart. The conventional machine learning and deep learning algorithms failed to identify CHF in the early stages. So …,2024 IEEE 13th …,Unknown,Unknown,Unclassified,2026-08-23 16:36:31,error,
P2,Transfer learning based heart valve disease classification from phonocardiogram signal,2023,"Maity, Arnab; Pathak, Akanksha; Saha, Goutam",6,"AU Dullah, AY Darmawan…",Extreme Gradient Boosting Model with SMOTE for Heart Disease Classification,2025.0,JISKA (Jurnal …,ejournal.uin-suka.ac.id,https://ejournal.uin-suka.ac.id/saintek/JISKA/article/view/4826,"https://scholar.google.com/scholar?cites=1381296531983779500&as_sdt=80005&sciodt=0,11&hl=en",26,2026-08-23 16:36:31,,,,,,,,,6,6.0,2,3,1.0,"Heart disease is one of the leading causes of death worldwide. According to data from the World Health Organisation (WHO), the number of victims who die from heart disease …",https://ejournal.uin-suka.ac.id/saintek/JISKA/article/download/4826/2865,"https://scholar.google.com/scholar?q=related:rEZfnuBZKxMJ:scholar.google.com/&scioq=&hl=en&as_sdt=80005&sciodt=0,11",Extreme Gradient Boosting Model with SMOTE for Heart Disease Classification,"AU Dullah, AY Darmawan…",2025,"Heart disease is one of the leading causes of death worldwide. According to data from the World Health Organisation (WHO), the number of victims who die from heart disease …",JISKA (Jurnal …,Unknown,Unknown,Unclassified,2026-08-23 16:36:31,error,
P2,Transfer learning based heart valve disease classification from phonocardiogram signal,2023,"Maity, Arnab; Pathak, Akanksha; Saha, Goutam",1,"Y Wang, R Dong, W Wang, T Guo, Y Tan",LeM-MARNet: A learnable mel multi-branch interpretable neural network for congenital heart disease detection,2026.0,Biomedical Signal Processing …,Elsevier,https://www.sciencedirect.com/science/article/pii/S1746809425018129,"https://scholar.google.com/scholar?cites=1058148911956856308&as_sdt=80005&sciodt=0,11&hl=en",27,2026-08-23 16:36:31,,,,,,,,,1,1.0,0,5,1.0,Automatic heart sound analysis is a non-invasive and efficient auxiliary screening method with significant implications for the early diagnosis of congenital heart disease (CHD). In …,,"https://scholar.google.com/scholar?q=related:9I2nQNRMrw4J:scholar.google.com/&scioq=&hl=en&as_sdt=80005&sciodt=0,11",LeM-MARNet: A learnable mel multi-branch interpretable neural network for congenital heart disease detection,"Y Wang, R Dong, W Wang, T Guo, Y Tan",2026,Automatic heart sound analysis is a non-invasive and efficient auxiliary screening method with significant implications for the early diagnosis of congenital heart disease (CHD). In …,Biomedical Signal Processing …,Unknown,Unknown,Unclassified,2026-08-23 16:36:31,error,
P2,Transfer learning based heart valve disease classification from phonocardiogram signal,2023,"Maity, Arnab; Pathak, Akanksha; Saha, Goutam",7,S ASHINIKUMAR SINGH…,Ensemble learning for accurate prediction of heart sounds using gammatonegram images,2024.0,Turkish Journal of …,journals.tubitak.gov.tr,https://journals.tubitak.gov.tr/elektrik/vol32/iss4/5/,"https://scholar.google.com/scholar?cites=4519701512856291975&as_sdt=80005&sciodt=0,11&hl=en",28,2026-08-23 16:36:31,,,,,,,,,7,3.5,4,2,2.0,"The analysis of heart sound signals constitutes a pivotal domain in healthcare, with the prediction of imbalanced heart sounds offering critical diagnostic insights. However, the …",https://journals.tubitak.gov.tr/cgi/viewcontent.cgi?article=4087&context=elektrik,"https://scholar.google.com/scholar?q=related:h0qYXJQ0uT4J:scholar.google.com/&scioq=&hl=en&as_sdt=80005&sciodt=0,11",Ensemble learning for accurate prediction of heart sounds using gammatonegram images,S ASHINIKUMAR SINGH…,2024,"The analysis of heart sound signals constitutes a pivotal domain in healthcare, with the prediction of imbalanced heart sounds offering critical diagnostic insights. However, the …",Turkish Journal of …,Unknown,Unknown,Unclassified,2026-08-23 16:36:31,error,
P2,Transfer learning based heart valve disease classification from phonocardiogram signal,2023,"Maity, Arnab; Pathak, Akanksha; Saha, Goutam",3,"M Ye, Y Li, D Wu, X Li, D Bi, Y Xie",Near-field millimeter-wave and visible image fusion via transfer learning,2025.0,Neural Networks,Elsevier,https://www.sciencedirect.com/science/article/pii/S0893608024007238,"https://scholar.google.com/scholar?cites=351180392184575751&as_sdt=80005&sciodt=0,11&hl=en",29,2026-08-23 16:36:31,,,,,,,,,3,3.0,1,6,1.0,"To facilitate penetrating-imaging oriented applications such as nondestructive internal defect detection and localization under obstructed environment, a novel pixel-level information …",,"https://scholar.google.com/scholar?q=related:B3c-wLSk3wQJ:scholar.google.com/&scioq=&hl=en&as_sdt=80005&sciodt=0,11",Near-field millimeter-wave and visible image fusion via transfer learning,"M Ye, Y Li, D Wu, X Li, D Bi, Y Xie",2025,"To facilitate penetrating-imaging oriented applications such as nondestructive internal defect detection and localization under obstructed environment, a novel pixel-level information …",Neural Networks,Unknown,Unknown,Unclassified,2026-08-23 16:36:31,error,
P2,Transfer learning based heart valve disease classification from phonocardiogram signal,2023,"Maity, Arnab; Pathak, Akanksha; Saha, Goutam",5,"R Shi, F Zhang, YJ Li",Lightweight network based features fusion for steel rolling ambient sound classification,2024.0,Engineering Applications of Artificial Intelligence,Elsevier,https://www.sciencedirect.com/science/article/pii/S0952197624005402,"https://scholar.google.com/scholar?cites=2586521914852518127&as_sdt=80005&sciodt=0,11&hl=en",30,2026-08-23 16:36:31,,,,,,,,,5,2.5,2,3,2.0,"With the intelligent development of industrial production, sound monitoring technology has been widely used to monitor the operation status of mechanical facilities, and this progress …",,"https://scholar.google.com/scholar?q=related:7yiMQvor5SMJ:scholar.google.com/&scioq=&hl=en&as_sdt=80005&sciodt=0,11",Lightweight network based features fusion for steel rolling ambient sound classification,"R Shi, F Zhang, YJ Li",2024,"With the intelligent development of industrial production, sound monitoring technology has been widely used to monitor the operation status of mechanical facilities, and this progress …",Engineering Applications of Artificial Intelligence,Unknown,Unknown,Unclassified,2026-08-23 16:36:31,error,
P2,Transfer learning based heart valve disease classification from phonocardiogram signal,2023,"Maity, Arnab; Pathak, Akanksha; Saha, Goutam",2,"L Abraham, S Coughlan, K Rajain, C Li…",SSC-UNet: UNet with Self-Supervised Contrastive Learning for Phonocardiography Noise Reduction,2025.0,… Conference on E …,ieeexplore.ieee.org,https://ieeexplore.ieee.org/abstract/document/11343609/,"https://scholar.google.com/scholar?cites=6191167618365589022&as_sdt=80005&sciodt=0,11&hl=en",31,2026-08-23 16:36:31,,,,,,,,,2,2.0,0,5,1.0,Congenital Heart Disease (CHD) remains a significant global health concern affecting approximately 1% of births worldwide. Phonocardiography has emerged as a …,https://arxiv.org/pdf/2601.10735,"https://scholar.google.com/scholar?q=related:HgaVjSVy61UJ:scholar.google.com/&scioq=&hl=en&as_sdt=80005&sciodt=0,11",SSC-UNet: UNet with Self-Supervised Contrastive Learning for Phonocardiography Noise Reduction,"L Abraham, S Coughlan, K Rajain, C Li…",2025,Congenital Heart Disease (CHD) remains a significant global health concern affecting approximately 1% of births worldwide. Phonocardiography has emerged as a …,… Conference on E …,Unknown,Unknown,Unclassified,2026-08-23 16:36:31,error,
P2,Transfer learning based heart valve disease classification from phonocardiogram signal,2023,"Maity, Arnab; Pathak, Akanksha; Saha, Goutam",0,"J Wang, A Fasana, Z Qiao, H He",Agent-guided pruning and quantization strategy for lightweight heart sound classification,2026.0,Biomedical Signal Processing and …,Elsevier,https://www.sciencedirect.com/science/article/pii/S1746809426016381,,32,2026-08-23 16:36:31,,,,,,,,,0,0.0,0,4,1.0,Heart sounds contain a wealth of physiological information about the heart. Automatic heart sound diagnosis plays an important role in the early detection of cardiovascular diseases …,,"https://scholar.google.com/scholar?q=related:uTNIJ_usAEMJ:scholar.google.com/&scioq=&hl=en&as_sdt=80005&sciodt=0,11",Agent-guided pruning and quantization strategy for lightweight heart sound classification,"J Wang, A Fasana, Z Qiao, H He",2026,Heart sounds contain a wealth of physiological information about the heart. Automatic heart sound diagnosis plays an important role in the early detection of cardiovascular diseases …,Biomedical Signal Processing and …,Unknown,Unknown,Unclassified,2026-08-23 16:36:31,error,
P2,Transfer learning based heart valve disease classification from phonocardiogram signal,2023,"Maity, Arnab; Pathak, Akanksha; Saha, Goutam",1,"J Liu, F Zhao, H Yang, Y Chen, W Wang",Detecting atrial fibrillation from heart sounds using dual-branch feature fusion and kolmogorov–arnold networks,2026.0,Applied Soft Computing,Elsevier,https://www.sciencedirect.com/science/article/pii/S1568494626003431,"https://scholar.google.com/scholar?cites=15599939086332800510&as_sdt=80005&sciodt=0,11&hl=en",33,2026-08-23 16:36:31,,,,,,,,,1,1.0,0,5,1.0,Atrial fibrillation (AF) is a prevalent cardiac arrhythmia associated with severe complications such as stroke and heart failure. Although electrocardiography (ECG) is the clinical gold …,,"https://scholar.google.com/scholar?q=related:_i2ZbvIdftgJ:scholar.google.com/&scioq=&hl=en&as_sdt=80005&sciodt=0,11",Detecting atrial fibrillation from heart sounds using dual-branch feature fusion and kolmogorov–arnold networks,"J Liu, F Zhao, H Yang, Y Chen, W Wang",2026,Atrial fibrillation (AF) is a prevalent cardiac arrhythmia associated with severe complications such as stroke and heart failure. Although electrocardiography (ECG) is the clinical gold …,Applied Soft Computing,Unknown,Unknown,Unclassified,2026-08-23 16:36:31,error,
P2,Transfer learning based heart valve disease classification from phonocardiogram signal,2023,"Maity, Arnab; Pathak, Akanksha; Saha, Goutam",0,"VO Idakwo, C Strote, C Goelz, Q Shafei…",Unimodal to multimodal: a systematic review of predictive machine learning models for valvular heart diseases,2026.0,Frontiers in …,frontiersin.org,https://www.frontiersin.org/journals/cardiovascular-medicine/articles/10.3389/fcvm.2026.1855775/full,,34,2026-08-23 16:36:31,,10.3389/fcvm.2026.1855775,,,,,,,0,0.0,0,5,1.0,Objectives We aimed to synthesize existing evidence on predictive machine learning (ML) models for valvular heart disease (VHD) and examine how these models have been applied …,https://www.frontiersin.org/journals/cardiovascular-medicine/articles/10.3389/fcvm.2026.1855775/pdf,"https://scholar.google.com/scholar?q=related:BYrSYnjqiJwJ:scholar.google.com/&scioq=&hl=en&as_sdt=80005&sciodt=0,11",Unimodal to multimodal: a systematic review of predictive machine learning models for valvular heart diseases,"VO Idakwo, C Strote, C Goelz, Q Shafei…",2026,Objectives We aimed to synthesize existing evidence on predictive machine learning (ML) models for valvular heart disease (VHD) and examine how these models have been applied …,Frontiers in …,Unknown,Unknown,Unclassified,2026-08-23 16:36:31,error,
P2,Transfer learning based heart valve disease classification from phonocardiogram signal,2023,"Maity, Arnab; Pathak, Akanksha; Saha, Goutam",3,"C Yin, Y Shi, Y Zheng, X Guo",Fast Convolution Compression Network for Coronary Artery Disease Detection Using Auscultation Signal,2025.0,IEEE Sensors Journal,ieeexplore.ieee.org,https://ieeexplore.ieee.org/abstract/document/10937299/,"https://scholar.google.com/scholar?cites=11121180268730888647&as_sdt=80005&sciodt=0,11&hl=en",35,2026-08-23 16:36:31,,,,,,,,,3,3.0,1,4,1.0,"Heart sound auscultation combined with deep learning is a common method for coronary artery disease (CAD) detection. However, current studies predominantly focus on improving …",,"https://scholar.google.com/scholar?q=related:x7HJKIheVpoJ:scholar.google.com/&scioq=&hl=en&as_sdt=80005&sciodt=0,11",Fast Convolution Compression Network for Coronary Artery Disease Detection Using Auscultation Signal,"C Yin, Y Shi, Y Zheng, X Guo",2025,"Heart sound auscultation combined with deep learning is a common method for coronary artery disease (CAD) detection. However, current studies predominantly focus on improving …",IEEE Sensors Journal,Unknown,Unknown,Unclassified,2026-08-23 16:36:31,error,
P2,Transfer learning based heart valve disease classification from phonocardiogram signal,2023,"Maity, Arnab; Pathak, Akanksha; Saha, Goutam",0,"A Al-Shanoon, ER Sykes, H Nazari",A systematic review of machine learning approaches for phonocardiogram classification,2026.0,Computer Methods in …,Taylor &Francis,https://www.tandfonline.com/doi/abs/10.1080/10255842.2026.2690183,,36,2026-08-23 16:36:31,,10.1080/10255842.2026.2690183,,,,,,,0,0.0,0,3,1.0,"Recent advances in machine learning (ML) have accelerated automated analysis of phonocardiogram (PCG) signals, yet prior surveys often narrow their scope (eg omitting …",https://www.tandfonline.com/doi/pdf/10.1080/10255842.2026.2690183,"https://scholar.google.com/scholar?q=related:w509rZ_lLYQJ:scholar.google.com/&scioq=&hl=en&as_sdt=80005&sciodt=0,11",A systematic review of machine learning approaches for phonocardiogram classification,"A Al-Shanoon, ER Sykes, H Nazari",2026,"Recent advances in machine learning (ML) have accelerated automated analysis of phonocardiogram (PCG) signals, yet prior surveys often narrow their scope (eg omitting …",Computer Methods in …,Unknown,Unknown,Unclassified,2026-08-23 16:36:31,error,
P2,Transfer learning based heart valve disease classification from phonocardiogram signal,2023,"Maity, Arnab; Pathak, Akanksha; Saha, Goutam",2,"X Ma, X Su, H Ge, Y Chen",PCG-based exercise fatigue detection method using multi-scale feature fusion model,2026.0,Computer Methods in Biomechanics …,Taylor &Francis,https://www.tandfonline.com/doi/abs/10.1080/10255842.2024.2406369,"https://scholar.google.com/scholar?cites=2571293385756072857&as_sdt=80005&sciodt=0,11&hl=en",37,2026-08-23 16:36:31,,10.1080/10255842.2024.2406369,,,,,,,2,2.0,1,4,1.0,Accurate detection of exercise fatigue based on physiological signals is vital for reasonable physical activity. Existing studies utilize widely Electrocardiogram (ECG) signals to achieve …,,"https://scholar.google.com/scholar?q=related:mVtNB7YRryMJ:scholar.google.com/&scioq=&hl=en&as_sdt=80005&sciodt=0,11",PCG-based exercise fatigue detection method using multi-scale feature fusion model,"X Ma, X Su, H Ge, Y Chen",2026,Accurate detection of exercise fatigue based on physiological signals is vital for reasonable physical activity. Existing studies utilize widely Electrocardiogram (ECG) signals to achieve …,Computer Methods in Biomechanics …,Unknown,Unknown,Unclassified,2026-08-23 16:36:31,error,
P2,Transfer learning based heart valve disease classification from phonocardiogram signal,2023,"Maity, Arnab; Pathak, Akanksha; Saha, Goutam",1,"X Liu, Y Yang, L Yang, X Yang, C Zheng",Heart sound classification based on improved GFCC features and multi-attention fusion convolutional neural networks,2026.0,Biomedical Signal Processing …,Elsevier,https://www.sciencedirect.com/science/article/pii/S1746809426012127,"https://scholar.google.com/scholar?cites=8467129620630728448&as_sdt=80005&sciodt=0,11&hl=en",38,2026-08-23 16:36:31,,,,,,,,,1,1.0,0,5,1.0,"AbstractMonitoring heart sound signals is a crucial method for evaluating heart health and preventing cardiovascular diseases, and computer-aided diagnosis plays an essential role …",https://papers.ssrn.com/sol3/Delivery.cfm?abstractid=4925275,"https://scholar.google.com/scholar?q=related:AO_heIdJgXUJ:scholar.google.com/&scioq=&hl=en&as_sdt=80005&sciodt=0,11",Heart sound classification based on improved GFCC features and multi-attention fusion convolutional neural networks,"X Liu, Y Yang, L Yang, X Yang, C Zheng",2026,"AbstractMonitoring heart sound signals is a crucial method for evaluating heart health and preventing cardiovascular diseases, and computer-aided diagnosis plays an essential role …",Biomedical Signal Processing …,Unknown,Unknown,Unclassified,2026-08-23 16:36:31,error,
P2,Transfer learning based heart valve disease classification from phonocardiogram signal,2023,"Maity, Arnab; Pathak, Akanksha; Saha, Goutam",2,"N Gawande, D Goyal, K Sankhla",Generative Adversarial Network Based Improved Transfer Learning Models for Chronic Heart Failure Detection.,2025.0,Ingénierie des Systèmes d' …,openurl.ebsco.com,https://openurl.ebsco.com/contentitem/gcd:185427278?sid=ebsco:plink:crawler-gcd&id=ebsco:gcd:185427278&crl=c&jrnl=16331311,"https://scholar.google.com/scholar?cites=1401587648716443057&as_sdt=80005&sciodt=0,11&hl=en",39,2026-08-23 16:36:31,,,,,,,,,2,2.0,1,3,1.0,Chronic heart failure (CHF) detection remains a critical challenge in healthcare due to its complex and multifactorial nature. Heart sound analysis serves an important part in …,,"https://scholar.google.com/scholar?q=related:sY1RY4pwcxMJ:scholar.google.com/&scioq=&hl=en&as_sdt=80005&sciodt=0,11",Generative Adversarial Network Based Improved Transfer Learning Models for Chronic Heart Failure Detection.,"N Gawande, D Goyal, K Sankhla",2025,Chronic heart failure (CHF) detection remains a critical challenge in healthcare due to its complex and multifactorial nature. Heart sound analysis serves an important part in …,Ingénierie des Systèmes d' …,Unknown,Unknown,Unclassified,2026-08-23 16:36:31,error,
P2,Transfer learning based heart valve disease classification from phonocardiogram signal,2023,"Maity, Arnab; Pathak, Akanksha; Saha, Goutam",2,"M Sondermann, P Bisgin, N Tschorn…",Comparative Analysis of CNN and Transformer Architectures with Heart Cycle Normalization for Automated Phonocardiogram Classification,2025.0,2025 47th Annual …,ieeexplore.ieee.org,https://ieeexplore.ieee.org/abstract/document/11251770/,"https://scholar.google.com/scholar?cites=8933164787016429668&as_sdt=80005&sciodt=0,11&hl=en",40,2026-08-23 16:36:31,,,,,,,,,2,2.0,1,4,1.0,The automated classification of phonocardiogram (PCG) recordings represents a substantial advancement in cardiovascular diagnostics. This paper presents a systematic comparison of …,https://arxiv.org/pdf/2507.07058,"https://scholar.google.com/scholar?q=related:ZHAkOgv6-HsJ:scholar.google.com/&scioq=&hl=en&as_sdt=80005&sciodt=0,11",Comparative Analysis of CNN and Transformer Architectures with Heart Cycle Normalization for Automated Phonocardiogram Classification,"M Sondermann, P Bisgin, N Tschorn…",2025,The automated classification of phonocardiogram (PCG) recordings represents a substantial advancement in cardiovascular diagnostics. This paper presents a systematic comparison of …,2025 47th Annual …,Unknown,Unknown,Unclassified,2026-08-23 16:36:31,error,
P2,Transfer learning based heart valve disease classification from phonocardiogram signal,2023,"Maity, Arnab; Pathak, Akanksha; Saha, Goutam",0,"A Adjal, I Bendib, MY Haouam, A Meraoumia…",Automatic Detection of Abnormal Heart Sounds Using Deep Audio Embeddings from Unsegmented PCG Signals,2026.0,SN Computer …,Springer,https://link.springer.com/article/10.1007/s42979-026-04897-7,,41,2026-08-23 16:36:31,,10.1007/s42979-026-04897-7,,,,,,,0,0.0,0,5,1.0,"Cardiovascular diseases (CVDs) remain the leading cause of mortality worldwide, highlighting the need for early, accurate, and accessible diagnostic methods …",,"https://scholar.google.com/scholar?q=related:ciXsl3Ut9k4J:scholar.google.com/&scioq=&hl=en&as_sdt=80005&sciodt=0,11",Automatic Detection of Abnormal Heart Sounds Using Deep Audio Embeddings from Unsegmented PCG Signals,"A Adjal, I Bendib, MY Haouam, A Meraoumia…",2026,"Cardiovascular diseases (CVDs) remain the leading cause of mortality worldwide, highlighting the need for early, accurate, and accessible diagnostic methods …",SN Computer …,Unknown,Unknown,Unclassified,2026-08-23 16:36:31,error,
P2,Transfer learning based heart valve disease classification from phonocardiogram signal,2023,"Maity, Arnab; Pathak, Akanksha; Saha, Goutam",0,"F Tadjeddine, DSM El Amine…",A hybrid discrete wavelet transform (DWT)-principal component analysis (PCA) approach for discriminative feature selection in heart valve diseases,2026.0,Journal of Medical …,Taylor &Francis,https://www.tandfonline.com/doi/abs/10.1080/03091902.2025.2570161,,42,2026-08-23 16:36:31,,10.1080/03091902.2025.2570161,,,,,,,0,0.0,0,3,1.0,"Phonocardiography (PCG) plays a fundamental role in the diagnosis of heart valve diseases, but it has certain limitations. The signals are often affected by noise and variations …",,"https://scholar.google.com/scholar?q=related:61uQKzy0n_MJ:scholar.google.com/&scioq=&hl=en&as_sdt=80005&sciodt=0,11",A hybrid discrete wavelet transform (DWT)-principal component analysis (PCA) approach for discriminative feature selection in heart valve diseases,"F Tadjeddine, DSM El Amine…",2026,"Phonocardiography (PCG) plays a fundamental role in the diagnosis of heart valve diseases, but it has certain limitations. The signals are often affected by noise and variations …",Journal of Medical …,Unknown,Unknown,Unclassified,2026-08-23 16:36:31,error,
P2,Transfer learning based heart valve disease classification from phonocardiogram signal,2023,"Maity, Arnab; Pathak, Akanksha; Saha, Goutam",3,"P Priyadarshinee, BT Balamurali…",Towards smartphone-based heart sound classification,2024.0,2024 International …,ieeexplore.ieee.org,https://ieeexplore.ieee.org/abstract/document/10631587/,"https://scholar.google.com/scholar?cites=2489766868657048862&as_sdt=80005&sciodt=0,11&hl=en",43,2026-08-23 16:36:31,,,,,,,,,3,1.5,1,3,2.0,"Globally prevalent, cardiovascular diseases (CVD) result in high annual mortality rates. Heart auscultation, though accessible and non-invasive, is a difficult skill to acquire for …",,"https://scholar.google.com/scholar?q=related:Hg3Xk8ZtjSIJ:scholar.google.com/&scioq=&hl=en&as_sdt=80005&sciodt=0,11",Towards smartphone-based heart sound classification,"P Priyadarshinee, BT Balamurali…",2024,"Globally prevalent, cardiovascular diseases (CVD) result in high annual mortality rates. Heart auscultation, though accessible and non-invasive, is a difficult skill to acquire for …",2024 International …,Unknown,Unknown,Unclassified,2026-08-23 16:36:31,error,
P2,Transfer learning based heart valve disease classification from phonocardiogram signal,2023,"Maity, Arnab; Pathak, Akanksha; Saha, Goutam",0,"M Marocchi, M Fynn, K Mandana, Y Rong",Scaling to Multimodal and Multichannel Heart Sound Classification with Synthetic and Augmented Biosignals,2025.0,arXiv preprint arXiv …,arxiv.org,https://arxiv.org/abs/2509.11606,,44,2026-08-23 16:36:31,,,,,,,,,0,0.0,0,4,1.0,"Cardiovascular diseases (CVDs) are the leading cause of death worldwide, accounting for approximately 17.9 million deaths each year. Early detection is critical, creating a demand …",https://arxiv.org/pdf/2509.11606?,"https://scholar.google.com/scholar?q=related:C-M67Npg7bEJ:scholar.google.com/&scioq=&hl=en&as_sdt=80005&sciodt=0,11",Scaling to Multimodal and Multichannel Heart Sound Classification with Synthetic and Augmented Biosignals,"M Marocchi, M Fynn, K Mandana, Y Rong",2025,"Cardiovascular diseases (CVDs) are the leading cause of death worldwide, accounting for approximately 17.9 million deaths each year. Early detection is critical, creating a demand …",arXiv preprint arXiv …,Unknown,Unknown,Unclassified,2026-08-23 16:36:31,error,
P2,Transfer learning based heart valve disease classification from phonocardiogram signal,2023,"Maity, Arnab; Pathak, Akanksha; Saha, Goutam",4,"SA Singh, SA Singh, AD Singh",Enhancing imbalanced heart sound classification through transfer learning and gammatonegram image analysis,2023.0,,assets-eu.researchsquare.com,https://assets-eu.researchsquare.com/files/rs-3530451/v1_covered_57e3494b-18d9-45f8-8e25-c6a3c2a30b97.pdf,"https://scholar.google.com/scholar?cites=17719178718697005683&as_sdt=80005&sciodt=0,11&hl=en",45,2026-08-23 16:36:31,PDF,,,,,,,,4,1.33,1,3,3.0,"Cardiovascular diseases remain the foremost global cause of mortality, necessitating timely and accurate diagnosis. Auscultation, relying on a physician's expertise and a stethoscope …",https://assets-eu.researchsquare.com/files/rs-3530451/v1_covered_57e3494b-18d9-45f8-8e25-c6a3c2a30b97.pdf,"https://scholar.google.com/scholar?q=related:c6KYFyor5_UJ:scholar.google.com/&scioq=&hl=en&as_sdt=80005&sciodt=0,11",Enhancing imbalanced heart sound classification through transfer learning and gammatonegram image analysis,"SA Singh, SA Singh, AD Singh",2023,"Cardiovascular diseases remain the foremost global cause of mortality, necessitating timely and accurate diagnosis. Auscultation, relying on a physician's expertise and a stethoscope …",Unknown,Unknown,Unknown,Unclassified,2026-08-23 16:36:31,error,
P2,Transfer learning based heart valve disease classification from phonocardiogram signal,2023,"Maity, Arnab; Pathak, Akanksha; Saha, Goutam",4,"A Maity, G Saha",Time-frequency fragment selection for disease detection from imbalanced phonocardiogram data,2023.0,… 45th Annual International Conference of the …,ieeexplore.ieee.org,https://ieeexplore.ieee.org/abstract/document/10339998/,"https://scholar.google.com/scholar?cites=5608458272427036001&as_sdt=80005&sciodt=0,11&hl=en",46,2026-08-23 16:36:31,,,,,,,,,4,1.33,2,2,3.0,"Cardiovascular disease (CVD) has become the most concerning disease worldwide. A Phonocardiogram (PCG), the graphical representation of heart sound, is a non-invasive …",https://microsites.arinex.com.au/EMBC/pdf/full-paper_1197.pdf,"https://scholar.google.com/scholar?q=related:YU2deRU_1U0J:scholar.google.com/&scioq=&hl=en&as_sdt=80005&sciodt=0,11",Time-frequency fragment selection for disease detection from imbalanced phonocardiogram data,"A Maity, G Saha",2023,"Cardiovascular disease (CVD) has become the most concerning disease worldwide. A Phonocardiogram (PCG), the graphical representation of heart sound, is a non-invasive …",… 45th Annual International Conference of the …,Unknown,Unknown,Unclassified,2026-08-23 16:36:31,error,
P2,Transfer learning based heart valve disease classification from phonocardiogram signal,2023,"Maity, Arnab; Pathak, Akanksha; Saha, Goutam",0,"A Maity, S Sinha, M Fynn, M Marocchi…",Multistage Fusion Framework for Coronary Artery Disease Detection from Multichannel Phonocardiogram,2025.0,… Conference on Pattern …,Springer,https://link.springer.com/chapter/10.1007/978-3-032-18480-1_17,,47,2026-08-23 16:36:31,,10.1007/978-3-032-18480-1_17,,,,,,,0,0.0,0,5,1.0,"Coronary artery disease (CAD) remains one of the leading causes of mortality worldwide. Phonocardiogram (PCG) signals offer a non-invasive, affordable, and accessible means for …",https://ddfe.curtin.edu.au/yurong/PReMI.pdf,"https://scholar.google.com/scholar?q=related:Er56hOt3oLAJ:scholar.google.com/&scioq=&hl=en&as_sdt=80005&sciodt=0,11",Multistage Fusion Framework for Coronary Artery Disease Detection from Multichannel Phonocardiogram,"A Maity, S Sinha, M Fynn, M Marocchi…",2025,"Coronary artery disease (CAD) remains one of the leading causes of mortality worldwide. Phonocardiogram (PCG) signals offer a non-invasive, affordable, and accessible means for …",… Conference on Pattern …,Unknown,Unknown,Unclassified,2026-08-23 16:36:31,error,
P2,Transfer learning based heart valve disease classification from phonocardiogram signal,2023,"Maity, Arnab; Pathak, Akanksha; Saha, Goutam",0,"M Marocchi, M Fynn, Y Rong",Fine-Tuning of Wav2Vec 2.0 for Multimodal Classification of Abnormal Heart Sounds,2025.0,2025 47th Annual International …,ieeexplore.ieee.org,https://ieeexplore.ieee.org/abstract/document/11251626/,,48,2026-08-23 16:36:31,,,,,,,,,0,0.0,0,3,1.0,"Cardiovascular diseases (CVDs) are the leading cause of death, resulting in approximately 17.9 million deaths every year. Treatment of CVDs is most effective when detected early …",https://ddfe.curtin.edu.au/yurong/EMBC_Marocchi.pdf,"https://scholar.google.com/scholar?q=related:TmkX0OUcRmQJ:scholar.google.com/&scioq=&hl=en&as_sdt=80005&sciodt=0,11",Fine-Tuning of Wav2Vec 2.0 for Multimodal Classification of Abnormal Heart Sounds,"M Marocchi, M Fynn, Y Rong",2025,"Cardiovascular diseases (CVDs) are the leading cause of death, resulting in approximately 17.9 million deaths every year. Treatment of CVDs is most effective when detected early …",2025 47th Annual International …,Unknown,Unknown,Unclassified,2026-08-23 16:36:31,error,
P2,Transfer learning based heart valve disease classification from phonocardiogram signal,2023,"Maity, Arnab; Pathak, Akanksha; Saha, Goutam",0,"M Fynn, M Marocchi, A Maity…",Non-Invasive Detection of Coronary Artery Disease and Valvular Disorders Using a Multichannel PCG Vest,2025.0,2025 47th Annual …,ieeexplore.ieee.org,https://ieeexplore.ieee.org/abstract/document/11254510/,,49,2026-08-23 16:36:31,,,,,,,,,0,0.0,0,4,1.0,"Coronary artery disease (CAD) and valvular heart disorder (VHD) are major categories of cardiovascular disease (CVD), the leading cause of mortality and morbidity worldwide. CAD …",https://ddfe.curtin.edu.au/yurong/EMBC_Fynn.pdf,"https://scholar.google.com/scholar?q=related:4sD5EdYcbscJ:scholar.google.com/&scioq=&hl=en&as_sdt=80005&sciodt=0,11",Non-Invasive Detection of Coronary Artery Disease and Valvular Disorders Using a Multichannel PCG Vest,"M Fynn, M Marocchi, A Maity…",2025,"Coronary artery disease (CAD) and valvular heart disorder (VHD) are major categories of cardiovascular disease (CVD), the leading cause of mortality and morbidity worldwide. CAD …",2025 47th Annual …,Unknown,Unknown,Unclassified,2026-08-23 16:36:31,error,
P2,Transfer learning based heart valve disease classification from phonocardiogram signal,2023,"Maity, Arnab; Pathak, Akanksha; Saha, Goutam",0,"Y Zeng, Y Chen, Y Wu, W Feng",Recent Advances in Deep Learning for Phonocardiogram Signal Analysis,2026.0,2026 International Annual …,ieeexplore.ieee.org,https://ieeexplore.ieee.org/abstract/document/11584950/,,50,2026-08-23 16:36:31,,,,,,,,,0,0.0,0,4,1.0,"Phonocardiogram (PCG) analysis has emerged as a promising approach for low-cost, non-invasive cardiovascular screening. Recent deep learning methods have substantially …",,"https://scholar.google.com/scholar?q=related:OTP7PIN_vR8J:scholar.google.com/&scioq=&hl=en&as_sdt=80005&sciodt=0,11",Recent Advances in Deep Learning for Phonocardiogram Signal Analysis,"Y Zeng, Y Chen, Y Wu, W Feng",2026,"Phonocardiogram (PCG) analysis has emerged as a promising approach for low-cost, non-invasive cardiovascular screening. Recent deep learning methods have substantially …",2026 International Annual …,Unknown,Unknown,Unclassified,2026-08-23 16:36:31,error,
P2,Transfer learning based heart valve disease classification from phonocardiogram signal,2023,"Maity, Arnab; Pathak, Akanksha; Saha, Goutam",0,"AN Netto, L Abraham, S Philip",A Transfer Learning Based Transformer Model for Early Detection of Congenital,2025.0,Information System Design …,books.google.com,https://books.google.com/books?hl=en&lr=&id=ra-ZEQAAQBAJ&oi=fnd&pg=PA264&ots=IvJ_S9_oyK&sig=Gb6iF4V6y2MahhZbc9ZMBAgzIcc,,51,2026-08-23 16:36:31,,,,,,,,,0,0.0,0,3,1.0,Cardiac auscultation is the simplest and first-line method for detecting cardiac disorders. Congenital Heart Disease (CHD) detection in paediatric patients using the auscultation …,,"https://scholar.google.com/scholar?q=related:_jMfwdaI0zQJ:scholar.google.com/&scioq=&hl=en&as_sdt=80005&sciodt=0,11",A Transfer Learning Based Transformer Model for Early Detection of Congenital,"AN Netto, L Abraham, S Philip",2025,Cardiac auscultation is the simplest and first-line method for detecting cardiac disorders. Congenital Heart Disease (CHD) detection in paediatric patients using the auscultation …,Information System Design …,Unknown,Unknown,Unclassified,2026-08-23 16:36:31,error,
P2,Transfer learning based heart valve disease classification from phonocardiogram signal,2023,"Maity, Arnab; Pathak, Akanksha; Saha, Goutam",1,"王永威, 魏德健, 曹慧, 姜良",深度学习在心力衰竭检测中的应用综述.,2025.0,… of Frontiers of Computer Science & …,sciengine.com,https://www.sciengine.com/doi/10.3778/j.issn.1673-9418.2403063,"https://scholar.google.com/scholar?cites=14222275385198437054&as_sdt=80005&sciodt=0,11&hl=en",52,2026-08-23 16:36:31,,10.3778/j.issn.1673-9418.2403063,,,,,,,1,1.0,0,4,1.0,"随着生物医学技术的发展, 利用生物信号进行心力衰竭的早期诊断已成为提高患者生存率和降低治疗成本的关键策略. 在此背景下, 深度学习技术的迅猛发展为心力衰竭检测开辟了新路径 …",https://www.sciengine.com/doi/pdf/21B446BEF7974C1099B30C879F3D78D2,"https://scholar.google.com/scholar?q=related:vuKIKBysX8UJ:scholar.google.com/&scioq=&hl=en&as_sdt=80005&sciodt=0,11",深度学习在心力衰竭检测中的应用综述.,"王永威, 魏德健, 曹慧, 姜良",2025,"随着生物医学技术的发展, 利用生物信号进行心力衰竭的早期诊断已成为提高患者生存率和降低治疗成本的关键策略. 在此背景下, 深度学习技术的迅猛发展为心力衰竭检测开辟了新路径 …",… of Frontiers of Computer Science & …,Unknown,Unknown,Unclassified,2026-08-23 16:36:31,error,
P2,Transfer learning based heart valve disease classification from phonocardiogram signal,2023,"Maity, Arnab; Pathak, Akanksha; Saha, Goutam",0,JFT Fernandes,Support System for the Diagnosis of Vocal Pathologies,2025.0,,repositorio-aberto.up.pt,https://repositorio-aberto.up.pt/bitstream/10216/172289/2/755654.pdf,,53,2026-08-23 16:36:31,PDF,,,,,,,,0,0.0,0,1,1.0,Diagnosis of voice disorders usually involves invasive techniques and requires coordinated action by multidisciplinary teams. The application of an automatic method based on speech …,https://repositorio-aberto.up.pt/bitstream/10216/172289/2/755654.pdf,"https://scholar.google.com/scholar?q=related:TXDMyE0CfB4J:scholar.google.com/&scioq=&hl=en&as_sdt=80005&sciodt=0,11",Support System for the Diagnosis of Vocal Pathologies,JFT Fernandes,2025,Diagnosis of voice disorders usually involves invasive techniques and requires coordinated action by multidisciplinary teams. The application of an automatic method based on speech …,Unknown,Unknown,Unknown,Unclassified,2026-08-23 16:36:31,error,
P2,Transfer learning based heart valve disease classification from phonocardiogram signal,2023,"Maity, Arnab; Pathak, Akanksha; Saha, Goutam",0,"AN Netto, L Abraham, S Philip",A Transfer Learning Based Transformer Model for Early Detection of Congenital Heart Disease,2025.0,Proceedings of Eighth International …,Springer,https://link.springer.com/chapter/10.1007/978-981-96-9242-2_20,,54,2026-08-23 16:36:31,,10.1007/978-981-96-9242-2_20,,,,,,,0,0.0,0,3,1.0,Cardiac auscultation is the simplest and first-line method for detecting cardiac disorders. Congenital Heart Disease (CHD) detection in paediatric patients using the auscultation …,,"https://scholar.google.com/scholar?q=related:3UDkJdG0PVYJ:scholar.google.com/&scioq=&hl=en&as_sdt=80005&sciodt=0,11",A Transfer Learning Based Transformer Model for Early Detection of Congenital Heart Disease,"AN Netto, L Abraham, S Philip",2025,Cardiac auscultation is the simplest and first-line method for detecting cardiac disorders. Congenital Heart Disease (CHD) detection in paediatric patients using the auscultation …,Proceedings of Eighth International …,Unknown,Unknown,Unclassified,2026-08-23 16:36:31,error,
P2,Transfer learning based heart valve disease classification from phonocardiogram signal,2023,"Maity, Arnab; Pathak, Akanksha; Saha, Goutam",0,MNR AbuMoammar,Machine Learning Approaches for Identifying Pathological Conditions in Phonocardiographic Data,2025.0,,assets-eu.researchsquare.com,https://assets-eu.researchsquare.com/files/rs-8174759/v1_covered_72d8fdd9-dd92-4d4a-9f74-52a9e8339de2.pdf,,55,2026-08-23 16:36:31,PDF,,,,,,,,0,0.0,0,1,1.0,"A single PCG signal is subjected to 39 filters as part of the approach, producing 39 processed signals. Six signals are obtained from each of the first 39 signals using …",https://assets-eu.researchsquare.com/files/rs-8174759/v1_covered_72d8fdd9-dd92-4d4a-9f74-52a9e8339de2.pdf,"https://scholar.google.com/scholar?q=related:iirgC5ie5uwJ:scholar.google.com/&scioq=&hl=en&as_sdt=80005&sciodt=0,11",Machine Learning Approaches for Identifying Pathological Conditions in Phonocardiographic Data,MNR AbuMoammar,2025,"A single PCG signal is subjected to 39 filters as part of the approach, producing 39 processed signals. Six signals are obtained from each of the first 39 signals using …",Unknown,Unknown,Unknown,Unclassified,2026-08-23 16:36:31,error,
P2,Transfer learning based heart valve disease classification from phonocardiogram signal,2023,"Maity, Arnab; Pathak, Akanksha; Saha, Goutam",0,"JFT Fernandes, JV Pinto, CP Moura…",Nonperiodic Pathologic Voice Signals Classification Using Mel-Spectrogram,2026.0,"… ), February 13-14 …",books.google.com,https://books.google.com/books?hl=en&lr=&id=P5mlEQAAQBAJ&oi=fnd&pg=PA3&ots=bujGkalpCC&sig=qfo0_RIFVdfEKvPDwlAatWZSdL4,,56,2026-08-23 16:36:31,,,,,,,,,0,0.0,0,4,1.0,There are various reasons to analyse voice acoustic signals. The human voice has been demonstrated to include a wealth of information regarding a person's general health and …,,"https://scholar.google.com/scholar?q=related:AlKOzXO2jfQJ:scholar.google.com/&scioq=&hl=en&as_sdt=80005&sciodt=0,11",Nonperiodic Pathologic Voice Signals Classification Using Mel-Spectrogram,"JFT Fernandes, JV Pinto, CP Moura…",2026,There are various reasons to analyse voice acoustic signals. The human voice has been demonstrated to include a wealth of information regarding a person's general health and …,"… ), February 13-14 …",Unknown,Unknown,Unclassified,2026-08-23 16:36:31,error,
P2,Transfer learning based heart valve disease classification from phonocardiogram signal,2023,"Maity, Arnab; Pathak, Akanksha; Saha, Goutam",1,"AR Rashwan, L El Fangary…",Predicting heart disease using modified GoogLeNet convolutional neural network architecture based on the heart sound,2023.0,Information Sciences …,naturalspublishing.com,https://www.naturalspublishing.com/files/published/x33lk029v7r88r.pdf,"https://scholar.google.com/scholar?cites=4507832581171642552&as_sdt=80005&sciodt=0,11&hl=en",57,2026-08-23 16:36:31,PDF,,,,,,,,1,0.33,0,3,3.0,"Based on the data of the world health organization (WHO), diagnosing heart disease is a great task, as heart disease (HD) is the most prevalent disease worldwide. We suggested a …",https://www.naturalspublishing.com/files/published/x33lk029v7r88r.pdf,"https://scholar.google.com/scholar?q=related:uACrW9kJjz4J:scholar.google.com/&scioq=&hl=en&as_sdt=80005&sciodt=0,11",Predicting heart disease using modified GoogLeNet convolutional neural network architecture based on the heart sound,"AR Rashwan, L El Fangary…",2023,"Based on the data of the world health organization (WHO), diagnosing heart disease is a great task, as heart disease (HD) is the most prevalent disease worldwide. We suggested a …",Information Sciences …,Unknown,Unknown,Unclassified,2026-08-23 16:36:31,error,
P2,Transfer learning based heart valve disease classification from phonocardiogram signal,2023,"Maity, Arnab; Pathak, Akanksha; Saha, Goutam",0,"JFT Fernandes, JV Pinto, CP Moura, H Vilarinho…",Nonperiodic Pathologic Voice Signals Classification Using Mel-Spectrogram and VGGish,2025.0,"… Transition, Health, and …",Springer,https://link.springer.com/chapter/10.1007/978-3-031-94901-2_1,,58,2026-08-23 16:36:31,,10.1007/978-3-031-94901-2_1,,,,,,,0,0.0,0,5,1.0,"In this work and the literature, voice signals can be classified as periodic (type 1) or either some periodicity (type 2) and chaos (type 3). This work aims to classify signs into types 1, 2 …",,"https://scholar.google.com/scholar?q=related:nBDpO1QgZJgJ:scholar.google.com/&scioq=&hl=en&as_sdt=80005&sciodt=0,11",Nonperiodic Pathologic Voice Signals Classification Using Mel-Spectrogram and VGGish,"JFT Fernandes, JV Pinto, CP Moura, H Vilarinho…",2025,"In this work and the literature, voice signals can be classified as periodic (type 1) or either some periodicity (type 2) and chaos (type 3). This work aims to classify signs into types 1, 2 …","… Transition, Health, and …",Unknown,Unknown,Unclassified,2026-08-23 16:36:31,error,
P2,Transfer learning based heart valve disease classification from phonocardiogram signal,2023,"Maity, Arnab; Pathak, Akanksha; Saha, Goutam",0,"C Boz, Y Koçyiğit",Multi-Class Heart Sounds Classification Using Machine Learning and Transfer Learning Approaches,2025.0,2025 33rd Signal Processing and …,ieeexplore.ieee.org,https://ieeexplore.ieee.org/abstract/document/11112497/,,59,2026-08-23 16:36:31,,,,,,,,,0,0.0,0,2,1.0,Early detection and accurate diagnosis of cardiovascular diseases (CVDs) are of great importance for public health. This study examines machine learning and transfer learning …,,"https://scholar.google.com/scholar?q=related:jNGuiTRPZlAJ:scholar.google.com/&scioq=&hl=en&as_sdt=80005&sciodt=0,11",Multi-Class Heart Sounds Classification Using Machine Learning and Transfer Learning Approaches,"C Boz, Y Koçyiğit",2025,Early detection and accurate diagnosis of cardiovascular diseases (CVDs) are of great importance for public health. This study examines machine learning and transfer learning …,2025 33rd Signal Processing and …,Unknown,Unknown,Unclassified,2026-08-23 16:36:31,error,
P2,Transfer learning based heart valve disease classification from phonocardiogram signal,2023,"Maity, Arnab; Pathak, Akanksha; Saha, Goutam",0,"M Cui, Z Zhao",CRAFNet: A CNN–Transformer Hybrid Network with Integrated Attention Mechanisms for Heart Sound Classification,2025.0,2025 5th International Conference on Artificial …,ieeexplore.ieee.org,https://ieeexplore.ieee.org/abstract/document/11183177/,,60,2026-08-23 16:36:31,,,,,,,,,0,0.0,0,2,1.0,"As a non-invasive and low-cost diagnostic approach, phonocardiogram (PCG) is widely acknowledged for its effectiveness in facilitating the detection of heart diseases. To enhance …",,"https://scholar.google.com/scholar?q=related:t0cceimG96sJ:scholar.google.com/&scioq=&hl=en&as_sdt=80005&sciodt=0,11",CRAFNet: A CNN–Transformer Hybrid Network with Integrated Attention Mechanisms for Heart Sound Classification,"M Cui, Z Zhao",2025,"As a non-invasive and low-cost diagnostic approach, phonocardiogram (PCG) is widely acknowledged for its effectiveness in facilitating the detection of heart diseases. To enhance …",2025 5th International Conference on Artificial …,Unknown,Unknown,Unclassified,2026-08-23 16:36:31,error,
P2,Transfer learning based heart valve disease classification from phonocardiogram signal,2023,"Maity, Arnab; Pathak, Akanksha; Saha, Goutam",0,"B Kaushal, R Jegan, S Raveendran…",Cardiovascular Disease Detection Using Deep Learning and Nature-Inspired Optimization Algorithm,2024.0,AI and IoT …,books.google.com,https://books.google.com/books?hl=en&lr=&id=PvD8EAAAQBAJ&oi=fnd&pg=PA142&ots=jiZyVD1otb&sig=0JiyBpFDA3fCjcbJVXcF0vXt-v0,,61,2026-08-23 16:36:31,,,,,,,,,0,0.0,0,4,2.0,"As per the fact sheet produced by WHO, the cause of the majority of global deaths is cardiovascular diseases (CVDs). In 2019, around 17.9 million people died because of …",,"https://scholar.google.com/scholar?q=related:CF9VZRAr2-gJ:scholar.google.com/&scioq=&hl=en&as_sdt=80005&sciodt=0,11",Cardiovascular Disease Detection Using Deep Learning and Nature-Inspired Optimization Algorithm,"B Kaushal, R Jegan, S Raveendran…",2024,"As per the fact sheet produced by WHO, the cause of the majority of global deaths is cardiovascular diseases (CVDs). In 2019, around 17.9 million people died because of …",AI and IoT …,Unknown,Unknown,Unclassified,2026-08-23 16:36:31,error,
P2,Transfer learning based heart valve disease classification from phonocardiogram signal,2023,"Maity, Arnab; Pathak, Akanksha; Saha, Goutam",0,"AS Crisostomo, CC Chaguile…",Classification of Diseases Based on the Symptoms Using Machine Learning,2023.0,2023 IEEE 15th …,ieeexplore.ieee.org,https://ieeexplore.ieee.org/abstract/document/10589127/,,62,2026-08-23 16:36:31,,,,,,,,,0,0.0,0,3,3.0,"Disease classification plays a crucial role in the field of healthcare, aiding in accurate diagnosis and timely treatment. With the advancements in technology, machine learning …",,"https://scholar.google.com/scholar?q=related:3wAasfNW-N4J:scholar.google.com/&scioq=&hl=en&as_sdt=80005&sciodt=0,11",Classification of Diseases Based on the Symptoms Using Machine Learning,"AS Crisostomo, CC Chaguile…",2023,"Disease classification plays a crucial role in the field of healthcare, aiding in accurate diagnosis and timely treatment. With the advancements in technology, machine learning …",2023 IEEE 15th …,Unknown,Unknown,Unclassified,2026-08-23 16:36:31,error,
P2,Transfer learning based heart valve disease classification from phonocardiogram signal,2023,"Maity, Arnab; Pathak, Akanksha; Saha, Goutam",0,"S Arora, S Jain, I Chana",PREDICTING CARDIAC HEALTH USING SUB-COMPONENT OF A PHONOCARDIOGRAM,2024.0,Journal of Mechanics in Medicine and …,World Scientific,https://www.worldscientific.com/doi/abs/10.1142/S0219519423500987,,63,2026-08-23 16:36:31,,10.1142/S0219519423500987,,,,,,,0,0.0,0,3,2.0,"There has been a steady rise in the number of deaths throughout the world due to heart diseases. This can be mitigated, to a large extent, if cardiovascular disorders can be …",,"https://scholar.google.com/scholar?q=related:M9iEetOxTbYJ:scholar.google.com/&scioq=&hl=en&as_sdt=80005&sciodt=0,11",PREDICTING CARDIAC HEALTH USING SUB-COMPONENT OF A PHONOCARDIOGRAM,"S Arora, S Jain, I Chana",2024,"There has been a steady rise in the number of deaths throughout the world due to heart diseases. This can be mitigated, to a large extent, if cardiovascular disorders can be …",Journal of Mechanics in Medicine and …,Unknown,Unknown,Unclassified,2026-08-23 16:36:31,error,
P2,Transfer learning based heart valve disease classification from phonocardiogram signal,2023,"Maity, Arnab; Pathak, Akanksha; Saha, Goutam",0,"FM Shiria, T Perumala, N Mustaphaa, R Mohameda",A Comprehensive Overview and Comparative Analysis on Deep Learning Models,,arxiv.org,,https://arxiv.org/vc/arxiv/papers/2305/2305.17473v3.pdf,,64,2026-08-23 16:36:31,PDF,,,,,,,,0,0.0,0,4,,"Deep learning (DL) has emerged as a powerful subset of machine learning (ML) and artificial intelligence (AI), outperforming traditional ML methods, especially in handling …",https://arxiv.org/vc/arxiv/papers/2305/2305.17473v3.pdf,"https://scholar.google.com/scholar?q=related:Blz0DLvxixcJ:scholar.google.com/&scioq=&hl=en&as_sdt=80005&sciodt=0,11",A Comprehensive Overview and Comparative Analysis on Deep Learning Models,"FM Shiria, T Perumala, N Mustaphaa, R Mohameda",0,"Deep learning (DL) has emerged as a powerful subset of machine learning (ML) and artificial intelligence (AI), outperforming traditional ML methods, especially in handling …",arxiv.org,Unknown,Unknown,Unclassified,2026-08-23 16:36:31,error,
P2,Transfer learning based heart valve disease classification from phonocardiogram signal,2023,"Maity, Arnab; Pathak, Akanksha; Saha, Goutam",0,AF Gündüz,Kardiyovasküler Rahatsızlıkların Yapay Öğrenme Yöntemleriyle Teşhisi,2023.0,,search.proquest.com,https://search.proquest.com/openview/7a9d5ad0d7cdd888cff25d386366f241/1?pq-origsite=gscholar&cbl=2026366&diss=y,,65,2026-08-23 16:36:31,,,,,,,,,0,0.0,0,1,3.0,Oskültasyon ve fonokardiyografi kalp seslerinin analizi için uzun yıllardan beri kullanılan yöntemlerdir. Hekimlerin kalp seslerini dinleyerek teşhis yapması ise dinleyicinin yeterli …,,"https://scholar.google.com/scholar?q=related:f5Aw8kK17RIJ:scholar.google.com/&scioq=&hl=en&as_sdt=80005&sciodt=0,11",Kardiyovasküler Rahatsızlıkların Yapay Öğrenme Yöntemleriyle Teşhisi,AF Gündüz,2023,Oskültasyon ve fonokardiyografi kalp seslerinin analizi için uzun yıllardan beri kullanılan yöntemlerdir. Hekimlerin kalp seslerini dinleyerek teşhis yapması ise dinleyicinin yeterli …,Unknown,Unknown,Unknown,Unclassified,2026-08-23 16:36:31,error,
P2,Transfer learning based heart valve disease classification from phonocardiogram signal,2023,"Maity, Arnab; Pathak, Akanksha; Saha, Goutam",1,"J MOHAMMED, EI Abd El-Latif, NE El-Sayad…",Internet of Things,,Remote Patient Monitoring Using …,,,"https://scholar.google.com/scholar?cites=9735518848718662199&as_sdt=80005&sciodt=0,11&hl=en",66,2026-08-23 16:36:31,CITATION,,,,,,,,1,0.0,0,4,,,,"https://scholar.google.com/scholar?q=related:N-r-2c-CG4cJ:scholar.google.com/&scioq=&hl=en&as_sdt=80005&sciodt=0,11",Internet of Things,"J MOHAMMED, EI Abd El-Latif, NE El-Sayad…",0,,Remote Patient Monitoring Using …,Unknown,Unknown,Unclassified,2026-08-23 16:36:31,error,
P2,Transfer learning based heart valve disease classification from phonocardiogram signal,2023,"Maity, Arnab; Pathak, Akanksha; Saha, Goutam",0,"L Arshada, J Mira",Investigation of Audio Features for Heart Murmur Detection and Classification,2024.0,Organized by: The Benazir Bhutto Shaheed University …,,,,67,2026-08-23 16:36:31,CITATION,,,,,,,,0,0.0,0,2,2.0,,,"https://scholar.google.com/scholar?q=related:Hc6mpk1guLQJ:scholar.google.com/&scioq=&hl=en&as_sdt=80005&sciodt=0,11",Investigation of Audio Features for Heart Murmur Detection and Classification,"L Arshada, J Mira",2024,,Organized by: The Benazir Bhutto Shaheed University …,Unknown,Unknown,Unclassified,2026-08-23 16:36:31,error,
P3,Fragment-level classification of ECG arrhythmia using wavelet scattering transform,2023,"Nahak, Sudestna; Pathak, Akanksha; Saha, Goutam",121,"A Ameen, IE Fattoh, T Abd El-Hafeez, K Ahmed",Advances in ECG and PCG-based cardiovascular disease classification: a review of deep learning and machine learning methods,2024.0,Journal of Big Data,Springer,https://link.springer.com/article/10.1186/s40537-024-01011-7,"https://scholar.google.com/scholar?cites=14665993497898194139&as_sdt=80005&sciodt=0,11&hl=en",1,2026-08-23 16:37:38,HTML,10.1186/s40537-024-01011-7,,,,,,,121,60.5,30,4,2.0,"Cardiovascular diseases (CVD) have been found to be prevalent in society, frequently ending in death. According to the findings of a recent survey, the mortality rate is increasing …",https://link.springer.com/article/10.1186/s40537-024-01011-7,"https://scholar.google.com/scholar?q=related:2xRp8GETiMsJ:scholar.google.com/&scioq=&hl=en&as_sdt=80005&sciodt=0,11",Advances in ECG and PCG-based cardiovascular disease classification: a review of deep learning and machine learning methods,"A Ameen, IE Fattoh, T Abd El-Hafeez, K Ahmed",2024,"Cardiovascular diseases (CVD) have been found to be prevalent in society, frequently ending in death. According to the findings of a recent survey, the mortality rate is increasing …",Journal of Big Data,Unknown,Unknown,Unclassified,2026-08-23 16:37:38,error,
P3,Fragment-level classification of ECG arrhythmia using wavelet scattering transform,2023,"Nahak, Sudestna; Pathak, Akanksha; Saha, Goutam",27,"J Rahul, LD Sharma",Advancements in AI for cardiac arrhythmia detection: a comprehensive overview,2025.0,Computer Science Review,Elsevier,https://www.sciencedirect.com/science/article/pii/S1574013724001023,"https://scholar.google.com/scholar?cites=12337191947319635695&as_sdt=80005&sciodt=0,11&hl=en",2,2026-08-23 16:37:38,HTML,,,,,,,,27,27.0,14,2,1.0,"Cardiovascular diseases (CVDs) are a global health concern, demanding advanced healthcare solutions. Accurate identification of CVDs via electrocardiogram (ECG) analysis …",https://www.sciencedirect.com/science/article/pii/S1574013724001023,"https://scholar.google.com/scholar?q=related:7-7L-bWCNqsJ:scholar.google.com/&scioq=&hl=en&as_sdt=80005&sciodt=0,11",Advancements in AI for cardiac arrhythmia detection: a comprehensive overview,"J Rahul, LD Sharma",2025,"Cardiovascular diseases (CVDs) are a global health concern, demanding advanced healthcare solutions. Accurate identification of CVDs via electrocardiogram (ECG) analysis …",Computer Science Review,Unknown,Unknown,Unclassified,2026-08-23 16:37:38,error,
P3,Fragment-level classification of ECG arrhythmia using wavelet scattering transform,2023,"Nahak, Sudestna; Pathak, Akanksha; Saha, Goutam",58,"A Sun, W Hong, J Li, J Mao",An arrhythmia classification model based on a CNN-LSTM-SE algorithm,2024.0,Sensors,mdpi.com,https://www.mdpi.com/1424-8220/24/19/6306,"https://scholar.google.com/scholar?cites=12717887416636641360&as_sdt=80005&sciodt=0,11&hl=en",3,2026-08-23 16:37:38,HTML,,,,,,,,58,29.0,15,4,2.0,"Arrhythmia is the main cause of sudden cardiac death, and ECG signal analysis is a common method for the noninvasive diagnosis of arrhythmia. In this paper, we propose an …",https://www.mdpi.com/1424-8220/24/19/6306,"https://scholar.google.com/scholar?q=related:UJAJIjkDf7AJ:scholar.google.com/&scioq=&hl=en&as_sdt=80005&sciodt=0,11",An arrhythmia classification model based on a CNN-LSTM-SE algorithm,"A Sun, W Hong, J Li, J Mao",2024,"Arrhythmia is the main cause of sudden cardiac death, and ECG signal analysis is a common method for the noninvasive diagnosis of arrhythmia. In this paper, we propose an …",Sensors,Unknown,Unknown,Unclassified,2026-08-23 16:37:38,error,
P3,Fragment-level classification of ECG arrhythmia using wavelet scattering transform,2023,"Nahak, Sudestna; Pathak, Akanksha; Saha, Goutam",30,"S Lamba, S Kumar, M Diwakar",FADLEC: feature extraction and arrhythmia classification using deep learning from electrocardiograph signals,2025.0,Discover Artificial Intelligence,Springer,https://link.springer.com/article/10.1007/s44163-025-00290-0,"https://scholar.google.com/scholar?cites=16552714447726040499&as_sdt=80005&sciodt=0,11&hl=en",4,2026-08-23 16:37:38,HTML,10.1007/s44163-025-00290-0,,,,,,,30,30.0,10,3,1.0,Classifying arrhythmia is an essential step in the diagnosis and monitoring of cardiovascular illness. Deep learning (DL) models are trained on the electro-cardiogram recordings found …,https://link.springer.com/article/10.1007/s44163-025-00290-0,"https://scholar.google.com/scholar?q=related:s9UvFRcOt-UJ:scholar.google.com/&scioq=&hl=en&as_sdt=80005&sciodt=0,11",FADLEC: feature extraction and arrhythmia classification using deep learning from electrocardiograph signals,"S Lamba, S Kumar, M Diwakar",2025,Classifying arrhythmia is an essential step in the diagnosis and monitoring of cardiovascular illness. Deep learning (DL) models are trained on the electro-cardiogram recordings found …,Discover Artificial Intelligence,Unknown,Unknown,Unclassified,2026-08-23 16:37:38,error,
P3,Fragment-level classification of ECG arrhythmia using wavelet scattering transform,2023,"Nahak, Sudestna; Pathak, Akanksha; Saha, Goutam",33,"G Fu, J Zheng, I Abudayyeh, C Ani, C Rakovski…",CardioGPT: An ECG interpretation generation model,2024.0,IEEE …,ieeexplore.ieee.org,https://ieeexplore.ieee.org/document/10488393/;,"https://scholar.google.com/scholar?cites=11997763655395339855&as_sdt=80005&sciodt=0,11&hl=en",5,2026-08-23 16:37:38,,,,,,,,,33,16.5,6,6,2.0,Numerous supervised learning models aimed at classifying 12-lead electrocardiograms into different groups have shown impressive performance by utilizing deep learning algorithms …,https://ieeexplore.ieee.org/iel7/6287639/6514899/10488393.pdf,"https://scholar.google.com/scholar?q=related:T27uSnqegKYJ:scholar.google.com/&scioq=&hl=en&as_sdt=80005&sciodt=0,11",CardioGPT: An ECG interpretation generation model,"G Fu, J Zheng, I Abudayyeh, C Ani, C Rakovski…",2024,Numerous supervised learning models aimed at classifying 12-lead electrocardiograms into different groups have shown impressive performance by utilizing deep learning algorithms …,IEEE …,Unknown,Unknown,Unclassified,2026-08-23 16:37:38,error,
P3,Fragment-level classification of ECG arrhythmia using wavelet scattering transform,2023,"Nahak, Sudestna; Pathak, Akanksha; Saha, Goutam",28,"J Hua, M Su, J Wu, Y Zhou, Y Guo, Y Shi, L Pan",Wearable cuffless blood pressure monitoring: From flexible electronics to machine learning,2024.0,Wearable Electronics,Elsevier,https://www.sciencedirect.com/science/article/pii/S2950235724000064,"https://scholar.google.com/scholar?cites=2625497291810234789&as_sdt=80005&sciodt=0,11&hl=en",6,2026-08-23 16:37:38,HTML,,,,,,,,28,14.0,4,7,2.0,Hypertension significantly contributes to the widespread occurrence of cardiovascular disease globally. Routine portable blood pressure monitoring is crucial for the prevention …,https://www.sciencedirect.com/science/article/pii/S2950235724000064,"https://scholar.google.com/scholar?q=related:pWEZXeCjbyQJ:scholar.google.com/&scioq=&hl=en&as_sdt=80005&sciodt=0,11",Wearable cuffless blood pressure monitoring: From flexible electronics to machine learning,"J Hua, M Su, J Wu, Y Zhou, Y Guo, Y Shi, L Pan",2024,Hypertension significantly contributes to the widespread occurrence of cardiovascular disease globally. Routine portable blood pressure monitoring is crucial for the prevention …,Wearable Electronics,Unknown,Unknown,Unclassified,2026-08-23 16:37:38,error,
P3,Fragment-level classification of ECG arrhythmia using wavelet scattering transform,2023,"Nahak, Sudestna; Pathak, Akanksha; Saha, Goutam",16,"L Fan, B Chen, X Zeng, J Zhou, X Zhang",Knowledge-enhanced meta-transfer learning for few-shot ECG signal classification,2025.0,Expert Systems with Applications,Elsevier,https://www.sciencedirect.com/science/article/pii/S0957417424026319,"https://scholar.google.com/scholar?cites=17119331747889405433&as_sdt=80005&sciodt=0,11&hl=en",7,2026-08-23 16:37:38,,,,,,,,,16,16.0,3,5,1.0,Electrocardiogram (ECG) classification aims to identify abnormal cardiac activity that may result in severe damage. The challenge lies in the significant variability among individuals …,,"https://scholar.google.com/scholar?q=related:-d0DyYUVlO0J:scholar.google.com/&scioq=&hl=en&as_sdt=80005&sciodt=0,11",Knowledge-enhanced meta-transfer learning for few-shot ECG signal classification,"L Fan, B Chen, X Zeng, J Zhou, X Zhang",2025,Electrocardiogram (ECG) classification aims to identify abnormal cardiac activity that may result in severe damage. The challenge lies in the significant variability among individuals …,Expert Systems with Applications,Unknown,Unknown,Unclassified,2026-08-23 16:37:38,error,
P3,Fragment-level classification of ECG arrhythmia using wavelet scattering transform,2023,"Nahak, Sudestna; Pathak, Akanksha; Saha, Goutam",11,"S Nahak, G Saha",Analysis and classification of beat-level ECG arrhythmia using WST-inspired CNN framework,2025.0,Biomedical Signal Processing and Control,Elsevier,https://www.sciencedirect.com/science/article/pii/S1746809425005427,"https://scholar.google.com/scholar?cites=18249724844809179797&as_sdt=80005&sciodt=0,11&hl=en",8,2026-08-23 16:37:38,,,,,,,,,11,11.0,6,2,1.0,Cardiac arrhythmia (ARR) is a major contributor to cardiovascular disease (CVD)-related fatalities worldwide. Electrocardiogram (ECG) signals play a crucial role in diagnosing and …,,"https://scholar.google.com/scholar?q=related:ldJ4Hw4MRP0J:scholar.google.com/&scioq=&hl=en&as_sdt=80005&sciodt=0,11",Analysis and classification of beat-level ECG arrhythmia using WST-inspired CNN framework,"S Nahak, G Saha",2025,Cardiac arrhythmia (ARR) is a major contributor to cardiovascular disease (CVD)-related fatalities worldwide. Electrocardiogram (ECG) signals play a crucial role in diagnosing and …,Biomedical Signal Processing and Control,Unknown,Unknown,Unclassified,2026-08-23 16:37:38,error,
P3,Fragment-level classification of ECG arrhythmia using wavelet scattering transform,2023,"Nahak, Sudestna; Pathak, Akanksha; Saha, Goutam",22,"Y He, Y Ma, K Huang, L Wang, J Zhang",Abnormal data detection and recovery of sensors network based on spatiotemporal deep learning methodology,2024.0,Measurement,Elsevier,https://www.sciencedirect.com/science/article/pii/S0263224124002525,"https://scholar.google.com/scholar?cites=2891423393906398230&as_sdt=80005&sciodt=0,11&hl=en",9,2026-08-23 16:37:38,,,,,,,,,22,11.0,4,5,2.0,This paper proposes a novel deep-learning-enabled framework for abnormal data detection and recovery considering spatial-temporal correlation among sensors. The wavelet …,,"https://scholar.google.com/scholar?q=related:FpQL4UFmICgJ:scholar.google.com/&scioq=&hl=en&as_sdt=80005&sciodt=0,11",Abnormal data detection and recovery of sensors network based on spatiotemporal deep learning methodology,"Y He, Y Ma, K Huang, L Wang, J Zhang",2024,This paper proposes a novel deep-learning-enabled framework for abnormal data detection and recovery considering spatial-temporal correlation among sensors. The wavelet …,Measurement,Unknown,Unknown,Unclassified,2026-08-23 16:37:38,error,
P3,Fragment-level classification of ECG arrhythmia using wavelet scattering transform,2023,"Nahak, Sudestna; Pathak, Akanksha; Saha, Goutam",12,"Y Liu, B Zhang, F Kong, B Wang, C Luo, L Ma",Underwater acoustic classification using wavelet scattering transform and convolutional neural network with limited dataset,2025.0,Applied Acoustics,Elsevier,https://www.sciencedirect.com/science/article/pii/S0003682X25000362,"https://scholar.google.com/scholar?cites=7880288945087188306&as_sdt=80005&sciodt=0,11&hl=en",10,2026-08-23 16:37:38,,,,,,,,,12,12.0,2,6,1.0,"Underwater acoustic signal classification plays a pivotal role in maritime applications, requiring accurately identifying various acoustic sources in complex underwater …",https://papers.ssrn.com/sol3/Delivery.cfm?abstractid=4958514,"https://scholar.google.com/scholar?q=related:Ug1cQwtpXG0J:scholar.google.com/&scioq=&hl=en&as_sdt=80005&sciodt=0,11",Underwater acoustic classification using wavelet scattering transform and convolutional neural network with limited dataset,"Y Liu, B Zhang, F Kong, B Wang, C Luo, L Ma",2025,"Underwater acoustic signal classification plays a pivotal role in maritime applications, requiring accurately identifying various acoustic sources in complex underwater …",Applied Acoustics,Unknown,Unknown,Unclassified,2026-08-23 16:37:38,error,
P3,Fragment-level classification of ECG arrhythmia using wavelet scattering transform,2023,"Nahak, Sudestna; Pathak, Akanksha; Saha, Goutam",6,"M Rayhan, I Abubakar, G Ranjan, J Sopanen…",Open access datasets for active magnetic bearing high-speed machinery,2025.0,IEEE …,ieeexplore.ieee.org,https://ieeexplore.ieee.org/abstract/document/11071710/,"https://scholar.google.com/scholar?cites=3841100451153383395&as_sdt=80005&sciodt=0,11&hl=en",11,2026-08-23 16:37:38,,,,,,,,,6,6.0,1,5,1.0,"There is a notable shift towards data-based research, with an increasing emphasis on openly sharing research datasets. This trend aligns with the principles of open access (OA) …",https://ieeexplore.ieee.org/iel8/6287639/6514899/11071710.pdf,"https://scholar.google.com/scholar?q=related:4w-XYYJUTjUJ:scholar.google.com/&scioq=&hl=en&as_sdt=80005&sciodt=0,11",Open access datasets for active magnetic bearing high-speed machinery,"M Rayhan, I Abubakar, G Ranjan, J Sopanen…",2025,"There is a notable shift towards data-based research, with an increasing emphasis on openly sharing research datasets. This trend aligns with the principles of open access (OA) …",IEEE …,Unknown,Unknown,Unclassified,2026-08-23 16:37:38,error,
P3,Fragment-level classification of ECG arrhythmia using wavelet scattering transform,2023,"Nahak, Sudestna; Pathak, Akanksha; Saha, Goutam",19,"J Lee, M Shin",Using beat score maps with successive segmentation for ECG classification without R-peak detection,2024.0,Biomedical Signal Processing and Control,Elsevier,https://www.sciencedirect.com/science/article/pii/S1746809424000405,"https://scholar.google.com/scholar?cites=16581857782385045845&as_sdt=80005&sciodt=0,11&hl=en",12,2026-08-23 16:37:38,HTML,,,,,,,,19,9.5,10,2,2.0,"As a primary indicator for cardiovascular diseases, the electrocardiogram (ECG) is commonly used for arrhythmia classification. Many related studies emphasize that the R …",https://www.sciencedirect.com/science/article/pii/S1746809424000405,"https://scholar.google.com/scholar?q=related:VXEbc8yXHuYJ:scholar.google.com/&scioq=&hl=en&as_sdt=80005&sciodt=0,11",Using beat score maps with successive segmentation for ECG classification without R-peak detection,"J Lee, M Shin",2024,"As a primary indicator for cardiovascular diseases, the electrocardiogram (ECG) is commonly used for arrhythmia classification. Many related studies emphasize that the R …",Biomedical Signal Processing and Control,Unknown,Unknown,Unclassified,2026-08-23 16:37:38,error,
P3,Fragment-level classification of ECG arrhythmia using wavelet scattering transform,2023,"Nahak, Sudestna; Pathak, Akanksha; Saha, Goutam",8,"H Sun, D Luo, X Niu, X Zeng, B Zheng, H Liu…",Classification algorithms in automatic diagnosis of ECG arrhythmias: A review,2024.0,IEEE Access,ieeexplore.ieee.org,https://ieeexplore.ieee.org/abstract/document/10804109/,"https://scholar.google.com/scholar?cites=1730407988806257052&as_sdt=80005&sciodt=0,11&hl=en",13,2026-08-23 16:37:38,,,,,,,,,8,4.0,1,7,2.0,"ECG (Electrocardiogram), the most commonly used tool in the diagnosis of cardiac diseases, contains a large amount of physiologic information about the electrical activity of …",https://ieeexplore.ieee.org/iel8/6287639/6514899/10804109.pdf,"https://scholar.google.com/scholar?q=related:nIlL0eWkAxgJ:scholar.google.com/&scioq=&hl=en&as_sdt=80005&sciodt=0,11",Classification algorithms in automatic diagnosis of ECG arrhythmias: A review,"H Sun, D Luo, X Niu, X Zeng, B Zheng, H Liu…",2024,"ECG (Electrocardiogram), the most commonly used tool in the diagnosis of cardiac diseases, contains a large amount of physiologic information about the electrical activity of …",IEEE Access,Unknown,Unknown,Unclassified,2026-08-23 16:37:38,error,
P3,Fragment-level classification of ECG arrhythmia using wavelet scattering transform,2023,"Nahak, Sudestna; Pathak, Akanksha; Saha, Goutam",3,"S Devikala, S Vinoth, SM Shaby…",A Multi-Component Attention Graph Convolutional Neural Network Optimized by the Gooseneck Barnacle Algorithm for High-Precision ECG Arrhythmia Classification …,2026.0,… Signal Processing and …,Elsevier,https://www.sciencedirect.com/science/article/pii/S1746809425013771,"https://scholar.google.com/scholar?cites=17748578616936164364&as_sdt=80005&sciodt=0,11&hl=en",14,2026-08-23 16:37:38,,,,,,,,,3,3.0,1,4,1.0,"This paper proposes a novel method, MCAGNN-GBA-ECG (Multi-Component Attention Graph Convolutional Neural Network optimized by the Gooseneck Barnacle Algorithm), for …",,"https://scholar.google.com/scholar?q=related:DOySUjeeT_YJ:scholar.google.com/&scioq=&hl=en&as_sdt=80005&sciodt=0,11",A Multi-Component Attention Graph Convolutional Neural Network Optimized by the Gooseneck Barnacle Algorithm for High-Precision ECG Arrhythmia Classification …,"S Devikala, S Vinoth, SM Shaby…",2026,"This paper proposes a novel method, MCAGNN-GBA-ECG (Multi-Component Attention Graph Convolutional Neural Network optimized by the Gooseneck Barnacle Algorithm), for …",… Signal Processing and …,Unknown,Unknown,Unclassified,2026-08-23 16:37:38,error,
P3,Fragment-level classification of ECG arrhythmia using wavelet scattering transform,2023,"Nahak, Sudestna; Pathak, Akanksha; Saha, Goutam",4,"M Afnouch, S Dammak, O Gaddour, M Almutiq…",TECC: Transformer-enabled electrocardiogram classification for accurate heart disease detection,2025.0,… Experiments and Design,Springer,https://link.springer.com/article/10.1007/s41939-025-01060-2,"https://scholar.google.com/scholar?cites=5116018748057985634&as_sdt=80005&sciodt=0,11&hl=en",15,2026-08-23 16:37:38,,10.1007/s41939-025-01060-2,,,,,,,4,4.0,1,5,1.0,"Electrocardiogram signals play a crucial role in the early prevention and diagnosis of cardiovascular diseases. ECG signals can be used for the diagnosis of various diseases, but …",https://www.researchgate.net/profile/Marwa_Afnouch/publication/396240246_TECC_Transformer-enabled_electrocardiogram_classification_for_accurate_heart_disease_detection/links/6932ab5ba1fd0179890513ae/TECC-Transformer-enabled-electrocardiogram-classification-for-accurate-heart-disease-detection.pdf,"https://scholar.google.com/scholar?q=related:YiI8DvK__0YJ:scholar.google.com/&scioq=&hl=en&as_sdt=80005&sciodt=0,11",TECC: Transformer-enabled electrocardiogram classification for accurate heart disease detection,"M Afnouch, S Dammak, O Gaddour, M Almutiq…",2025,"Electrocardiogram signals play a crucial role in the early prevention and diagnosis of cardiovascular diseases. ECG signals can be used for the diagnosis of various diseases, but …",… Experiments and Design,Unknown,Unknown,Unclassified,2026-08-23 16:37:38,error,
P3,Fragment-level classification of ECG arrhythmia using wavelet scattering transform,2023,"Nahak, Sudestna; Pathak, Akanksha; Saha, Goutam",19,"O Manta, M Sarafidis, W Schlee, B Mazurek…",Development of machine-learning models for tinnitus-related distress classification using wavelet-transformed auditory evoked potential signals and clinical …,2023.0,Journal of Clinical …,mdpi.com,https://www.mdpi.com/2077-0383/12/11/3843,"https://scholar.google.com/scholar?cites=16777792059357136352&as_sdt=80005&sciodt=0,11&hl=en",16,2026-08-23 16:37:38,HTML,,,,,,,,19,6.33,4,5,3.0,"Tinnitus is a highly prevalent condition, affecting more than 1 in 7 adults in the EU and causing negative effects on sufferers' quality of life. In this study, we utilised data collected …",https://www.mdpi.com/2077-0383/12/11/3843,"https://scholar.google.com/scholar?q=related:4AVaRfyw1ugJ:scholar.google.com/&scioq=&hl=en&as_sdt=80005&sciodt=0,11",Development of machine-learning models for tinnitus-related distress classification using wavelet-transformed auditory evoked potential signals and clinical …,"O Manta, M Sarafidis, W Schlee, B Mazurek…",2023,"Tinnitus is a highly prevalent condition, affecting more than 1 in 7 adults in the EU and causing negative effects on sufferers' quality of life. In this study, we utilised data collected …",Journal of Clinical …,Unknown,Unknown,Unclassified,2026-08-23 16:37:38,error,
P3,Fragment-level classification of ECG arrhythmia using wavelet scattering transform,2023,"Nahak, Sudestna; Pathak, Akanksha; Saha, Goutam",7,"LH Wang, CX Xie, T Yang, HX Tan, MH Fan, IC Kuo…",recorded ECG digitization method with automatic reference voltage selection for telemonitoring and diagnosis,2024.0,Diagnostics,mdpi.com,https://www.mdpi.com/2075-4418/14/17/1910,"https://scholar.google.com/scholar?cites=12269291396849422850&as_sdt=80005&sciodt=0,11&hl=en",17,2026-08-23 16:37:38,HTML,,,,,,,,7,3.5,1,7,2.0,"In electrocardiograms (ECGs), multiple forms of encryption and preservation formats create difficulties for data sharing and retrospective disease analysis. Additionally, photography …",https://www.mdpi.com/2075-4418/14/17/1910,"https://scholar.google.com/scholar?q=related:AlL3GoVHRaoJ:scholar.google.com/&scioq=&hl=en&as_sdt=80005&sciodt=0,11",recorded ECG digitization method with automatic reference voltage selection for telemonitoring and diagnosis,"LH Wang, CX Xie, T Yang, HX Tan, MH Fan, IC Kuo…",2024,"In electrocardiograms (ECGs), multiple forms of encryption and preservation formats create difficulties for data sharing and retrospective disease analysis. Additionally, photography …",Diagnostics,Unknown,Unknown,Unclassified,2026-08-23 16:37:38,error,
P3,Fragment-level classification of ECG arrhythmia using wavelet scattering transform,2023,"Nahak, Sudestna; Pathak, Akanksha; Saha, Goutam",5,"M Xu, S Zhang, H Liu, Y Wang, H Guo, N Liu…",A comprehensive sound quality evaluation method for periodic and transient nonlinear noise utilizing an optimized wavelet scattering network,2025.0,Mechanical Systems and …,Elsevier,https://www.sciencedirect.com/science/article/pii/S0888327025000366,"https://scholar.google.com/scholar?cites=7904517181060565310&as_sdt=80005&sciodt=0,11&hl=en",18,2026-08-23 16:37:38,,,,,,,,,5,5.0,1,7,1.0,"Wiper-windshield system friction noise is a type of transient nonlinear noise characterized by periodic abrupt changes and short durations, which directly impacts the sound quality (SQ) …",,"https://scholar.google.com/scholar?q=related:PkkWCn98sm0J:scholar.google.com/&scioq=&hl=en&as_sdt=80005&sciodt=0,11",A comprehensive sound quality evaluation method for periodic and transient nonlinear noise utilizing an optimized wavelet scattering network,"M Xu, S Zhang, H Liu, Y Wang, H Guo, N Liu…",2025,"Wiper-windshield system friction noise is a type of transient nonlinear noise characterized by periodic abrupt changes and short durations, which directly impacts the sound quality (SQ) …",Mechanical Systems and …,Unknown,Unknown,Unclassified,2026-08-23 16:37:38,error,
P3,Fragment-level classification of ECG arrhythmia using wavelet scattering transform,2023,"Nahak, Sudestna; Pathak, Akanksha; Saha, Goutam",7,"J Pang, Y Wang, F Ozyurt, S Dogan, T Tuncer…",Utilizing language models for advanced electrocardiogram analysis,2024.0,Alexandria Engineering …,Elsevier,https://www.sciencedirect.com/science/article/pii/S1110016824008184,"https://scholar.google.com/scholar?cites=6587726111803317204&as_sdt=80005&sciodt=0,11&hl=en",19,2026-08-23 16:37:38,HTML,,,,,,,,7,3.5,1,6,2.0,"Electrocardiography (ECG) signals are often referred to as the language of the heart and have been widely utilized for diagnosing various heart ailments, particularly arrhythmias …",https://www.sciencedirect.com/science/article/pii/S1110016824008184,"https://scholar.google.com/scholar?q=related:1Bua0_5NbFsJ:scholar.google.com/&scioq=&hl=en&as_sdt=80005&sciodt=0,11",Utilizing language models for advanced electrocardiogram analysis,"J Pang, Y Wang, F Ozyurt, S Dogan, T Tuncer…",2024,"Electrocardiography (ECG) signals are often referred to as the language of the heart and have been widely utilized for diagnosing various heart ailments, particularly arrhythmias …",Alexandria Engineering …,Unknown,Unknown,Unclassified,2026-08-23 16:37:38,error,
P3,Fragment-level classification of ECG arrhythmia using wavelet scattering transform,2023,"Nahak, Sudestna; Pathak, Akanksha; Saha, Goutam",6,"C Liang, Q Sun, J Li, J Pang, Y Chen…",Concurrent analysis of dynamic and static features for classifying cardiac rhythms,2024.0,IEEE Transactions on …,ieeexplore.ieee.org,https://ieeexplore.ieee.org/abstract/document/10663502/,"https://scholar.google.com/scholar?cites=8563763777556501535&as_sdt=80005&sciodt=0,11&hl=en",20,2026-08-23 16:37:38,,,,,,,,,6,3.0,1,6,2.0,"Arrhythmias confer a substantial risk of sudden cardiac death, accounting for over 80% of cases. The standard 12-lead electrocardiogram (ECG) offers a painless and noninvasive …",,"https://scholar.google.com/scholar?q=related:H9ScbciZ2HYJ:scholar.google.com/&scioq=&hl=en&as_sdt=80005&sciodt=0,11",Concurrent analysis of dynamic and static features for classifying cardiac rhythms,"C Liang, Q Sun, J Li, J Pang, Y Chen…",2024,"Arrhythmias confer a substantial risk of sudden cardiac death, accounting for over 80% of cases. The standard 12-lead electrocardiogram (ECG) offers a painless and noninvasive …",IEEE Transactions on …,Unknown,Unknown,Unclassified,2026-08-23 16:37:38,error,
P3,Fragment-level classification of ECG arrhythmia using wavelet scattering transform,2023,"Nahak, Sudestna; Pathak, Akanksha; Saha, Goutam",1,"R Li, S Lu, X Han, S Shen, X Zhang, L Han…",Method for cardiac abnormal event recognition based on multimodal spatiotemporal feature fusion model,2026.0,International Journal of …,Springer,https://link.springer.com/article/10.1007/s13042-026-03050-3,"https://scholar.google.com/scholar?cites=17876599409223671990&as_sdt=80005&sciodt=0,11&hl=en",21,2026-08-23 16:37:38,,10.1007/s13042-026-03050-3,,,,,,,1,1.0,0,7,1.0,"Abstract Electro Cardio Gram (ECG) is a crucial tool for diagnosing and treating key cardiovascular diseases such as arrhythmias and Myocardial Infarction (MI). However, most …",,"https://scholar.google.com/scholar?q=related:tiC8ynJwFvgJ:scholar.google.com/&scioq=&hl=en&as_sdt=80005&sciodt=0,11",Method for cardiac abnormal event recognition based on multimodal spatiotemporal feature fusion model,"R Li, S Lu, X Han, S Shen, X Zhang, L Han…",2026,"Abstract Electro Cardio Gram (ECG) is a crucial tool for diagnosing and treating key cardiovascular diseases such as arrhythmias and Myocardial Infarction (MI). However, most …",International Journal of …,Unknown,Unknown,Unclassified,2026-08-23 16:37:38,error,
P3,Fragment-level classification of ECG arrhythmia using wavelet scattering transform,2023,"Nahak, Sudestna; Pathak, Akanksha; Saha, Goutam",1,"NK Raghuwanshi, V Saini, P Sharma…",Intelligent fault diagnosis of bevel gearbox using features derived from wavelet scattering transform,2025.0,Journal of the Brazilian …,Springer,https://link.springer.com/article/10.1007/s40430-025-05881-7,"https://scholar.google.com/scholar?cites=17694512262384587122&as_sdt=80005&sciodt=0,11&hl=en",22,2026-08-23 16:37:38,,10.1007/s40430-025-05881-7,,,,,,,1,1.0,0,4,1.0,"Gearbox faults can significantly affect the performance and reliability of the gearbox, leading to costly downtime and maintenance. Therefore, effectiveness and timely use of fault …",,"https://scholar.google.com/scholar?q=related:chE6MSeJj_UJ:scholar.google.com/&scioq=&hl=en&as_sdt=80005&sciodt=0,11",Intelligent fault diagnosis of bevel gearbox using features derived from wavelet scattering transform,"NK Raghuwanshi, V Saini, P Sharma…",2025,"Gearbox faults can significantly affect the performance and reliability of the gearbox, leading to costly downtime and maintenance. Therefore, effectiveness and timely use of fault …",Journal of the Brazilian …,Unknown,Unknown,Unclassified,2026-08-23 16:37:38,error,
P3,Fragment-level classification of ECG arrhythmia using wavelet scattering transform,2023,"Nahak, Sudestna; Pathak, Akanksha; Saha, Goutam",6,"ID Aabdalla, D Vasumathi",Wavelet scattering transform for ECG cardiovascular disease classification,2024.0,Int. J. Artif. Intell. Appl,academia.edu,https://www.academia.edu/download/123518837/15124ijaia07_1_.pdf,"https://scholar.google.com/scholar?cites=15506300953991470775&as_sdt=80005&sciodt=0,11&hl=en",23,2026-08-23 16:37:38,PDF,,,,,,,,6,3.0,3,2,2.0,"Classifying the ECG dataset is the main technique for diagnosing heart disease. However, the focus of this field is increasingly on prediction, with a growing dependence on machine …",https://www.academia.edu/download/123518837/15124ijaia07_1_.pdf,"https://scholar.google.com/scholar?q=related:t172zo9yMdcJ:scholar.google.com/&scioq=&hl=en&as_sdt=80005&sciodt=0,11",Wavelet scattering transform for ECG cardiovascular disease classification,"ID Aabdalla, D Vasumathi",2024,"Classifying the ECG dataset is the main technique for diagnosing heart disease. However, the focus of this field is increasingly on prediction, with a growing dependence on machine …",Int. J. Artif. Intell. Appl,Unknown,Unknown,Unclassified,2026-08-23 16:37:38,error,
P3,Fragment-level classification of ECG arrhythmia using wavelet scattering transform,2023,"Nahak, Sudestna; Pathak, Akanksha; Saha, Goutam",5,"S Singhal, M Kumar",SPTDMD-WST: Arrhythmia classification from spatiotemporal modes of dynamic mode decomposition using wavelet scattering transform,2024.0,Biomedical Signal Processing and Control,Elsevier,https://www.sciencedirect.com/science/article/pii/S1746809424000417,"https://scholar.google.com/scholar?cites=8946841768139171704&as_sdt=80005&sciodt=0,11&hl=en",24,2026-08-23 16:37:38,,,,,,,,,5,2.5,3,2,2.0,Arrhythmia is a type of cardiovascular disease that severely alert human health. An instantaneous monitoring of electrocardiogram signals (ECG) is an efficacious process for …,,"https://scholar.google.com/scholar?q=related:eCeQiy-RKXwJ:scholar.google.com/&scioq=&hl=en&as_sdt=80005&sciodt=0,11",SPTDMD-WST: Arrhythmia classification from spatiotemporal modes of dynamic mode decomposition using wavelet scattering transform,"S Singhal, M Kumar",2024,Arrhythmia is a type of cardiovascular disease that severely alert human health. An instantaneous monitoring of electrocardiogram signals (ECG) is an efficacious process for …,Biomedical Signal Processing and Control,Unknown,Unknown,Unclassified,2026-08-23 16:37:38,error,
P3,Fragment-level classification of ECG arrhythmia using wavelet scattering transform,2023,"Nahak, Sudestna; Pathak, Akanksha; Saha, Goutam",3,"MW Rademan, DJJ Versfeld…",Detecting and classifying blue whale calls with wavelet scattering and spectral entropy,2025.0,The Journal of the …,pubs.aip.org,https://pubs.aip.org/asa/jasa/article/157/2/1448/3337022,"https://scholar.google.com/scholar?cites=1603901712194471612&as_sdt=80005&sciodt=0,11&hl=en",25,2026-08-23 16:37:38,HTML,,,,,,,,3,3.0,1,3,1.0,Detecting and classifying blue whale calls with wavelet scattering and spectral entropy | The Journal of the Acoustical Society of America | AIP Publishing Skip to Main Content AIP Publishing …,https://pubs.aip.org/asa/jasa/article/157/2/1448/3337022,"https://scholar.google.com/scholar?q=related:vAb-ARw0QhYJ:scholar.google.com/&scioq=&hl=en&as_sdt=80005&sciodt=0,11",Detecting and classifying blue whale calls with wavelet scattering and spectral entropy,"MW Rademan, DJJ Versfeld…",2025,Detecting and classifying blue whale calls with wavelet scattering and spectral entropy | The Journal of the Acoustical Society of America | AIP Publishing Skip to Main Content AIP Publishing …,The Journal of the …,Unknown,Unknown,Unclassified,2026-08-23 16:37:38,error,
P3,Fragment-level classification of ECG arrhythmia using wavelet scattering transform,2023,"Nahak, Sudestna; Pathak, Akanksha; Saha, Goutam",6,"R Pashikanti, CY Patil, SA Anirudhe",An adaptive marine predator optimization algorithm (mpoa) integrated gated recurrent neural network (grnn) classifier model for arrhythmia detection,2024.0,Biomedical Signal Processing and …,Elsevier,https://www.sciencedirect.com/science/article/pii/S1746809424003860,"https://scholar.google.com/scholar?cites=16940276372234286098&as_sdt=80005&sciodt=0,11&hl=en",26,2026-08-23 16:37:38,,,,,,,,,6,3.0,2,3,2.0,Cardiovascular disorders are typically diagnosed using an Electrocardiogram (ECG). It is a painless method that mimics the cyclical contraction and relaxation of the heart's muscles …,,"https://scholar.google.com/scholar?q=related:ErT3a5vzF-sJ:scholar.google.com/&scioq=&hl=en&as_sdt=80005&sciodt=0,11",An adaptive marine predator optimization algorithm (mpoa) integrated gated recurrent neural network (grnn) classifier model for arrhythmia detection,"R Pashikanti, CY Patil, SA Anirudhe",2024,Cardiovascular disorders are typically diagnosed using an Electrocardiogram (ECG). It is a painless method that mimics the cyclical contraction and relaxation of the heart's muscles …,Biomedical Signal Processing and …,Unknown,Unknown,Unclassified,2026-08-23 16:37:38,error,
P3,Fragment-level classification of ECG arrhythmia using wavelet scattering transform,2023,"Nahak, Sudestna; Pathak, Akanksha; Saha, Goutam",0,"J Wang, B Shi",PerC-SimAM-BLSTM: Position Perception Circular Convolution With Simple Attention Mechanism Based on BLSTM for Bundle Branch Block Detection,2026.0,IEEE Transactions on Neural Networks and …,ieeexplore.ieee.org,https://ieeexplore.ieee.org/abstract/document/11421525/,,27,2026-08-23 16:37:38,,,,,,,,,0,0.0,0,2,1.0,"Left bundle branch block (LBBB) and right bundle branch block (RBBB) are two typical types of arrhythmias. Due to their similar electrocardiogram (ECG) features, the conventional …",,"https://scholar.google.com/scholar?q=related:NbBAmPEDXmwJ:scholar.google.com/&scioq=&hl=en&as_sdt=80005&sciodt=0,11",PerC-SimAM-BLSTM: Position Perception Circular Convolution With Simple Attention Mechanism Based on BLSTM for Bundle Branch Block Detection,"J Wang, B Shi",2026,"Left bundle branch block (LBBB) and right bundle branch block (RBBB) are two typical types of arrhythmias. Due to their similar electrocardiogram (ECG) features, the conventional …",IEEE Transactions on Neural Networks and …,Unknown,Unknown,Unclassified,2026-08-23 16:37:38,error,
P3,Fragment-level classification of ECG arrhythmia using wavelet scattering transform,2023,"Nahak, Sudestna; Pathak, Akanksha; Saha, Goutam",0,"W Shao, Y Wang, M Shokouhimehr…",Advancements in electrocardiogram signal classification algorithms,2026.0,… Science and Technology,iopscience.iop.org,https://iopscience.iop.org/article/10.1088/1361-6501/ae2b8c/meta,,28,2026-08-23 16:37:38,,10.1088/1361-6501/ae2b8c,,,,,,,0,0.0,0,4,1.0,"Investigating techniques for electrocardiogram (ECG) signal classification is essential in medicine, offering significant potential for the early detection and continuous assessment of …",,"https://scholar.google.com/scholar?q=related:0OIyrcn7tkIJ:scholar.google.com/&scioq=&hl=en&as_sdt=80005&sciodt=0,11",Advancements in electrocardiogram signal classification algorithms,"W Shao, Y Wang, M Shokouhimehr…",2026,"Investigating techniques for electrocardiogram (ECG) signal classification is essential in medicine, offering significant potential for the early detection and continuous assessment of …",… Science and Technology,Unknown,Unknown,Unclassified,2026-08-23 16:37:38,error,
P3,Fragment-level classification of ECG arrhythmia using wavelet scattering transform,2023,"Nahak, Sudestna; Pathak, Akanksha; Saha, Goutam",0,"Z Chen, T Zhao, R Qi, B Peng…",A Method for Diagnosing Mechanical Faults in the On-Load Tap Changers of Power Transformers Based on Wavelet Scattering and Tensor Representation …,2026.0,IEEE Transactions on …,ieeexplore.ieee.org,https://ieeexplore.ieee.org/abstract/document/11568863/,,29,2026-08-23 16:37:38,,,,,,,,,0,0.0,0,5,1.0,"The on-load tap changer (OLTC) is a critical component of transformers for voltage regulation. Owing to frequent tap position switching during operation, the failure rate is …",,"https://scholar.google.com/scholar?q=related:hqfqHixU2ucJ:scholar.google.com/&scioq=&hl=en&as_sdt=80005&sciodt=0,11",A Method for Diagnosing Mechanical Faults in the On-Load Tap Changers of Power Transformers Based on Wavelet Scattering and Tensor Representation …,"Z Chen, T Zhao, R Qi, B Peng…",2026,"The on-load tap changer (OLTC) is a critical component of transformers for voltage regulation. Owing to frequent tap position switching during operation, the failure rate is …",IEEE Transactions on …,Unknown,Unknown,Unclassified,2026-08-23 16:37:38,error,
P3,Fragment-level classification of ECG arrhythmia using wavelet scattering transform,2023,"Nahak, Sudestna; Pathak, Akanksha; Saha, Goutam",0,J Wang,Uncertainty and future-aware interaction network for ECG arrhythmia recognition,2026.0,Biomedical Signal Processing and Control,Elsevier,https://www.sciencedirect.com/science/article/pii/S1746809426018574,,30,2026-08-23 16:37:38,,,,,,,,,0,0.0,0,1,1.0,"Cardiac arrhythmias constitute a leading cause of global mortality, among which premature atrial contractions (PAC), premature ventricular contractions (PVC) and atrial fibrillation (AF) …",,"https://scholar.google.com/scholar?q=related:htMbh1kpiHoJ:scholar.google.com/&scioq=&hl=en&as_sdt=80005&sciodt=0,11",Uncertainty and future-aware interaction network for ECG arrhythmia recognition,J Wang,2026,"Cardiac arrhythmias constitute a leading cause of global mortality, among which premature atrial contractions (PAC), premature ventricular contractions (PVC) and atrial fibrillation (AF) …",Biomedical Signal Processing and Control,Unknown,Unknown,Unclassified,2026-08-23 16:37:38,error,
P3,Fragment-level classification of ECG arrhythmia using wavelet scattering transform,2023,"Nahak, Sudestna; Pathak, Akanksha; Saha, Goutam",4,"S Ding, X Hou, Y Liu, W Zhu, D Fang, Y Fan, K Li…",DanceTrend: an integration framework of Video-Based body action recognition and color space features for dance popularity prediction,2023.0,Electronics,mdpi.com,https://www.mdpi.com/2079-9292/12/22/4696,"https://scholar.google.com/scholar?cites=13313053229855063232&as_sdt=80005&sciodt=0,11&hl=en",31,2026-08-23 16:37:38,HTML,,,,,,,,4,1.33,1,8,3.0,"Background: With the rise of user-generated content (UGC) platforms, we are witnessing an unprecedented surge in data. Among various content types, dance videos have emerged as …",https://www.mdpi.com/2079-9292/12/22/4696,"https://scholar.google.com/scholar?q=related:wLxggWB3wbgJ:scholar.google.com/&scioq=&hl=en&as_sdt=80005&sciodt=0,11",DanceTrend: an integration framework of Video-Based body action recognition and color space features for dance popularity prediction,"S Ding, X Hou, Y Liu, W Zhu, D Fang, Y Fan, K Li…",2023,"Background: With the rise of user-generated content (UGC) platforms, we are witnessing an unprecedented surge in data. Among various content types, dance videos have emerged as …",Electronics,Unknown,Unknown,Unclassified,2026-08-23 16:37:38,error,
P3,Fragment-level classification of ECG arrhythmia using wavelet scattering transform,2023,"Nahak, Sudestna; Pathak, Akanksha; Saha, Goutam",0,"H Shao, W Liu, X Deng, D Lu",Enhancing Imbalanced Electrocardiogram Classification: A Novel Approach Integrating Data Augmentation through Wavelet Transform and Interclass Fusion,2026.0,arXiv preprint arXiv:2601.09103,arxiv.org,https://arxiv.org/abs/2601.09103,,32,2026-08-23 16:37:38,,,,,,,,,0,0.0,0,4,1.0,Imbalanced electrocardiogram (ECG) data hampers the efficacy and resilience of algorithms in the automated processing and interpretation of cardiovascular diagnostic information …,https://arxiv.org/pdf/2601.09103,"https://scholar.google.com/scholar?q=related:LorgFUD-NDoJ:scholar.google.com/&scioq=&hl=en&as_sdt=80005&sciodt=0,11",Enhancing Imbalanced Electrocardiogram Classification: A Novel Approach Integrating Data Augmentation through Wavelet Transform and Interclass Fusion,"H Shao, W Liu, X Deng, D Lu",2026,Imbalanced electrocardiogram (ECG) data hampers the efficacy and resilience of algorithms in the automated processing and interpretation of cardiovascular diagnostic information …,arXiv preprint arXiv:2601.09103,Unknown,Unknown,Unclassified,2026-08-23 16:37:38,error,
P3,Fragment-level classification of ECG arrhythmia using wavelet scattering transform,2023,"Nahak, Sudestna; Pathak, Akanksha; Saha, Goutam",0,"SC Shivakumarswamy, R Dodderi",Arrhythmia Classification Using Bidirectional Long Short-term Memory with Graph Convolutional Network through ECG Signals.,2025.0,International Journal of Intelligent …,inass.org,https://inass.org/wp-content/uploads/2025/08/2025123113-2.pdf,,33,2026-08-23 16:37:38,PDF,,,,,,,,0,0.0,0,2,1.0,"An Electrocardiogram (ECG) is a diagnostic device that measures an electrical action of a heart. Cardiac arrhythmia refers to irregularities in the heart's electrical activity, commonly …",https://inass.org/wp-content/uploads/2025/08/2025123113-2.pdf,"https://scholar.google.com/scholar?q=related:AatftYd0NYwJ:scholar.google.com/&scioq=&hl=en&as_sdt=80005&sciodt=0,11",Arrhythmia Classification Using Bidirectional Long Short-term Memory with Graph Convolutional Network through ECG Signals.,"SC Shivakumarswamy, R Dodderi",2025,"An Electrocardiogram (ECG) is a diagnostic device that measures an electrical action of a heart. Cardiac arrhythmia refers to irregularities in the heart's electrical activity, commonly …",International Journal of Intelligent …,Unknown,Unknown,Unclassified,2026-08-23 16:37:38,error,
P3,Fragment-level classification of ECG arrhythmia using wavelet scattering transform,2023,"Nahak, Sudestna; Pathak, Akanksha; Saha, Goutam",1,"S Singhal, M Kumar",R-Peak Detection Using Wavelet Scattering Transform for Pre-Term Infant ECG Dataset,2024.0,2024 2nd International Conference on …,ieeexplore.ieee.org,https://ieeexplore.ieee.org/abstract/document/10532950/,"https://scholar.google.com/scholar?cites=14189899604439674732&as_sdt=80005&sciodt=0,11&hl=en",34,2026-08-23 16:37:38,,,,,,,,,1,0.5,1,2,2.0,Heart-related disease is one of the pre-eminent origins of mortality across the globe. Early and accurate detection of heart-related disease is essential to avoid an uncertain mishap …,,"https://scholar.google.com/scholar?q=related:bC8VSYKm7MQJ:scholar.google.com/&scioq=&hl=en&as_sdt=80005&sciodt=0,11",R-Peak Detection Using Wavelet Scattering Transform for Pre-Term Infant ECG Dataset,"S Singhal, M Kumar",2024,Heart-related disease is one of the pre-eminent origins of mortality across the globe. Early and accurate detection of heart-related disease is essential to avoid an uncertain mishap …,2024 2nd International Conference on …,Unknown,Unknown,Unclassified,2026-08-23 16:37:38,error,
P3,Fragment-level classification of ECG arrhythmia using wavelet scattering transform,2023,"Nahak, Sudestna; Pathak, Akanksha; Saha, Goutam",0,MW Rademan,Wavelet Scattering Transforms Applied to Whale Vocalisations,2026.0,,scholar.sun.ac.za,https://scholar.sun.ac.za/bitstreams/5595046b-77cb-4672-bcb2-318e9adac6cb/download,,35,2026-08-23 16:37:38,PDF,,,,,,,,0,0.0,0,1,1.0,"Machine learning (ML) models have become a mainstay in software products and automation pipelines. Often, when processing power is available, an ML model is deployed …",https://scholar.sun.ac.za/bitstreams/5595046b-77cb-4672-bcb2-318e9adac6cb/download,"https://scholar.google.com/scholar?q=related:dPqqkmj04hQJ:scholar.google.com/&scioq=&hl=en&as_sdt=80005&sciodt=0,11",Wavelet Scattering Transforms Applied to Whale Vocalisations,MW Rademan,2026,"Machine learning (ML) models have become a mainstay in software products and automation pipelines. Often, when processing power is available, an ML model is deployed …",Unknown,Unknown,Unknown,Unclassified,2026-08-23 16:37:38,error,
P3,Fragment-level classification of ECG arrhythmia using wavelet scattering transform,2023,"Nahak, Sudestna; Pathak, Akanksha; Saha, Goutam",0,"A Rana, V Kumar, A Gupta",A Novel WTS-EDC Network for Multi-Source ECG Signal Classification,2025.0,Journal of The Institution of Engineers (India) …,Springer,https://link.springer.com/article/10.1007/s40031-024-01167-z,,36,2026-08-23 16:37:38,,10.1007/s40031-024-01167-z,,,,,,,0,0.0,0,3,1.0,"Electrocardiography (ECG) is a commonly used diagnostic tool in the clinical setting for detecting cardiovascular diseases (CVDs). However, its manual interpretation can be time …",,"https://scholar.google.com/scholar?q=related:tXZYko5p21IJ:scholar.google.com/&scioq=&hl=en&as_sdt=80005&sciodt=0,11",A Novel WTS-EDC Network for Multi-Source ECG Signal Classification,"A Rana, V Kumar, A Gupta",2025,"Electrocardiography (ECG) is a commonly used diagnostic tool in the clinical setting for detecting cardiovascular diseases (CVDs). However, its manual interpretation can be time …",Journal of The Institution of Engineers (India) …,Unknown,Unknown,Unclassified,2026-08-23 16:37:38,error,
P3,Fragment-level classification of ECG arrhythmia using wavelet scattering transform,2023,"Nahak, Sudestna; Pathak, Akanksha; Saha, Goutam",0,J Wang,Triple-Factorized attention framework with dynamic adaptive windowing for premature contraction classification,2026.0,,researchsquare.com,https://www.researchsquare.com/article/rs-10311264/latest,,37,2026-08-23 16:37:38,,,,,,,,,0,0.0,0,1,1.0,"Premature atrial contraction (PAC) and premature ventricular contraction (PVC) are prevalent arrhythmias with significant clinical implications. However, their transient nature …",https://www.researchsquare.com/article/rs-10311264/latest.pdf,"https://scholar.google.com/scholar?q=related:RyjiSA98s1kJ:scholar.google.com/&scioq=&hl=en&as_sdt=80005&sciodt=0,11",Triple-Factorized attention framework with dynamic adaptive windowing for premature contraction classification,J Wang,2026,"Premature atrial contraction (PAC) and premature ventricular contraction (PVC) are prevalent arrhythmias with significant clinical implications. However, their transient nature …",Unknown,Unknown,Unknown,Unclassified,2026-08-23 16:37:38,error,
P3,Fragment-level classification of ECG arrhythmia using wavelet scattering transform,2023,"Nahak, Sudestna; Pathak, Akanksha; Saha, Goutam",0,J Wang,An adaptive iterative refinement model usingmulti-scale soft-braid for ECG arrhythmia recognition,2026.0,,assets-eu.researchsquare.com,https://assets-eu.researchsquare.com/files/rs-9274833/v1_covered_02af882e-a89b-4d3c-897b-09d2ae8915a0.pdf,,38,2026-08-23 16:37:38,PDF,,,,,,,,0,0.0,0,1,1.0,"Cardiac arrhythmias represent a major global health challenge, accounting for more than 32% of deaths worldwide. Premature atrial contraction, premature ventricular contraction …",https://assets-eu.researchsquare.com/files/rs-9274833/v1_covered_02af882e-a89b-4d3c-897b-09d2ae8915a0.pdf,"https://scholar.google.com/scholar?q=related:zymSlX97tkkJ:scholar.google.com/&scioq=&hl=en&as_sdt=80005&sciodt=0,11",An adaptive iterative refinement model usingmulti-scale soft-braid for ECG arrhythmia recognition,J Wang,2026,"Cardiac arrhythmias represent a major global health challenge, accounting for more than 32% of deaths worldwide. Premature atrial contraction, premature ventricular contraction …",Unknown,Unknown,Unknown,Unclassified,2026-08-23 16:37:38,error,
P3,Fragment-level classification of ECG arrhythmia using wavelet scattering transform,2023,"Nahak, Sudestna; Pathak, Akanksha; Saha, Goutam",2,"I Purnama, NW Pranoto",Virtual Reality for Future Education: Systematic Literature Review,2023.0,Jurnal Penelitian Pendidikan IPA,jppipa.unram.ac.id,https://jppipa.unram.ac.id/index.php/jppipa/article/view/4485,"https://scholar.google.com/scholar?cites=7914838276845647789&as_sdt=80005&sciodt=0,11&hl=en",39,2026-08-23 16:37:38,,,,,,,,,2,0.67,1,2,3.0,The development of information and communication technology is very rapid at this time contributed greatly to the development process of various kinds of learning media based on …,https://jppipa.unram.ac.id/index.php/jppipa/article/download/4485/3157,"https://scholar.google.com/scholar?q=related:rbcManon120J:scholar.google.com/&scioq=&hl=en&as_sdt=80005&sciodt=0,11",Virtual Reality for Future Education: Systematic Literature Review,"I Purnama, NW Pranoto",2023,The development of information and communication technology is very rapid at this time contributed greatly to the development process of various kinds of learning media based on …,Jurnal Penelitian Pendidikan IPA,Unknown,Unknown,Unclassified,2026-08-23 16:37:38,error,
P3,Fragment-level classification of ECG arrhythmia using wavelet scattering transform,2023,"Nahak, Sudestna; Pathak, Akanksha; Saha, Goutam",0,"RN Hari, Z Rao, K Kulkarni",ECG Anomaly Detection using Wavelet Scattering &LSTM Autoencoder,2025.0,2025 1st International …,ieeexplore.ieee.org,https://ieeexplore.ieee.org/abstract/document/11453310/,,40,2026-08-23 16:37:38,,,,,,,,,0,0.0,0,3,1.0,This work is centered on designing an enhanced ECG anomaly detection system in MATLAB that seeks to detect abnormal heart signals with precision in real-time. ECG …,,"https://scholar.google.com/scholar?q=related:KDFyj_YkK00J:scholar.google.com/&scioq=&hl=en&as_sdt=80005&sciodt=0,11",ECG Anomaly Detection using Wavelet Scattering &LSTM Autoencoder,"RN Hari, Z Rao, K Kulkarni",2025,This work is centered on designing an enhanced ECG anomaly detection system in MATLAB that seeks to detect abnormal heart signals with precision in real-time. ECG …,2025 1st International …,Unknown,Unknown,Unclassified,2026-08-23 16:37:38,error,
P3,Fragment-level classification of ECG arrhythmia using wavelet scattering transform,2023,"Nahak, Sudestna; Pathak, Akanksha; Saha, Goutam",0,"NLI Huda, A Biswas, MD Nasim, MF Rahman…",Invariant Scattering Transform for Medical Imaging,2023.0,arXiv preprint arXiv …,arxiv.org,https://arxiv.org/abs/2307.04771,,41,2026-08-23 16:37:38,,,,,,,,,0,0.0,0,5,3.0,"Invariant scattering transform introduces new area of research that merges the signal processing with deep learning for computer vision. Nowadays, Deep Learning algorithms …",https://arxiv.org/pdf/2307.04771,"https://scholar.google.com/scholar?q=related:nKe7fNzUGogJ:scholar.google.com/&scioq=&hl=en&as_sdt=80005&sciodt=0,11",Invariant Scattering Transform for Medical Imaging,"NLI Huda, A Biswas, MD Nasim, MF Rahman…",2023,"Invariant scattering transform introduces new area of research that merges the signal processing with deep learning for computer vision. Nowadays, Deep Learning algorithms …",arXiv preprint arXiv …,Unknown,Unknown,Unclassified,2026-08-23 16:37:38,error,
P3,Fragment-level classification of ECG arrhythmia using wavelet scattering transform,2023,"Nahak, Sudestna; Pathak, Akanksha; Saha, Goutam",0,"J Wang, X Guo",An improved SR-LSTM network for atrial fibrillation and atrial flutter signals discrimination,2024.0,,assets-eu.researchsquare.com,https://assets-eu.researchsquare.com/files/rs-4064989/v1_covered_0d834660-d112-4b09-a551-866c1948db6c.pdf?c=1714008950,,42,2026-08-23 16:37:38,PDF,,,,,,,,0,0.0,0,2,2.0,"Atrial fibrillation (AF) and atrial flutter (AFL) are the most common and easily confused arrhythmias. However, the existing AF and AFL detection approaches depend on visual …",https://assets-eu.researchsquare.com/files/rs-4064989/v1_covered_0d834660-d112-4b09-a551-866c1948db6c.pdf?c=1714008950,"https://scholar.google.com/scholar?q=related:N_rdN69g5XcJ:scholar.google.com/&scioq=&hl=en&as_sdt=80005&sciodt=0,11",An improved SR-LSTM network for atrial fibrillation and atrial flutter signals discrimination,"J Wang, X Guo",2024,"Atrial fibrillation (AF) and atrial flutter (AFL) are the most common and easily confused arrhythmias. However, the existing AF and AFL detection approaches depend on visual …",Unknown,Unknown,Unknown,Unclassified,2026-08-23 16:37:38,error,
P3,Fragment-level classification of ECG arrhythmia using wavelet scattering transform,2023,"Nahak, Sudestna; Pathak, Akanksha; Saha, Goutam",0,"J Rahul, LD Sharma",Computer Science Review,,researchgate.net,,https://www.researchgate.net/profile/Lakhan-Sharma-4/publication/387708249_Advancements_in_AI_for_cardiac_arrhythmia_detection_A_comprehensive_overview/links/6778c4b7e74ca64e1f4b8d4d/Advancements-in-AI-for-cardiac-arrhythmia-detection-A-comprehensive-overview.pdf,,43,2026-08-23 16:37:38,PDF,,,,,,,,0,0.0,0,2,,"Cardiovascular diseases (CVDs) are a global health concern, demanding advanced healthcare solutions. Accurate identification of CVDs via electrocardiogram (ECG) analysis …",https://www.researchgate.net/profile/Lakhan-Sharma-4/publication/387708249_Advancements_in_AI_for_cardiac_arrhythmia_detection_A_comprehensive_overview/links/6778c4b7e74ca64e1f4b8d4d/Advancements-in-AI-for-cardiac-arrhythmia-detection-A-comprehensive-overview.pdf,"https://scholar.google.com/scholar?q=related:sd23HdfnxbMJ:scholar.google.com/&scioq=&hl=en&as_sdt=80005&sciodt=0,11",Computer Science Review,"J Rahul, LD Sharma",0,"Cardiovascular diseases (CVDs) are a global health concern, demanding advanced healthcare solutions. Accurate identification of CVDs via electrocardiogram (ECG) analysis …",researchgate.net,Unknown,Unknown,Unclassified,2026-08-23 16:37:38,error,
P3,Fragment-level classification of ECG arrhythmia using wavelet scattering transform,2023,"Nahak, Sudestna; Pathak, Akanksha; Saha, Goutam",0,J Wang,A physiological-aware multi-order intention fusion framework for premature atrial and ventricular contraction recognition,,Available at SSRN 6926251,papers.ssrn.com,https://papers.ssrn.com/sol3/papers.cfm?abstract_id=6926251,,44,2026-08-23 16:37:38,,,,,,,,,0,0.0,0,1,,"Premature atrial contraction (PAC) and premature ventricular contraction (PVC) are prevalent cardiac arrhythmias, yet their detection remains challenging due to transient …",https://papers.ssrn.com/sol3/Delivery.cfm?abstractid=6926251,"https://scholar.google.com/scholar?q=related:v_7qvw8uqPQJ:scholar.google.com/&scioq=&hl=en&as_sdt=80005&sciodt=0,11",A physiological-aware multi-order intention fusion framework for premature atrial and ventricular contraction recognition,J Wang,0,"Premature atrial contraction (PAC) and premature ventricular contraction (PVC) are prevalent cardiac arrhythmias, yet their detection remains challenging due to transient …",Available at SSRN 6926251,Unknown,Unknown,Unclassified,2026-08-23 16:37:38,error,
P3,Fragment-level classification of ECG arrhythmia using wavelet scattering transform,2023,"Nahak, Sudestna; Pathak, Akanksha; Saha, Goutam",0,J Wang,PhysioMOIF: Physiological-aware Social Multi-orderIntention Fusion for premature contraction recognition,,Available at SSRN 6602384,papers.ssrn.com,https://papers.ssrn.com/sol3/papers.cfm?abstract_id=6602384,,45,2026-08-23 16:37:38,,,,,,,,,0,0.0,0,1,,"Premature atrial contraction (PAC) and premature ventricular contraction (PVC) are prevalent cardiac arrhythmias, yet their detection remains challenging dueto transient …",https://papers.ssrn.com/sol3/Delivery.cfm?abstractid=6602384,"https://scholar.google.com/scholar?q=related:K3mGhsAKAZQJ:scholar.google.com/&scioq=&hl=en&as_sdt=80005&sciodt=0,11",PhysioMOIF: Physiological-aware Social Multi-orderIntention Fusion for premature contraction recognition,J Wang,0,"Premature atrial contraction (PAC) and premature ventricular contraction (PVC) are prevalent cardiac arrhythmias, yet their detection remains challenging dueto transient …",Available at SSRN 6602384,Unknown,Unknown,Unclassified,2026-08-23 16:37:38,error,
P3,Fragment-level classification of ECG arrhythmia using wavelet scattering transform,2023,"Nahak, Sudestna; Pathak, Akanksha; Saha, Goutam",0,"J Wang, W Chen, L Ma, B Shi",Multi-scale neuralized Markov random field frameworkfor ECG arrhythmia recognition,,Available at SSRN 6646726,papers.ssrn.com,https://papers.ssrn.com/sol3/papers.cfm?abstract_id=6646726,,46,2026-08-23 16:37:38,,,,,,,,,0,0.0,0,4,,"Cardiac arrhythmias including premature atrial contraction, premature ventric-ular contraction and atrial fibrillation are major causes of global mortality butare often …",https://papers.ssrn.com/sol3/Delivery.cfm?abstractid=6646726,"https://scholar.google.com/scholar?q=related:T5DZENcYCrgJ:scholar.google.com/&scioq=&hl=en&as_sdt=80005&sciodt=0,11",Multi-scale neuralized Markov random field frameworkfor ECG arrhythmia recognition,"J Wang, W Chen, L Ma, B Shi",0,"Cardiac arrhythmias including premature atrial contraction, premature ventric-ular contraction and atrial fibrillation are major causes of global mortality butare often …",Available at SSRN 6646726,Unknown,Unknown,Unclassified,2026-08-23 16:37:38,error,
P3,Fragment-level classification of ECG arrhythmia using wavelet scattering transform,2023,"Nahak, Sudestna; Pathak, Akanksha; Saha, Goutam",0,J Wang,HRDAWNet: Triple-Factorized Attention with Dynamic Adaptive Windowing for dynamic premature contraction recognition,,Available at SSRN 6251275,papers.ssrn.com,https://papers.ssrn.com/sol3/papers.cfm?abstract_id=6251275,,47,2026-08-23 16:37:38,,,,,,,,,0,0.0,0,1,,"Premature atrial contraction (PAC) and premature ventricular contraction (PVC) are prevalent arrhythmias with significant clinical implications. However, their transient nature …",https://papers.ssrn.com/sol3/Delivery.cfm?abstractid=6251275,"https://scholar.google.com/scholar?q=related:LM6d-x6x0cMJ:scholar.google.com/&scioq=&hl=en&as_sdt=80005&sciodt=0,11",HRDAWNet: Triple-Factorized Attention with Dynamic Adaptive Windowing for dynamic premature contraction recognition,J Wang,0,"Premature atrial contraction (PAC) and premature ventricular contraction (PVC) are prevalent arrhythmias with significant clinical implications. However, their transient nature …",Available at SSRN 6251275,Unknown,Unknown,Unclassified,2026-08-23 16:37:38,error,
P3,Fragment-level classification of ECG arrhythmia using wavelet scattering transform,2023,"Nahak, Sudestna; Pathak, Akanksha; Saha, Goutam",0,HA Marzog,Electrocardiogram Based Heart Diseases Classification by Using Machine Learning Approach,2023.0,,cdnx.uobabylon.edu.iq,https://cdnx.uobabylon.edu.iq/systems/theses/10272.pdf,,48,2026-08-23 16:37:38,PDF,,,,,,,,0,0.0,0,1,3.0,The heartbeat is a set of waveforms that originate from the tissues of the heart and the contraction and relaxation of the heart muscles. The difficulty in classifying the heart signal is …,https://cdnx.uobabylon.edu.iq/systems/theses/10272.pdf,"https://scholar.google.com/scholar?q=related:l8wJix9JQ78J:scholar.google.com/&scioq=&hl=en&as_sdt=80005&sciodt=0,11",Electrocardiogram Based Heart Diseases Classification by Using Machine Learning Approach,HA Marzog,2023,The heartbeat is a set of waveforms that originate from the tissues of the heart and the contraction and relaxation of the heart muscles. The difficulty in classifying the heart signal is …,Unknown,Unknown,Unknown,Unclassified,2026-08-23 16:37:38,error,
P3,Fragment-level classification of ECG arrhythmia using wavelet scattering transform,2023,"Nahak, Sudestna; Pathak, Akanksha; Saha, Goutam",0,"谌小齐, 苏恒洁, 王金海, 李婷",用于无创生理电信号采集电极的导电水凝胶应用研究,2025.0,化工新型材料,hgxx.org,https://www.hgxx.org/joweb/hgxx/CN/10.19817/j.cnki.issn1006-3536.2025.06.033,,49,2026-08-23 16:37:38,,10.19817/j.cnki.issn1006-3536.2025.06.033,,,,,,,0,0.0,0,4,1.0,"摘要电生理信号的长期稳定采集有助于疾病早期诊断康复和对人体的各种生理认知研究, 与皮肤相接触的电极决定了所采集的电生理信号的质量水平. 导电水凝胶由于其与生物组织相似 …",,"https://scholar.google.com/scholar?q=related:SXL9K7cn-EsJ:scholar.google.com/&scioq=&hl=en&as_sdt=80005&sciodt=0,11",用于无创生理电信号采集电极的导电水凝胶应用研究,"谌小齐, 苏恒洁, 王金海, 李婷",2025,"摘要电生理信号的长期稳定采集有助于疾病早期诊断康复和对人体的各种生理认知研究, 与皮肤相接触的电极决定了所采集的电生理信号的质量水平. 导电水凝胶由于其与生物组织相似 …",化工新型材料,Unknown,Unknown,Unclassified,2026-08-23 16:37:38,error,
P3,Fragment-level classification of ECG arrhythmia using wavelet scattering transform,2023,"Nahak, Sudestna; Pathak, Akanksha; Saha, Goutam",0,A Boussaad,Analyses multi-résolutions non stationnaires et applications au traitement d'images numériques,2023.0,,thesis.univ-biskra.dz,http://thesis.univ-biskra.dz/6256/,,50,2026-08-23 16:37:38,,,,,,,,,0,0.0,0,1,3.0,"Dans, ce travail, une technique de construction d'une Analyse multirésolution non stationnaire est présentée. Notre méthode est basée sur le choix d'une meilleure base …",http://thesis.univ-biskra.dz/6256/1/these_de_malik_2023.pdf,"https://scholar.google.com/scholar?q=related:r9LoBqRA8boJ:scholar.google.com/&scioq=&hl=en&as_sdt=80005&sciodt=0,11",Analyses multi-résolutions non stationnaires et applications au traitement d'images numériques,A Boussaad,2023,"Dans, ce travail, une technique de construction d'une Analyse multirésolution non stationnaire est présentée. Notre méthode est basée sur le choix d'une meilleure base …",Unknown,Unknown,Unknown,Unclassified,2026-08-23 16:37:38,error,
P3,Fragment-level classification of ECG arrhythmia using wavelet scattering transform,2023,"Nahak, Sudestna; Pathak, Akanksha; Saha, Goutam",0,O Akçan,EKG sinyallerinden elde edilen görüntülerin hibrit derin öğrenme yöntemleri kullanılarak sınıflandırılması,2023.0,,search.proquest.com,https://search.proquest.com/openview/d697691b31821d60fd08dfc61eaf4d57/1?pq-origsite=gscholar&cbl=2026366&diss=y,,51,2026-08-23 16:37:38,,,,,,,,,0,0.0,0,1,3.0,Kardiyovasküler hastalıkların en aza indirilmesi için erken teşhis ve tedavi oldukça önemlidir. Kardiyovasküler hastalıkların teşhisinde elektrokardiyogram (EKG) sıklıkla …,,"https://scholar.google.com/scholar?q=related:zgFKxBtFVZAJ:scholar.google.com/&scioq=&hl=en&as_sdt=80005&sciodt=0,11",EKG sinyallerinden elde edilen görüntülerin hibrit derin öğrenme yöntemleri kullanılarak sınıflandırılması,O Akçan,2023,Kardiyovasküler hastalıkların en aza indirilmesi için erken teşhis ve tedavi oldukça önemlidir. Kardiyovasküler hastalıkların teşhisinde elektrokardiyogram (EKG) sıklıkla …,Unknown,Unknown,Unknown,Unclassified,2026-08-23 16:37:38,error,
P3,Fragment-level classification of ECG arrhythmia using wavelet scattering transform,2023,"Nahak, Sudestna; Pathak, Akanksha; Saha, Goutam",0,"Y Li, Y Pan, X Wu",A Review of Multi-modal Human Motion Recognition Based on Deep Learning,2024.0,IJLAI Transactions on Science and Engineering,,,,52,2026-08-23 16:37:38,CITATION,,,,,,,,0,0.0,0,3,2.0,,,"https://scholar.google.com/scholar?q=related:zqCktV0MaZIJ:scholar.google.com/&scioq=&hl=en&as_sdt=80005&sciodt=0,11",A Review of Multi-modal Human Motion Recognition Based on Deep Learning,"Y Li, Y Pan, X Wu",2024,,IJLAI Transactions on Science and Engineering,Unknown,Unknown,Unclassified,2026-08-23 16:37:38,error,
P3,Fragment-level classification of ECG arrhythmia using wavelet scattering transform,2023,"Nahak, Sudestna; Pathak, Akanksha; Saha, Goutam",0,"X Chen, H Su, J Wang, T Li",Research progress of conductive hydrogel for non-invasive physiological electrical signal collecting electrode,2025.0,New Chemical Materials,,,,53,2026-08-23 16:37:38,CITATION,,,,,,,,0,0.0,0,4,1.0,,,"https://scholar.google.com/scholar?q=related:pA68tMMaYowJ:scholar.google.com/&scioq=&hl=en&as_sdt=80005&sciodt=0,11",Research progress of conductive hydrogel for non-invasive physiological electrical signal collecting electrode,"X Chen, H Su, J Wang, T Li",2025,,New Chemical Materials,Unknown,Unknown,Unclassified,2026-08-23 16:37:38,error,
P4,Classification of coronary artery diseased and normal subjects using multi-channel phonocardiogram signal,2019,"Samanta, Pranab; Pathak, Akanksha; Mandana, Kayapanda; Saha, Goutam",17,"A Gudigar, U Raghavendra, M Maithri, J Samanth…",Automated system for the detection of heart anomalies using phonocardiograms: A systematic review,2024.0,IEEE …,ieeexplore.ieee.org,https://ieeexplore.ieee.org/abstract/document/10685373/,"https://scholar.google.com/scholar?cites=8708295670581517125&as_sdt=80005&sciodt=0,11&hl=en",1,2026-08-23 16:38:16,,,,,,,,,17,8.5,3,5,2.0,Phonocardiogram (PCG) signals generated by the heart contain information about heart conditions. This review examines how PCG analysis identifies and diagnoses heart issues …,https://ieeexplore.ieee.org/iel8/6287639/6514899/10685373.pdf,"https://scholar.google.com/scholar?q=related:RVsVHMYU2ngJ:scholar.google.com/&scioq=&hl=en&as_sdt=80005&sciodt=0,11",Automated system for the detection of heart anomalies using phonocardiograms: A systematic review,"A Gudigar, U Raghavendra, M Maithri, J Samanth…",2024,Phonocardiogram (PCG) signals generated by the heart contain information about heart conditions. This review examines how PCG analysis identifies and diagnoses heart issues …,IEEE …,Unknown,Unknown,Unclassified,2026-08-23 16:38:16,error,
P4,Classification of coronary artery diseased and normal subjects using multi-channel phonocardiogram signal,2019,"Samanta, Pranab; Pathak, Akanksha; Mandana, Kayapanda; Saha, Goutam",130,"F Khozeimeh, D Sharifrazi, NH Izadi, JH Joloudari…",RF-CNN-F: random forest with convolutional neural network features for coronary artery disease diagnosis based on cardiac magnetic resonance,2022.0,Scientific reports,nature.com,https://www.nature.com/articles/s41598-022-15374-5,"https://scholar.google.com/scholar?cites=1764127577190240870&as_sdt=80005&sciodt=0,11&hl=en",2,2026-08-23 16:38:16,HTML,,,,,,,,130,32.5,26,5,4.0,Coronary artery disease (CAD) is a prevalent disease with high morbidity and mortality rates. Invasive coronary angiography is the reference standard for diagnosing CAD but is …,https://www.nature.com/articles/s41598-022-15374-5,"https://scholar.google.com/scholar?q=related:ZhLlSK9wexgJ:scholar.google.com/&scioq=&hl=en&as_sdt=80005&sciodt=0,11",RF-CNN-F: random forest with convolutional neural network features for coronary artery disease diagnosis based on cardiac magnetic resonance,"F Khozeimeh, D Sharifrazi, NH Izadi, JH Joloudari…",2022,Coronary artery disease (CAD) is a prevalent disease with high morbidity and mortality rates. Invasive coronary angiography is the reference standard for diagnosing CAD but is …,Scientific reports,Unknown,Unknown,Unclassified,2026-08-23 16:38:16,error,
P4,Classification of coronary artery diseased and normal subjects using multi-channel phonocardiogram signal,2019,"Samanta, Pranab; Pathak, Akanksha; Mandana, Kayapanda; Saha, Goutam",67,"A Maity, A Pathak, G Saha",Transfer learning based heart valve disease classification from phonocardiogram signal,2023.0,Biomedical signal processing and control,Elsevier,https://www.sciencedirect.com/science/article/pii/S1746809423002380,"https://scholar.google.com/scholar?cites=7124526970628981024&as_sdt=80005&sciodt=0,11&hl=en",3,2026-08-23 16:38:16,,,,,,,,,67,22.33,22,3,3.0,Physiological conditions that prevent heart valves from functioning precisely to ensure proper blood circulation are known as heart valve disorder (HVD). Detection of HVD is …,,"https://scholar.google.com/scholar?q=related:IMEHTYhn32IJ:scholar.google.com/&scioq=&hl=en&as_sdt=80005&sciodt=0,11",Transfer learning based heart valve disease classification from phonocardiogram signal,"A Maity, A Pathak, G Saha",2023,Physiological conditions that prevent heart valves from functioning precisely to ensure proper blood circulation are known as heart valve disorder (HVD). Detection of HVD is …,Biomedical signal processing and control,Unknown,Unknown,Unclassified,2026-08-23 16:38:16,error,
P4,Classification of coronary artery diseased and normal subjects using multi-channel phonocardiogram signal,2019,"Samanta, Pranab; Pathak, Akanksha; Mandana, Kayapanda; Saha, Goutam",28,"H Zhang, F Tian, Y Tan, L Shen, J Liu…",An AI-assisted all-in-one integrated coronary artery disease diagnosis system using a portable heart sound sensor with an on-board executable lightweight model,2025.0,IEEE Transactions …,ieeexplore.ieee.org,https://ieeexplore.ieee.org/abstract/document/10909628/,"https://scholar.google.com/scholar?cites=710021318816306512&as_sdt=80005&sciodt=0,11&hl=en",4,2026-08-23 16:38:16,,,,,,,,,28,28.0,5,6,1.0,Heart sounds play a crucial role in assessing Coronary Artery Disease (CAD). The advancement of Artificial Intelligence (AI) technologies has given rise to Computer Audition …,,"https://scholar.google.com/scholar?q=related:UBUAq6CA2gkJ:scholar.google.com/&scioq=&hl=en&as_sdt=80005&sciodt=0,11",An AI-assisted all-in-one integrated coronary artery disease diagnosis system using a portable heart sound sensor with an on-board executable lightweight model,"H Zhang, F Tian, Y Tan, L Shen, J Liu…",2025,Heart sounds play a crucial role in assessing Coronary Artery Disease (CAD). The advancement of Artificial Intelligence (AI) technologies has given rise to Computer Audition …,IEEE Transactions …,Unknown,Unknown,Unclassified,2026-08-23 16:38:16,error,
P4,Classification of coronary artery diseased and normal subjects using multi-channel phonocardiogram signal,2019,"Samanta, Pranab; Pathak, Akanksha; Mandana, Kayapanda; Saha, Goutam",41,"S Mandala, SS Amini, AR Syaifullah, M Pramudyo…",Enhanced myocardial infarction identification in phonocardiogram signals using segmented feature extraction and transfer learning-based classification,2023.0,IEEE …,ieeexplore.ieee.org,https://ieeexplore.ieee.org/abstract/document/10339316/,"https://scholar.google.com/scholar?cites=18006165265862789829&as_sdt=80005&sciodt=0,11&hl=en",5,2026-08-23 16:38:16,,,,,,,,,41,13.67,8,5,3.0,"Myocardial Infarction (MI), commonly known as a heart attack, is a type of cardiovascular disease characterized by the death of heart muscle cells. This condition occurs due to the …",https://ieeexplore.ieee.org/iel7/6287639/10005208/10339316.pdf,"https://scholar.google.com/scholar?q=related:xYq6lui_4vkJ:scholar.google.com/&scioq=&hl=en&as_sdt=80005&sciodt=0,11",Enhanced myocardial infarction identification in phonocardiogram signals using segmented feature extraction and transfer learning-based classification,"S Mandala, SS Amini, AR Syaifullah, M Pramudyo…",2023,"Myocardial Infarction (MI), commonly known as a heart attack, is a type of cardiovascular disease characterized by the death of heart muscle cells. This condition occurs due to the …",IEEE …,Unknown,Unknown,Unclassified,2026-08-23 16:38:16,error,
P4,Classification of coronary artery diseased and normal subjects using multi-channel phonocardiogram signal,2019,"Samanta, Pranab; Pathak, Akanksha; Mandana, Kayapanda; Saha, Goutam",23,"C Sun, C Liu, X Wang, Y Liu, S Zhao",Coronary artery disease detection based on a novel multi-modal deep-coding method using ECG and PCG signals,2024.0,Sensors,mdpi.com,https://www.mdpi.com/1424-8220/24/21/6939,"https://scholar.google.com/scholar?cites=5843006524523813666&as_sdt=80005&sciodt=0,11&hl=en",6,2026-08-23 16:38:16,HTML,,,,,,,,23,11.5,5,5,2.0,Coronary artery disease (CAD) is an irreversible and fatal disease. It necessitates timely and precise diagnosis to slow CAD progression. Electrocardiogram (ECG) and …,https://www.mdpi.com/1424-8220/24/21/6939,"https://scholar.google.com/scholar?q=related:IhuI-nmHFlEJ:scholar.google.com/&scioq=&hl=en&as_sdt=80005&sciodt=0,11",Coronary artery disease detection based on a novel multi-modal deep-coding method using ECG and PCG signals,"C Sun, C Liu, X Wang, Y Liu, S Zhao",2024,Coronary artery disease (CAD) is an irreversible and fatal disease. It necessitates timely and precise diagnosis to slow CAD progression. Electrocardiogram (ECG) and …,Sensors,Unknown,Unknown,Unclassified,2026-08-23 16:38:16,error,
P4,Classification of coronary artery diseased and normal subjects using multi-channel phonocardiogram signal,2019,"Samanta, Pranab; Pathak, Akanksha; Mandana, Kayapanda; Saha, Goutam",23,"W Zhao, H Ma, N Jin, Y Zheng, X Guo",Detection of coronary heart disease based on heart sound and hybrid vision transformer,2025.0,Applied Acoustics,Elsevier,https://www.sciencedirect.com/science/article/pii/S0003682X24005711,"https://scholar.google.com/scholar?cites=12045783269970538114&as_sdt=80005&sciodt=0,11&hl=en",7,2026-08-23 16:38:16,,,,,,,,,23,23.0,5,5,1.0,"As a non-invasive examination method, phonocardiogram (PCG) has been widely used to assist in the diagnosis of cardiovascular diseases. Coronary heart disease (CHD) is the …",,"https://scholar.google.com/scholar?q=related:gu7vDxA4K6cJ:scholar.google.com/&scioq=&hl=en&as_sdt=80005&sciodt=0,11",Detection of coronary heart disease based on heart sound and hybrid vision transformer,"W Zhao, H Ma, N Jin, Y Zheng, X Guo",2025,"As a non-invasive examination method, phonocardiogram (PCG) has been widely used to assist in the diagnosis of cardiovascular diseases. Coronary heart disease (CHD) is the …",Applied Acoustics,Unknown,Unknown,Unclassified,2026-08-23 16:38:16,error,
P4,Classification of coronary artery diseased and normal subjects using multi-channel phonocardiogram signal,2019,"Samanta, Pranab; Pathak, Akanksha; Mandana, Kayapanda; Saha, Goutam",21,"C Sun, X Liu, C Liu, X Wang, Y Liu, S Zhao, M Zhang","Enhanced cad detection using novel multi-modal learning: Integration of ecg, pcg, and coupling signals",2024.0,Bioengineering,mdpi.com,https://www.mdpi.com/2306-5354/11/11/1093,"https://scholar.google.com/scholar?cites=12973168336302238293&as_sdt=80005&sciodt=0,11&hl=en",8,2026-08-23 16:38:16,HTML,,,,,,,,21,10.5,3,7,2.0,Early and highly precise detection is essential for delaying the progression of coronary artery disease (CAD). Previous methods primarily based on single-modal data inherently …,https://www.mdpi.com/2306-5354/11/11/1093,"https://scholar.google.com/scholar?q=related:Veqj-N3zCbQJ:scholar.google.com/&scioq=&hl=en&as_sdt=80005&sciodt=0,11","Enhanced cad detection using novel multi-modal learning: Integration of ecg, pcg, and coupling signals","C Sun, X Liu, C Liu, X Wang, Y Liu, S Zhao, M Zhang",2024,Early and highly precise detection is essential for delaying the progression of coronary artery disease (CAD). Previous methods primarily based on single-modal data inherently …,Bioengineering,Unknown,Unknown,Unclassified,2026-08-23 16:38:16,error,
P4,Classification of coronary artery diseased and normal subjects using multi-channel phonocardiogram signal,2019,"Samanta, Pranab; Pathak, Akanksha; Mandana, Kayapanda; Saha, Goutam",102,"H Li, X Wang, C Liu, Q Zeng, Y Zheng, X Chu…",A fusion framework based on multi-domain features and deep learning features of phonocardiogram for coronary artery disease detection,2020.0,Computers in biology …,Elsevier,https://www.sciencedirect.com/science/article/pii/S0010482520301165,"https://scholar.google.com/scholar?cites=8468267014212391500&as_sdt=80005&sciodt=0,11&hl=en",9,2026-08-23 16:38:16,,,,,,,,,102,17.0,15,7,6.0,Phonocardiogram (PCG) signals reflect the mechanical activity of the heart. Previous studies have reported that PCG signals contain heart murmurs caused by coronary artery disease …,,"https://scholar.google.com/scholar?q=related:TJJJjftThXUJ:scholar.google.com/&scioq=&hl=en&as_sdt=80005&sciodt=0,11",A fusion framework based on multi-domain features and deep learning features of phonocardiogram for coronary artery disease detection,"H Li, X Wang, C Liu, Q Zeng, Y Zheng, X Chu…",2020,Phonocardiogram (PCG) signals reflect the mechanical activity of the heart. Previous studies have reported that PCG signals contain heart murmurs caused by coronary artery disease …,Computers in biology …,Unknown,Unknown,Unclassified,2026-08-23 16:38:16,error,
P4,Classification of coronary artery diseased and normal subjects using multi-channel phonocardiogram signal,2019,"Samanta, Pranab; Pathak, Akanksha; Mandana, Kayapanda; Saha, Goutam",0,"A Ainiwaer, TJAJ Konings, K Kadier, X Ma…",Coronary artery disease diagnosis with signal processing and machine learning of heart sound signals: a systematic review,2026.0,npj Digital …,nature.com,https://www.nature.com/articles/s41746-026-02530-8,,10,2026-08-23 16:38:16,,,,,,,,,0,0.0,0,5,1.0,Coronary artery disease (CAD) remains a major contributor to morbidity and mortality worldwide. Heart sound analysis has been investigated as a noninvasive approach to CAD …,https://www.nature.com/articles/s41746-026-02530-8_reference.pdf,"https://scholar.google.com/scholar?q=related:i82T2Kv5W7gJ:scholar.google.com/&scioq=&hl=en&as_sdt=80005&sciodt=0,11",Coronary artery disease diagnosis with signal processing and machine learning of heart sound signals: a systematic review,"A Ainiwaer, TJAJ Konings, K Kadier, X Ma…",2026,Coronary artery disease (CAD) remains a major contributor to morbidity and mortality worldwide. Heart sound analysis has been investigated as a noninvasive approach to CAD …,npj Digital …,Unknown,Unknown,Unclassified,2026-08-23 16:38:16,error,
P4,Classification of coronary artery diseased and normal subjects using multi-channel phonocardiogram signal,2019,"Samanta, Pranab; Pathak, Akanksha; Mandana, Kayapanda; Saha, Goutam",38,"X Zhou, X Guo, Y Zheng, Y Zhao",Detection of coronary heart disease based on MFCC characteristics of heart sound,2023.0,Applied Acoustics,Elsevier,https://www.sciencedirect.com/science/article/pii/S0003682X2300381X,"https://scholar.google.com/scholar?cites=1989234813856610958&as_sdt=80005&sciodt=0,11&hl=en",11,2026-08-23 16:38:16,,,,,,,,,38,12.67,10,4,3.0,Background Phonocardiogram (PCG) has been widely used to aid in the diagnosis of cardiovascular diseases. Coronary heart disease (CHD) is one of the leading causes of …,,"https://scholar.google.com/scholar?q=related:jnrDFoYumxsJ:scholar.google.com/&scioq=&hl=en&as_sdt=80005&sciodt=0,11",Detection of coronary heart disease based on MFCC characteristics of heart sound,"X Zhou, X Guo, Y Zheng, Y Zhao",2023,Background Phonocardiogram (PCG) has been widely used to aid in the diagnosis of cardiovascular diseases. Coronary heart disease (CHD) is one of the leading causes of …,Applied Acoustics,Unknown,Unknown,Unclassified,2026-08-23 16:38:16,error,
P4,Classification of coronary artery diseased and normal subjects using multi-channel phonocardiogram signal,2019,"Samanta, Pranab; Pathak, Akanksha; Mandana, Kayapanda; Saha, Goutam",4,"MK Nath, SS Dash, K Mookkandi",Towards intelligent phonocardiogram analysis: Advances and future perspectives in cardiovascular disease detection,2026.0,Engineering Applications of Artificial …,Elsevier,https://www.sciencedirect.com/science/article/pii/S0952197625033780,"https://scholar.google.com/scholar?cites=4460205589578286002&as_sdt=80005&sciodt=0,11&hl=en",12,2026-08-23 16:38:16,,,,,,,,,4,4.0,1,3,1.0,"Abstract Phonocardiogram (PCG), electrocardiogram (ECG), and ballistocardiogram (BCG) are the non-stationary digital signals used in clinics for identifying various heart related …",,"https://scholar.google.com/scholar?q=related:soMGQFrV5T0J:scholar.google.com/&scioq=&hl=en&as_sdt=80005&sciodt=0,11",Towards intelligent phonocardiogram analysis: Advances and future perspectives in cardiovascular disease detection,"MK Nath, SS Dash, K Mookkandi",2026,"Abstract Phonocardiogram (PCG), electrocardiogram (ECG), and ballistocardiogram (BCG) are the non-stationary digital signals used in clinics for identifying various heart related …",Engineering Applications of Artificial …,Unknown,Unknown,Unclassified,2026-08-23 16:38:16,error,
P4,Classification of coronary artery diseased and normal subjects using multi-channel phonocardiogram signal,2019,"Samanta, Pranab; Pathak, Akanksha; Mandana, Kayapanda; Saha, Goutam",69,"H Li, X Wang, C Liu, P Li, Y Jiao",Integrating multi-domain deep features of electrocardiogram and phonocardiogram for coronary artery disease detection,2021.0,Computers in Biology and Medicine,Elsevier,https://www.sciencedirect.com/science/article/pii/S0010482521007083,"https://scholar.google.com/scholar?cites=5695311402758775726&as_sdt=80005&sciodt=0,11&hl=en",13,2026-08-23 16:38:16,,,,,,,,,69,13.8,14,5,5.0,Electrocardiogram (ECG) and phonocardiogram (PCG) are both noninvasive and convenient tools that can capture abnormal heart states caused by coronary artery disease …,,"https://scholar.google.com/scholar?q=related:riOrtovPCU8J:scholar.google.com/&scioq=&hl=en&as_sdt=80005&sciodt=0,11",Integrating multi-domain deep features of electrocardiogram and phonocardiogram for coronary artery disease detection,"H Li, X Wang, C Liu, P Li, Y Jiao",2021,Electrocardiogram (ECG) and phonocardiogram (PCG) are both noninvasive and convenient tools that can capture abnormal heart states caused by coronary artery disease …,Computers in Biology and Medicine,Unknown,Unknown,Unclassified,2026-08-23 16:38:16,error,
P4,Classification of coronary artery diseased and normal subjects using multi-channel phonocardiogram signal,2019,"Samanta, Pranab; Pathak, Akanksha; Mandana, Kayapanda; Saha, Goutam",109,"SK Ghosh, RK Tripathy, RN Ponnalagu…",Automated detection of heart valve disorders from the PCG signal using time-frequency magnitude and phase features,2019.0,IEEE Sensors …,ieeexplore.ieee.org,https://ieeexplore.ieee.org/abstract/document/8883037/,"https://scholar.google.com/scholar?cites=4179211883129167408&as_sdt=80005&sciodt=0,11&hl=en",14,2026-08-23 16:38:16,,,,,,,,,109,15.57,27,4,7.0,"In this letter, we propose a method for the automated detection of heart valve disorders namely, the aortic stenosis (AS), mitral stenosis (MS), and mitral regurgitation (MR) from the …",https://www.academia.edu/download/105868789/lsens.2019.294917020230922-1-nw7cir.pdf,"https://scholar.google.com/scholar?q=related:MF4BtxCL_zkJ:scholar.google.com/&scioq=&hl=en&as_sdt=80005&sciodt=0,11",Automated detection of heart valve disorders from the PCG signal using time-frequency magnitude and phase features,"SK Ghosh, RK Tripathy, RN Ponnalagu…",2019,"In this letter, we propose a method for the automated detection of heart valve disorders namely, the aortic stenosis (AS), mitral stenosis (MS), and mitral regurgitation (MR) from the …",IEEE Sensors …,Unknown,Unknown,Unclassified,2026-08-23 16:38:16,error,
P4,Classification of coronary artery diseased and normal subjects using multi-channel phonocardiogram signal,2019,"Samanta, Pranab; Pathak, Akanksha; Mandana, Kayapanda; Saha, Goutam",76,"MU Khan, S Aziz, K Iqtidar, GF Zaher…",A two-stage classification model integrating feature fusion for coronary artery disease detection and classification,2022.0,Multimedia Tools and …,Springer,https://link.springer.com/article/10.1007/s11042-021-10805-3,"https://scholar.google.com/scholar?cites=13512091376412304309&as_sdt=80005&sciodt=0,11&hl=en",15,2026-08-23 16:38:16,,10.1007/s11042-021-10805-3,,,,,,,76,19.0,15,5,4.0,"Abstract According to the World Health Organization, Coronary Artery Disease (CAD) is a leading cause of death globally. CAD is categorized into three types, namely Single Vessel …",,"https://scholar.google.com/scholar?q=related:taOsR4SXhLsJ:scholar.google.com/&scioq=&hl=en&as_sdt=80005&sciodt=0,11",A two-stage classification model integrating feature fusion for coronary artery disease detection and classification,"MU Khan, S Aziz, K Iqtidar, GF Zaher…",2022,"Abstract According to the World Health Organization, Coronary Artery Disease (CAD) is a leading cause of death globally. CAD is categorized into three types, namely Single Vessel …",Multimedia Tools and …,Unknown,Unknown,Unclassified,2026-08-23 16:38:16,error,
P4,Classification of coronary artery diseased and normal subjects using multi-channel phonocardiogram signal,2019,"Samanta, Pranab; Pathak, Akanksha; Mandana, Kayapanda; Saha, Goutam",56,"A Pathak, K Mandana, G Saha",Ensembled transfer learning and multiple kernel learning for phonocardiogram based atherosclerotic coronary artery disease detection,2022.0,IEEE Journal of Biomedical …,ieeexplore.ieee.org,https://ieeexplore.ieee.org/abstract/document/9669106/,"https://scholar.google.com/scholar?cites=3258735548767970850&as_sdt=80005&sciodt=0,11&hl=en",16,2026-08-23 16:38:16,,,,,,,,,56,14.0,19,3,4.0,"Conventional machine learning has paved the way for a simple, affordable, non-invasive approach for Coronary artery disease (CAD) detection using phonocardiogram (PCG). It …",,"https://scholar.google.com/scholar?q=related:IqZAUbdaOS0J:scholar.google.com/&scioq=&hl=en&as_sdt=80005&sciodt=0,11",Ensembled transfer learning and multiple kernel learning for phonocardiogram based atherosclerotic coronary artery disease detection,"A Pathak, K Mandana, G Saha",2022,"Conventional machine learning has paved the way for a simple, affordable, non-invasive approach for Coronary artery disease (CAD) detection using phonocardiogram (PCG). It …",IEEE Journal of Biomedical …,Unknown,Unknown,Unclassified,2026-08-23 16:38:16,error,
P4,Classification of coronary artery diseased and normal subjects using multi-channel phonocardiogram signal,2019,"Samanta, Pranab; Pathak, Akanksha; Mandana, Kayapanda; Saha, Goutam",56,"K Iqtidar, U Qamar, S Aziz, MU Khan",Phonocardiogram signal analysis for classification of Coronary Artery Diseases using MFCC and 1D adaptive local ternary patterns,2021.0,Computers in Biology and Medicine,Elsevier,https://www.sciencedirect.com/science/article/pii/S0010482521007204,"https://scholar.google.com/scholar?cites=9833873827549311062&as_sdt=80005&sciodt=0,11&hl=en",17,2026-08-23 16:38:16,,,,,,,,,56,11.2,14,4,5.0,Abstract Coronary Artery Diseases (CADs) are a dominant cause of worldwide fatalities. The development of accurate and timely diagnosis routines is imperative to reduce these risks …,https://www.researchgate.net/profile/Sumair-Aziz/publication/355162111_Phonocardiogram_Signal_Analysis_for_Classification_of_Coronary_Artery_Diseases_using_MFCC_and_1D_Adaptive_Local_Ternary_Patterns/links/67a8a4a1645ef274a478a103/Phonocardiogram-Signal-Analysis-for-Classification-of-Coronary-Artery-Diseases-using-MFCC-and-1D-Adaptive-Local-Ternary-Patterns.pdf,"https://scholar.google.com/scholar?q=related:VnAW4STweIgJ:scholar.google.com/&scioq=&hl=en&as_sdt=80005&sciodt=0,11",Phonocardiogram signal analysis for classification of Coronary Artery Diseases using MFCC and 1D adaptive local ternary patterns,"K Iqtidar, U Qamar, S Aziz, MU Khan",2021,Abstract Coronary Artery Diseases (CADs) are a dominant cause of worldwide fatalities. The development of accurate and timely diagnosis routines is imperative to reduce these risks …,Computers in Biology and Medicine,Unknown,Unknown,Unclassified,2026-08-23 16:38:16,error,
P4,Classification of coronary artery diseased and normal subjects using multi-channel phonocardiogram signal,2019,"Samanta, Pranab; Pathak, Akanksha; Mandana, Kayapanda; Saha, Goutam",4,"M Jakubec, E Lieskovska, P Pocta",A robust deep learning based model for denoising phonocardiogram signals in clinical environments,2025.0,Engineering Applications of Artificial …,Elsevier,https://www.sciencedirect.com/science/article/pii/S0952197625022948,"https://scholar.google.com/scholar?cites=15665872037981697718&as_sdt=80005&sciodt=0,11&hl=en",18,2026-08-23 16:38:16,,,,,,,,,4,4.0,1,3,1.0,"A cardiac auscultation, being a very popular first line cardiovascular diseases screening method, typically produces phonocardiogram signals contaminated by background sounds …",,"https://scholar.google.com/scholar?q=related:trafAJ5baNkJ:scholar.google.com/&scioq=&hl=en&as_sdt=80005&sciodt=0,11",A robust deep learning based model for denoising phonocardiogram signals in clinical environments,"M Jakubec, E Lieskovska, P Pocta",2025,"A cardiac auscultation, being a very popular first line cardiovascular diseases screening method, typically produces phonocardiogram signals contaminated by background sounds …",Engineering Applications of Artificial …,Unknown,Unknown,Unclassified,2026-08-23 16:38:16,error,
P4,Classification of coronary artery diseased and normal subjects using multi-channel phonocardiogram signal,2019,"Samanta, Pranab; Pathak, Akanksha; Mandana, Kayapanda; Saha, Goutam",13,"A Maity, G Saha",Enhancing cross-domain robustness in phonocardiogram signal classification using domain-invariant preprocessing and transfer learning,2024.0,Computer methods and programs in biomedicine,Elsevier,https://www.sciencedirect.com/science/article/pii/S0169260724004553,"https://scholar.google.com/scholar?cites=16002312569823237532&as_sdt=80005&sciodt=0,11&hl=en",19,2026-08-23 16:38:16,,,,,,,,,13,6.5,7,2,2.0,Background and objective: Phonocardiogram (PCG) signal analysis is a non-invasive and cost-efficient approach for diagnosing cardiovascular diseases. Existing PCG-based …,,"https://scholar.google.com/scholar?q=related:nBUVlX-iE94J:scholar.google.com/&scioq=&hl=en&as_sdt=80005&sciodt=0,11",Enhancing cross-domain robustness in phonocardiogram signal classification using domain-invariant preprocessing and transfer learning,"A Maity, G Saha",2024,Background and objective: Phonocardiogram (PCG) signal analysis is a non-invasive and cost-efficient approach for diagnosing cardiovascular diseases. Existing PCG-based …,Computer methods and programs in biomedicine,Unknown,Unknown,Unclassified,2026-08-23 16:38:16,error,
P4,Classification of coronary artery diseased and normal subjects using multi-channel phonocardiogram signal,2019,"Samanta, Pranab; Pathak, Akanksha; Mandana, Kayapanda; Saha, Goutam",66,"T Tuncer, S Dogan, RS Tan, UR Acharya",Application of Petersen graph pattern technique for automated detection of heart valve diseases with PCG signals,2021.0,Information Sciences,Elsevier,https://www.sciencedirect.com/science/article/pii/S0020025521001298,"https://scholar.google.com/scholar?cites=2092331191816234468&as_sdt=80005&sciodt=0,11&hl=en",20,2026-08-23 16:38:16,,,,,,,,,66,13.2,17,4,5.0,"This work aimed to use machine learning to diagnose four heart valve disease conditions and normal heart sounds. This paper proposed the automated classification of normal, aortic …",,"https://scholar.google.com/scholar?q=related:5CWtICJ0CR0J:scholar.google.com/&scioq=&hl=en&as_sdt=80005&sciodt=0,11",Application of Petersen graph pattern technique for automated detection of heart valve diseases with PCG signals,"T Tuncer, S Dogan, RS Tan, UR Acharya",2021,"This work aimed to use machine learning to diagnose four heart valve disease conditions and normal heart sounds. This paper proposed the automated classification of normal, aortic …",Information Sciences,Unknown,Unknown,Unclassified,2026-08-23 16:38:16,error,
P4,Classification of coronary artery diseased and normal subjects using multi-channel phonocardiogram signal,2019,"Samanta, Pranab; Pathak, Akanksha; Mandana, Kayapanda; Saha, Goutam",32,"N Giordano, S Rosati, G Balestra, M Knaflitz",A wearable multi-sensor array enables the recording of heart sounds in homecare,2023.0,Sensors,mdpi.com,https://www.mdpi.com/1424-8220/23/13/6241,"https://scholar.google.com/scholar?cites=5693566449251539645&as_sdt=80005&sciodt=0,11&hl=en",21,2026-08-23 16:38:16,HTML,,,,,,,,32,10.67,8,4,3.0,"The home monitoring of patients affected by chronic heart failure (CHF) is of key importance in preventing acute episodes. Nevertheless, no wearable technological solution exists to …",https://www.mdpi.com/1424-8220/23/13/6241,"https://scholar.google.com/scholar?q=related:vVq4EIWcA08J:scholar.google.com/&scioq=&hl=en&as_sdt=80005&sciodt=0,11",A wearable multi-sensor array enables the recording of heart sounds in homecare,"N Giordano, S Rosati, G Balestra, M Knaflitz",2023,"The home monitoring of patients affected by chronic heart failure (CHF) is of key importance in preventing acute episodes. Nevertheless, no wearable technological solution exists to …",Sensors,Unknown,Unknown,Unclassified,2026-08-23 16:38:16,error,
P4,Classification of coronary artery diseased and normal subjects using multi-channel phonocardiogram signal,2019,"Samanta, Pranab; Pathak, Akanksha; Mandana, Kayapanda; Saha, Goutam",21,"C Yin, Y Zheng, X Ding, Y Shi, J Qin…",Detection of coronary artery disease based on clinical phonocardiogram and multiscale attention convolutional compression network,2024.0,IEEE Journal of …,ieeexplore.ieee.org,https://ieeexplore.ieee.org/abstract/document/10400808/,"https://scholar.google.com/scholar?cites=13231130960341926336&as_sdt=80005&sciodt=0,11&hl=en",22,2026-08-23 16:38:16,,,,,,,,,21,10.5,4,6,2.0,"Heart sound is an important physiological signal that contains rich pathological information related with coronary stenosis. Thus, some machine learning methods are developed to …",,"https://scholar.google.com/scholar?q=related:wIHaw4FrnrcJ:scholar.google.com/&scioq=&hl=en&as_sdt=80005&sciodt=0,11",Detection of coronary artery disease based on clinical phonocardiogram and multiscale attention convolutional compression network,"C Yin, Y Zheng, X Ding, Y Shi, J Qin…",2024,"Heart sound is an important physiological signal that contains rich pathological information related with coronary stenosis. Thus, some machine learning methods are developed to …",IEEE Journal of …,Unknown,Unknown,Unclassified,2026-08-23 16:38:16,error,
P4,Classification of coronary artery diseased and normal subjects using multi-channel phonocardiogram signal,2019,"Samanta, Pranab; Pathak, Akanksha; Mandana, Kayapanda; Saha, Goutam",17,"B Karan, T Padhi",Hilbert domain characterizations of wavelet packets for automated heart sound abnormality detection,2024.0,Biomedical Signal Processing and Control,Elsevier,https://www.sciencedirect.com/science/article/pii/S1746809423012260,"https://scholar.google.com/scholar?cites=15753883517752654871&as_sdt=80005&sciodt=0,11&hl=en",23,2026-08-23 16:38:16,,,,,,,,,17,8.5,9,2,2.0,Heart valve disease (HVD) is a common disease that affects millions of people worldwide. Early detection and treatment are essential for improving the prognosis of patients with HVD …,,"https://scholar.google.com/scholar?q=related:FzyHfJcJodoJ:scholar.google.com/&scioq=&hl=en&as_sdt=80005&sciodt=0,11",Hilbert domain characterizations of wavelet packets for automated heart sound abnormality detection,"B Karan, T Padhi",2024,Heart valve disease (HVD) is a common disease that affects millions of people worldwide. Early detection and treatment are essential for improving the prognosis of patients with HVD …,Biomedical Signal Processing and Control,Unknown,Unknown,Unclassified,2026-08-23 16:38:16,error,
P4,Classification of coronary artery diseased and normal subjects using multi-channel phonocardiogram signal,2019,"Samanta, Pranab; Pathak, Akanksha; Mandana, Kayapanda; Saha, Goutam",43,"W Zeng, Z Lin, C Yuan, Q Wang, F Liu…","Detection of heart valve disorders from PCG signals using TQWT, FA-MVEMD, Shannon energy envelope and deterministic learning: W. Zeng et al.",2021.0,Artificial Intelligence …,Springer,https://link.springer.com/article/10.1007/s10462-021-09969-z,"https://scholar.google.com/scholar?cites=18156823773172965555&as_sdt=80005&sciodt=0,11&hl=en",24,2026-08-23 16:38:16,,10.1007/s10462-021-09969-z,,,,,,,43,8.6,7,6,5.0,"Heart valve disorders (HVDs) are the major causes of cardiovascular diseases (CVD), which may be detected at the early stage using routine auscultation examination. The …",,"https://scholar.google.com/scholar?q=related:s6BX0QX_-fsJ:scholar.google.com/&scioq=&hl=en&as_sdt=80005&sciodt=0,11","Detection of heart valve disorders from PCG signals using TQWT, FA-MVEMD, Shannon energy envelope and deterministic learning: W. Zeng et al.","W Zeng, Z Lin, C Yuan, Q Wang, F Liu…",2021,"Heart valve disorders (HVDs) are the major causes of cardiovascular diseases (CVD), which may be detected at the early stage using routine auscultation examination. The …",Artificial Intelligence …,Unknown,Unknown,Unclassified,2026-08-23 16:38:16,error,
P4,Classification of coronary artery diseased and normal subjects using multi-channel phonocardiogram signal,2019,"Samanta, Pranab; Pathak, Akanksha; Mandana, Kayapanda; Saha, Goutam",25,"S Ismail, B Ismail",PCG signal classification using a hybrid multi round transfer learning classifier,2023.0,Biocybernetics and Biomedical Engineering,Elsevier,https://www.sciencedirect.com/science/article/pii/S0208521623000049,"https://scholar.google.com/scholar?cites=3895095216937701485&as_sdt=80005&sciodt=0,11&hl=en",25,2026-08-23 16:38:16,,,,,,,,,25,8.33,13,2,3.0,Diagnosis of cardiovascular diseases using Phonocardiography (PCG) is a challenging task as signal itself is cyclo-stationary. It has spectral contents which are overlapped by multiple …,,"https://scholar.google.com/scholar?q=related:bRDlc3YoDjYJ:scholar.google.com/&scioq=&hl=en&as_sdt=80005&sciodt=0,11",PCG signal classification using a hybrid multi round transfer learning classifier,"S Ismail, B Ismail",2023,Diagnosis of cardiovascular diseases using Phonocardiography (PCG) is a challenging task as signal itself is cyclo-stationary. It has spectral contents which are overlapped by multiple …,Biocybernetics and Biomedical Engineering,Unknown,Unknown,Unclassified,2026-08-23 16:38:16,error,
P4,Classification of coronary artery diseased and normal subjects using multi-channel phonocardiogram signal,2019,"Samanta, Pranab; Pathak, Akanksha; Mandana, Kayapanda; Saha, Goutam",44,"A Pathak, P Samanta, K Mandana, G Saha",An improved method to detect coronary artery disease using phonocardiogram signals in noisy environment,2020.0,Applied Acoustics,Elsevier,https://www.sciencedirect.com/science/article/pii/S0003682X19305742,"https://scholar.google.com/scholar?cites=7667963420594937197&as_sdt=80005&sciodt=0,11&hl=en",26,2026-08-23 16:38:16,,,,,,,,,44,7.33,11,4,6.0,Identification of coronary artery disease (CAD) from phonocardiogram (PCG) signal is a low signal to noise ratio (SNR) problem. This study proposes a PCG based CAD detection …,https://www.academia.edu/download/100636830/j.apacoust.2020.10724220230403-1-isznqn.pdf,"https://scholar.google.com/scholar?q=related:bR1AuxoUamoJ:scholar.google.com/&scioq=&hl=en&as_sdt=80005&sciodt=0,11",An improved method to detect coronary artery disease using phonocardiogram signals in noisy environment,"A Pathak, P Samanta, K Mandana, G Saha",2020,Identification of coronary artery disease (CAD) from phonocardiogram (PCG) signal is a low signal to noise ratio (SNR) problem. This study proposes a PCG based CAD detection …,Applied Acoustics,Unknown,Unknown,Unclassified,2026-08-23 16:38:16,error,
P4,Classification of coronary artery diseased and normal subjects using multi-channel phonocardiogram signal,2019,"Samanta, Pranab; Pathak, Akanksha; Mandana, Kayapanda; Saha, Goutam",4,"H Ma, W Zhao, N Jin, Y Zheng, X Guo",Assessment for coronary heart disease severity by STFTs from synchronized PCG and ECG,2025.0,Applied Acoustics,Elsevier,https://www.sciencedirect.com/science/article/pii/S0003682X25004128,"https://scholar.google.com/scholar?cites=3370936796681555691&as_sdt=80005&sciodt=0,11&hl=en",27,2026-08-23 16:38:16,,,,,,,,,4,4.0,1,5,1.0,"Electrocardiogram (ECG) and phonocardiogram (PCG) signals reflect the electrical and mechanical activities of the heart, respectively. Noninvasive assessment of the severity of …",,"https://scholar.google.com/scholar?q=related:605_Fij5xy4J:scholar.google.com/&scioq=&hl=en&as_sdt=80005&sciodt=0,11",Assessment for coronary heart disease severity by STFTs from synchronized PCG and ECG,"H Ma, W Zhao, N Jin, Y Zheng, X Guo",2025,"Electrocardiogram (ECG) and phonocardiogram (PCG) signals reflect the electrical and mechanical activities of the heart, respectively. Noninvasive assessment of the severity of …",Applied Acoustics,Unknown,Unknown,Unclassified,2026-08-23 16:38:16,error,
P4,Classification of coronary artery diseased and normal subjects using multi-channel phonocardiogram signal,2019,"Samanta, Pranab; Pathak, Akanksha; Mandana, Kayapanda; Saha, Goutam",40,"A Pathak, P Samanta, K Mandana, G Saha",Detection of coronary artery atherosclerotic disease using novel features from synchrosqueezing transform of phonocardiogram,2020.0,Biomedical Signal Processing …,Elsevier,https://www.sciencedirect.com/science/article/pii/S1746809420302111,"https://scholar.google.com/scholar?cites=15418839254571035533&as_sdt=80005&sciodt=0,11&hl=en",28,2026-08-23 16:38:16,,,,,,,,,40,6.67,10,4,6.0,"Objective Atherosclerotic coronary artery disease (CAD) detection through a simple, non-invasive approach will be useful in point-of-care diagnosis. Though numerous studies have …",,"https://scholar.google.com/scholar?q=related:jSuOCZy4-tUJ:scholar.google.com/&scioq=&hl=en&as_sdt=80005&sciodt=0,11",Detection of coronary artery atherosclerotic disease using novel features from synchrosqueezing transform of phonocardiogram,"A Pathak, P Samanta, K Mandana, G Saha",2020,"Objective Atherosclerotic coronary artery disease (CAD) detection through a simple, non-invasive approach will be useful in point-of-care diagnosis. Though numerous studies have …",Biomedical Signal Processing …,Unknown,Unknown,Unclassified,2026-08-23 16:38:16,error,
P4,Classification of coronary artery diseased and normal subjects using multi-channel phonocardiogram signal,2019,"Samanta, Pranab; Pathak, Akanksha; Mandana, Kayapanda; Saha, Goutam",14,"SA Singh, ND Devi, KN Singh, K Thongam…",An ensemble-based transfer learning model for predicting the imbalance heart sound signal using spectrogram images,2024.0,Multimedia Tools and …,Springer,https://link.springer.com/article/10.1007/s11042-023-17186-9,"https://scholar.google.com/scholar?cites=10849871588719315389&as_sdt=80005&sciodt=0,11&hl=en",29,2026-08-23 16:38:16,,10.1007/s11042-023-17186-9,,,,,,,14,7.0,3,5,2.0,"Heart sound signal analysis is an important area in healthcare, and the detection of imbalanced heart sounds can provide valuable diagnostic information. However, due to …",,"https://scholar.google.com/scholar?q=related:vck3kLl8kpYJ:scholar.google.com/&scioq=&hl=en&as_sdt=80005&sciodt=0,11",An ensemble-based transfer learning model for predicting the imbalance heart sound signal using spectrogram images,"SA Singh, ND Devi, KN Singh, K Thongam…",2024,"Heart sound signal analysis is an important area in healthcare, and the detection of imbalanced heart sounds can provide valuable diagnostic information. However, due to …",Multimedia Tools and …,Unknown,Unknown,Unclassified,2026-08-23 16:38:16,error,
P4,Classification of coronary artery diseased and normal subjects using multi-channel phonocardiogram signal,2019,"Samanta, Pranab; Pathak, Akanksha; Mandana, Kayapanda; Saha, Goutam",34,"MA Kobat, S Dogan",Novel three kernelled binary pattern feature extractor based automated PCG sound classification method,2021.0,Applied Acoustics,Elsevier,https://www.sciencedirect.com/science/article/pii/S0003682X2100133X,"https://scholar.google.com/scholar?cites=11472947265451076938&as_sdt=80005&sciodt=0,11&hl=en",30,2026-08-23 16:38:16,,,,,,,,,34,6.8,17,2,5.0,"Background Heart valve diseases are commonly seen ailments, and many people suffer from these diseases. Therefore, early diagnosis and accurate treatment are crucial for these …",,"https://scholar.google.com/scholar?q=related:Si0AbMAYOJ8J:scholar.google.com/&scioq=&hl=en&as_sdt=80005&sciodt=0,11",Novel three kernelled binary pattern feature extractor based automated PCG sound classification method,"MA Kobat, S Dogan",2021,"Background Heart valve diseases are commonly seen ailments, and many people suffer from these diseases. Therefore, early diagnosis and accurate treatment are crucial for these …",Applied Acoustics,Unknown,Unknown,Unclassified,2026-08-23 16:38:16,error,
P4,Classification of coronary artery diseased and normal subjects using multi-channel phonocardiogram signal,2019,"Samanta, Pranab; Pathak, Akanksha; Mandana, Kayapanda; Saha, Goutam",34,"H Zhang, X Wang, C Liu, Y Liu, P Li…",Detection of coronary artery disease using multi-modal feature fusion and hybrid feature selection,2020.0,Physiological …,iopscience.iop.org,https://iopscience.iop.org/article/10.1088/1361-6579/abc323/meta,"https://scholar.google.com/scholar?cites=5368676860009369766&as_sdt=80005&sciodt=0,11&hl=en",31,2026-08-23 16:38:16,,10.1088/1361-6579/abc323,,,,,,,34,5.67,6,6,6.0,"Objective: Coronary artery disease (CAD) is a common fatal disease. At present, an accurate method to screen CAD is urgently needed. This study aims to provide optimal detection …",,"https://scholar.google.com/scholar?q=related:ptC34ihfgUoJ:scholar.google.com/&scioq=&hl=en&as_sdt=80005&sciodt=0,11",Detection of coronary artery disease using multi-modal feature fusion and hybrid feature selection,"H Zhang, X Wang, C Liu, Y Liu, P Li…",2020,"Objective: Coronary artery disease (CAD) is a common fatal disease. At present, an accurate method to screen CAD is urgently needed. This study aims to provide optimal detection …",Physiological …,Unknown,Unknown,Unclassified,2026-08-23 16:38:16,error,
P4,Classification of coronary artery diseased and normal subjects using multi-channel phonocardiogram signal,2019,"Samanta, Pranab; Pathak, Akanksha; Mandana, Kayapanda; Saha, Goutam",19,"W Yang, J Xu, J Xiang, Z Yan, H Zhou, B Wen…",Diagnosis of cardiac abnormalities based on phonocardiogram using a novel fuzzy matching feature extraction method,2022.0,BMC medical informatics …,Springer,https://link.springer.com/article/10.1186/s12911-022-01976-6,"https://scholar.google.com/scholar?cites=5424123974920557117&as_sdt=80005&sciodt=0,11&hl=en",32,2026-08-23 16:38:16,HTML,10.1186/s12911-022-01976-6,,,,,,,19,4.75,3,7,4.0,Background The diagnosis of cardiac abnormalities based on heart sound signal is a research hotspot in recent years. The early diagnosis of cardiac abnormalities has a crucial …,https://link.springer.com/article/10.1186/s12911-022-01976-6,"https://scholar.google.com/scholar?q=related:PdLRVgRcRksJ:scholar.google.com/&scioq=&hl=en&as_sdt=80005&sciodt=0,11",Diagnosis of cardiac abnormalities based on phonocardiogram using a novel fuzzy matching feature extraction method,"W Yang, J Xu, J Xiang, Z Yan, H Zhou, B Wen…",2022,Background The diagnosis of cardiac abnormalities based on heart sound signal is a research hotspot in recent years. The early diagnosis of cardiac abnormalities has a crucial …,BMC medical informatics …,Unknown,Unknown,Unclassified,2026-08-23 16:38:16,error,
P4,Classification of coronary artery diseased and normal subjects using multi-channel phonocardiogram signal,2019,"Samanta, Pranab; Pathak, Akanksha; Mandana, Kayapanda; Saha, Goutam",1,"YF Dai, PF Liu, WQ Hou, H Maimaiti, K Kadier…","Integrating multi-modal deep features of electrocardiogram, heart sound signals and baseline data for coronary artery disease detection using transfer learning",2026.0,… Signal Processing and …,Elsevier,https://www.sciencedirect.com/science/article/pii/S1746809426007020,"https://scholar.google.com/scholar?cites=12993618294426163754&as_sdt=80005&sciodt=0,11&hl=en",33,2026-08-23 16:38:16,,,,,,,,,1,1.0,0,6,1.0,"Coronary artery disease (CAD) remains one of the leading causes of death worldwide. Its pathogenesis involves plaque buildup within the arterial walls, leading to myocardial …",,"https://scholar.google.com/scholar?q=related:KtpJ4v6aUrQJ:scholar.google.com/&scioq=&hl=en&as_sdt=80005&sciodt=0,11","Integrating multi-modal deep features of electrocardiogram, heart sound signals and baseline data for coronary artery disease detection using transfer learning","YF Dai, PF Liu, WQ Hou, H Maimaiti, K Kadier…",2026,"Coronary artery disease (CAD) remains one of the leading causes of death worldwide. Its pathogenesis involves plaque buildup within the arterial walls, leading to myocardial …",… Signal Processing and …,Unknown,Unknown,Unclassified,2026-08-23 16:38:16,error,
P4,Classification of coronary artery diseased and normal subjects using multi-channel phonocardiogram signal,2019,"Samanta, Pranab; Pathak, Akanksha; Mandana, Kayapanda; Saha, Goutam",14,"J Wang, J Zang, Q An, H Wang…",A pooling convolution model for multi-classification of ECG and PCG signals,2025.0,Computer Methods in …,Taylor &Francis,https://www.tandfonline.com/doi/abs/10.1080/10255842.2023.2299697,"https://scholar.google.com/scholar?cites=8105628889073612473&as_sdt=80005&sciodt=0,11&hl=en",34,2026-08-23 16:38:16,,10.1080/10255842.2023.2299697,,,,,,,14,14.0,3,5,1.0,Electrocardiogram (ECG) and phonocardiogram (PCG) signals are physiological signals generated throughout the cardiac cycle. The application of deep learning techniques to …,https://www.researchsquare.com/article/rs-3107018/latest.pdf,"https://scholar.google.com/scholar?q=related:uXZgdof6fHAJ:scholar.google.com/&scioq=&hl=en&as_sdt=80005&sciodt=0,11",A pooling convolution model for multi-classification of ECG and PCG signals,"J Wang, J Zang, Q An, H Wang…",2025,Electrocardiogram (ECG) and phonocardiogram (PCG) signals are physiological signals generated throughout the cardiac cycle. The application of deep learning techniques to …,Computer Methods in …,Unknown,Unknown,Unclassified,2026-08-23 16:38:16,error,
P4,Classification of coronary artery diseased and normal subjects using multi-channel phonocardiogram signal,2019,"Samanta, Pranab; Pathak, Akanksha; Mandana, Kayapanda; Saha, Goutam",8,"I Puspasari, N Ahmadi, M Pramudyo…",Automated acute myocardial infarction detection using machine learning from phonocardiogram,2024.0,IEEE …,ieeexplore.ieee.org,https://ieeexplore.ieee.org/abstract/document/10741566/,"https://scholar.google.com/scholar?cites=504504464191025980&as_sdt=80005&sciodt=0,11&hl=en",35,2026-08-23 16:38:16,,,,,,,,,8,4.0,2,4,2.0,"Early detection of myocardial infarction (MI) is critical due to rapid heart muscle deterioration. Current diagnosis relies on electrocardiogram (ECG) and troponin tests, but troponin tests …",https://ieeexplore.ieee.org/iel8/6287639/6514899/10741566.pdf,"https://scholar.google.com/scholar?q=related:PHO0HyNcAAcJ:scholar.google.com/&scioq=&hl=en&as_sdt=80005&sciodt=0,11",Automated acute myocardial infarction detection using machine learning from phonocardiogram,"I Puspasari, N Ahmadi, M Pramudyo…",2024,"Early detection of myocardial infarction (MI) is critical due to rapid heart muscle deterioration. Current diagnosis relies on electrocardiogram (ECG) and troponin tests, but troponin tests …",IEEE …,Unknown,Unknown,Unclassified,2026-08-23 16:38:16,error,
P4,Classification of coronary artery diseased and normal subjects using multi-channel phonocardiogram signal,2019,"Samanta, Pranab; Pathak, Akanksha; Mandana, Kayapanda; Saha, Goutam",4,"C Yin, J Qin, Y Shi, Y Zheng, X Guo",Detection of severe coronary artery disease based on clinical phonocardiogram and large kernel convolution interaction network,2025.0,Biomedical Signal Processing and …,Elsevier,https://www.sciencedirect.com/science/article/pii/S1746809424012448,"https://scholar.google.com/scholar?cites=7494074689009590753&as_sdt=80005&sciodt=0,11&hl=en",36,2026-08-23 16:38:16,,,,,,,,,4,4.0,1,5,1.0,"Heart sound auscultation coupled with machine learning algorithms is a risk-free and low-cost method for coronary artery disease detection (CAD). However, current studies mainly …",,"https://scholar.google.com/scholar?q=related:4aGpbjlNAGgJ:scholar.google.com/&scioq=&hl=en&as_sdt=80005&sciodt=0,11",Detection of severe coronary artery disease based on clinical phonocardiogram and large kernel convolution interaction network,"C Yin, J Qin, Y Shi, Y Zheng, X Guo",2025,"Heart sound auscultation coupled with machine learning algorithms is a risk-free and low-cost method for coronary artery disease detection (CAD). However, current studies mainly …",Biomedical Signal Processing and …,Unknown,Unknown,Unclassified,2026-08-23 16:38:16,error,
P4,Classification of coronary artery diseased and normal subjects using multi-channel phonocardiogram signal,2019,"Samanta, Pranab; Pathak, Akanksha; Mandana, Kayapanda; Saha, Goutam",26,"KA Babu, B Ramkumar",Automatic recognition of fundamental heart sound segments from PCG corrupted with lung sounds and speech,2020.0,Ieee Access,ieeexplore.ieee.org,https://ieeexplore.ieee.org/abstract/document/9189879/,"https://scholar.google.com/scholar?cites=4829939039785013963&as_sdt=80005&sciodt=0,11&hl=en",37,2026-08-23 16:38:16,,,,,,,,,26,4.33,13,2,6.0,Automated recognition of fundamental heart sound segments (FHSS) from Phonocardiogram (PCG) is the preliminary step before clinical parameters extraction to …,https://ieeexplore.ieee.org/iel7/6287639/8948470/09189879.pdf,"https://scholar.google.com/scholar?q=related:y1ItcfdjB0MJ:scholar.google.com/&scioq=&hl=en&as_sdt=80005&sciodt=0,11",Automatic recognition of fundamental heart sound segments from PCG corrupted with lung sounds and speech,"KA Babu, B Ramkumar",2020,Automated recognition of fundamental heart sound segments (FHSS) from Phonocardiogram (PCG) is the preliminary step before clinical parameters extraction to …,Ieee Access,Unknown,Unknown,Unclassified,2026-08-23 16:38:16,error,
P4,Classification of coronary artery diseased and normal subjects using multi-channel phonocardiogram signal,2019,"Samanta, Pranab; Pathak, Akanksha; Mandana, Kayapanda; Saha, Goutam",18,"Y Huang, H Li, R Tao, W Han, P Zhang, X Yu…",A customized framework for coronary artery disease detection using phonocardiogram signals,2022.0,… Signal Processing and …,Elsevier,https://www.sciencedirect.com/science/article/pii/S1746809422004815,"https://scholar.google.com/scholar?cites=13939186648084074634&as_sdt=80005&sciodt=0,11&hl=en",38,2026-08-23 16:38:16,,,,,,,,,18,4.5,3,7,4.0,"Phonocardiogram (PCG) auscultation is one of the most commonly used methods for coronary artery disease (CAD) detection. However, its detection accuracy is influenced by …",https://drive.google.com/file/d/1C8aeQy_Bj9HTZJo0_sxmua48e5n4fpsZ/view,"https://scholar.google.com/scholar?q=related:ilDrSGfwccEJ:scholar.google.com/&scioq=&hl=en&as_sdt=80005&sciodt=0,11",A customized framework for coronary artery disease detection using phonocardiogram signals,"Y Huang, H Li, R Tao, W Han, P Zhang, X Yu…",2022,"Phonocardiogram (PCG) auscultation is one of the most commonly used methods for coronary artery disease (CAD) detection. However, its detection accuracy is influenced by …",… Signal Processing and …,Unknown,Unknown,Unclassified,2026-08-23 16:38:16,error,
P4,Classification of coronary artery diseased and normal subjects using multi-channel phonocardiogram signal,2019,"Samanta, Pranab; Pathak, Akanksha; Mandana, Kayapanda; Saha, Goutam",15,"Y Rong, M Fynn, S Nordholm, S Siaw…",Wearable electro-phonocardiography device for cardiovascular disease monitoring,2023.0,2023 IEEE Statistical …,ieeexplore.ieee.org,https://ieeexplore.ieee.org/abstract/document/10208027/,"https://scholar.google.com/scholar?cites=5938219865489458631&as_sdt=80005&sciodt=0,11&hl=en",39,2026-08-23 16:38:16,,,,,,,,,15,5.0,3,5,3.0,"In this paper, we present a new wearable multichannel phonocardiography (PCG) and electrocardiography (ECG) device for cardiovascular disease (CVD) pre-screening and …",https://ddfe.curtin.edu.au/yurong/SSP23.pdf,"https://scholar.google.com/scholar?q=related:x8WqcIHLaFIJ:scholar.google.com/&scioq=&hl=en&as_sdt=80005&sciodt=0,11",Wearable electro-phonocardiography device for cardiovascular disease monitoring,"Y Rong, M Fynn, S Nordholm, S Siaw…",2023,"In this paper, we present a new wearable multichannel phonocardiography (PCG) and electrocardiography (ECG) device for cardiovascular disease (CVD) pre-screening and …",2023 IEEE Statistical …,Unknown,Unknown,Unclassified,2026-08-23 16:38:16,error,
P4,Classification of coronary artery diseased and normal subjects using multi-channel phonocardiogram signal,2019,"Samanta, Pranab; Pathak, Akanksha; Mandana, Kayapanda; Saha, Goutam",3,VM Shervegar,Heart sound classification technique for early CVD detection using improved wavelet time scattering and discriminant analysis classifiers,2025.0,Informatics and Health,Elsevier,https://www.sciencedirect.com/science/article/pii/S2949953425000037,"https://scholar.google.com/scholar?cites=18424169949184176906&as_sdt=80005&sciodt=0,11&hl=en",40,2026-08-23 16:38:16,HTML,,,,,,,,3,3.0,3,1,1.0,"Objective PCG represents the acoustic replay of heart sounds from the cardiac structure. To detect and analyse the different conditions of the heart, heart sound signals are essential …",https://www.sciencedirect.com/science/article/pii/S2949953425000037,"https://scholar.google.com/scholar?q=related:CrOMDvTMr_8J:scholar.google.com/&scioq=&hl=en&as_sdt=80005&sciodt=0,11",Heart sound classification technique for early CVD detection using improved wavelet time scattering and discriminant analysis classifiers,VM Shervegar,2025,"Objective PCG represents the acoustic replay of heart sounds from the cardiac structure. To detect and analyse the different conditions of the heart, heart sound signals are essential …",Informatics and Health,Unknown,Unknown,Unclassified,2026-08-23 16:38:16,error,
P4,Classification of coronary artery diseased and normal subjects using multi-channel phonocardiogram signal,2019,"Samanta, Pranab; Pathak, Akanksha; Mandana, Kayapanda; Saha, Goutam",13,"M Fynn, S Nordholm, Y Rong",Coherence function and adaptive noise cancellation performance of an acoustic sensor system for use in detecting coronary artery disease,2022.0,Sensors,mdpi.com,https://www.mdpi.com/1424-8220/22/17/6591,"https://scholar.google.com/scholar?cites=10463380878119767601&as_sdt=80005&sciodt=0,11&hl=en",41,2026-08-23 16:38:16,HTML,,,,,,,,13,3.25,4,3,4.0,"Adaptive noise cancellation is a useful linear technique to attenuate unwanted background noise that cannot be removed using traditional frequency-selective filters. Usually, this is due …",https://www.mdpi.com/1424-8220/22/17/6591,"https://scholar.google.com/scholar?q=related:MY7xpXhlNZEJ:scholar.google.com/&scioq=&hl=en&as_sdt=80005&sciodt=0,11",Coherence function and adaptive noise cancellation performance of an acoustic sensor system for use in detecting coronary artery disease,"M Fynn, S Nordholm, Y Rong",2022,"Adaptive noise cancellation is a useful linear technique to attenuate unwanted background noise that cannot be removed using traditional frequency-selective filters. Usually, this is due …",Sensors,Unknown,Unknown,Unclassified,2026-08-23 16:38:16,error,
P4,Classification of coronary artery diseased and normal subjects using multi-channel phonocardiogram signal,2019,"Samanta, Pranab; Pathak, Akanksha; Mandana, Kayapanda; Saha, Goutam",6,"S Donkada, S Pouriyeh, RM Parizi, M Han…",Uncovering promises and challenges of federated learning to detect cardiovascular diseases: A scoping literature review,2023.0,arXiv preprint arXiv …,arxiv.org,https://arxiv.org/abs/2308.13714,"https://scholar.google.com/scholar?cites=2819768367279340550&as_sdt=80005&sciodt=0,11&hl=en",42,2026-08-23 16:38:16,,,,,,,,,6,2.0,1,5,3.0,"Cardiovascular diseases (CVD) are the leading cause of death globally, and early detection can significantly improve outcomes for patients. Machine learning (ML) models can help …",https://arxiv.org/pdf/2308.13714,"https://scholar.google.com/scholar?q=related:BnyR6GPUIScJ:scholar.google.com/&scioq=&hl=en&as_sdt=80005&sciodt=0,11",Uncovering promises and challenges of federated learning to detect cardiovascular diseases: A scoping literature review,"S Donkada, S Pouriyeh, RM Parizi, M Han…",2023,"Cardiovascular diseases (CVD) are the leading cause of death globally, and early detection can significantly improve outcomes for patients. Machine learning (ML) models can help …",arXiv preprint arXiv …,Unknown,Unknown,Unclassified,2026-08-23 16:38:16,error,
P4,Classification of coronary artery diseased and normal subjects using multi-channel phonocardiogram signal,2019,"Samanta, Pranab; Pathak, Akanksha; Mandana, Kayapanda; Saha, Goutam",6,"I Puspasari, TLR Mengko, AW Setiawan…",Automated classification of myocardial infarction based on auscultation position using random forest,2024.0,… in Information and …,ieeexplore.ieee.org,https://ieeexplore.ieee.org/abstract/document/10463493/,"https://scholar.google.com/scholar?cites=16263018057049246311&as_sdt=80005&sciodt=0,11&hl=en",43,2026-08-23 16:38:16,,,,,,,,,6,3.0,2,4,2.0,Myocardial Infarction is a disease requiring immediate treatment. ECG examination has the disadvantage of diagnosing MI signals. This research used phonocardiogram signals to …,,"https://scholar.google.com/scholar?q=related:Zwov-sHYseEJ:scholar.google.com/&scioq=&hl=en&as_sdt=80005&sciodt=0,11",Automated classification of myocardial infarction based on auscultation position using random forest,"I Puspasari, TLR Mengko, AW Setiawan…",2024,Myocardial Infarction is a disease requiring immediate treatment. ECG examination has the disadvantage of diagnosing MI signals. This research used phonocardiogram signals to …,… in Information and …,Unknown,Unknown,Unclassified,2026-08-23 16:38:16,error,
P4,Classification of coronary artery diseased and normal subjects using multi-channel phonocardiogram signal,2019,"Samanta, Pranab; Pathak, Akanksha; Mandana, Kayapanda; Saha, Goutam",4,"G Poornima, R Pallavi",Cybersecurity for space systems,2024.0,Cyber Space and Outer Space Security …,books.google.com,https://books.google.com/books?hl=en&lr=&id=Q28cEQAAQBAJ&oi=fnd&pg=PA17&ots=z-RytB3PpQ&sig=sQdpXdbmcK34JbaYRjj0gGbsDIM,"https://scholar.google.com/scholar?cites=18211029168966507988&as_sdt=80005&sciodt=0,11&hl=en",44,2026-08-23 16:38:16,,,,,,,,,4,2.0,2,2,2.0,"Abstract Space security has become increasingly important over the past 10 years as space has become more integrated into our daily lives. However, there is no agreed-upon …",,"https://scholar.google.com/scholar?q=related:1J2GAouSuvwJ:scholar.google.com/&scioq=&hl=en&as_sdt=80005&sciodt=0,11",Cybersecurity for space systems,"G Poornima, R Pallavi",2024,"Abstract Space security has become increasingly important over the past 10 years as space has become more integrated into our daily lives. However, there is no agreed-upon …",Cyber Space and Outer Space Security …,Unknown,Unknown,Unclassified,2026-08-23 16:38:16,error,
P4,Classification of coronary artery diseased and normal subjects using multi-channel phonocardiogram signal,2019,"Samanta, Pranab; Pathak, Akanksha; Mandana, Kayapanda; Saha, Goutam",3,"C Yin, Y Shi, Y Zheng, X Guo",Fast Convolution Compression Network for Coronary Artery Disease Detection Using Auscultation Signal,2025.0,IEEE Sensors Journal,ieeexplore.ieee.org,https://ieeexplore.ieee.org/abstract/document/10937299/,"https://scholar.google.com/scholar?cites=11121180268730888647&as_sdt=80005&sciodt=0,11&hl=en",45,2026-08-23 16:38:16,,,,,,,,,3,3.0,1,4,1.0,"Heart sound auscultation combined with deep learning is a common method for coronary artery disease (CAD) detection. However, current studies predominantly focus on improving …",,"https://scholar.google.com/scholar?q=related:x7HJKIheVpoJ:scholar.google.com/&scioq=&hl=en&as_sdt=80005&sciodt=0,11",Fast Convolution Compression Network for Coronary Artery Disease Detection Using Auscultation Signal,"C Yin, Y Shi, Y Zheng, X Guo",2025,"Heart sound auscultation combined with deep learning is a common method for coronary artery disease (CAD) detection. However, current studies predominantly focus on improving …",IEEE Sensors Journal,Unknown,Unknown,Unclassified,2026-08-23 16:38:16,error,
P4,Classification of coronary artery diseased and normal subjects using multi-channel phonocardiogram signal,2019,"Samanta, Pranab; Pathak, Akanksha; Mandana, Kayapanda; Saha, Goutam",9,"S Deepika, N Jaisankar",Review on machine learning and deep learning-based heart disease classification and prediction,2023.0,The Open …,openbiomedicalengineeringjournal …,https://openbiomedicalengineeringjournal.com/VOLUME/17/ELOCATOR/e187412072301060/FULLTEXT/,"https://scholar.google.com/scholar?cites=3438932758596896425&as_sdt=80005&sciodt=0,11&hl=en",46,2026-08-23 16:38:16,HTML,,,,,,,,9,3.0,5,2,3.0,"Coronary Heart disease is the major factor for people's deaths throughout the world, and it is necessary to detect and predict the disease in the earlier stages because time plays a vital …",https://openbiomedicalengineeringjournal.com/VOLUME/17/ELOCATOR/e187412072301060/FULLTEXT/,"https://scholar.google.com/scholar?q=related:qUafqh-LuS8J:scholar.google.com/&scioq=&hl=en&as_sdt=80005&sciodt=0,11",Review on machine learning and deep learning-based heart disease classification and prediction,"S Deepika, N Jaisankar",2023,"Coronary Heart disease is the major factor for people's deaths throughout the world, and it is necessary to detect and predict the disease in the earlier stages because time plays a vital …",The Open …,Unknown,Unknown,Unclassified,2026-08-23 16:38:16,error,
P4,Classification of coronary artery diseased and normal subjects using multi-channel phonocardiogram signal,2019,"Samanta, Pranab; Pathak, Akanksha; Mandana, Kayapanda; Saha, Goutam",5,"P Careena, MMSJ Preetha, P Arun",Statistically significant feature-based heart murmur detection and classification using spectrogram image comparison of phonocardiogram records with machine …,2024.0,Australian Journal of Electrical …,Taylor &Francis,https://www.tandfonline.com/doi/abs/10.1080/1448837X.2024.2312491,"https://scholar.google.com/scholar?cites=902019420666119556&as_sdt=80005&sciodt=0,11&hl=en",47,2026-08-23 16:38:16,,10.1080/1448837X.2024.2312491,,,,,,,5,2.5,2,3,2.0,"Computerized evaluation of valve anomalies from cardiac sound is a well-tried endeavor in cardiology. Conversely, automated methods for the diagnosis of cardiovascular diseases …",,"https://scholar.google.com/scholar?q=related:hMVOTeKdhAwJ:scholar.google.com/&scioq=&hl=en&as_sdt=80005&sciodt=0,11",Statistically significant feature-based heart murmur detection and classification using spectrogram image comparison of phonocardiogram records with machine …,"P Careena, MMSJ Preetha, P Arun",2024,"Computerized evaluation of valve anomalies from cardiac sound is a well-tried endeavor in cardiology. Conversely, automated methods for the diagnosis of cardiovascular diseases …",Australian Journal of Electrical …,Unknown,Unknown,Unclassified,2026-08-23 16:38:16,error,
P4,Classification of coronary artery diseased and normal subjects using multi-channel phonocardiogram signal,2019,"Samanta, Pranab; Pathak, Akanksha; Mandana, Kayapanda; Saha, Goutam",17,"Y Li, X Wang, C Liu, L Li, C Yan, L Yao, P Li",Variability of cardiac electromechanical delay with application to the noninvasive detection of coronary artery disease,2019.0,IEEE Access,ieeexplore.ieee.org,https://ieeexplore.ieee.org/abstract/document/8692727/,"https://scholar.google.com/scholar?cites=15135623895727300028&as_sdt=80005&sciodt=0,11&hl=en",48,2026-08-23 16:38:16,,,,,,,,,17,2.43,2,7,7.0,"Heart rate variability (HRV), systolic period variability (SPV), and diastolic period variability (DPV) have shown potential for assessing cardiac function. It is unknown whether the time …",https://ieeexplore.ieee.org/iel7/6287639/8600701/08692727.pdf,"https://scholar.google.com/scholar?q=related:vF29vr2JDNIJ:scholar.google.com/&scioq=&hl=en&as_sdt=80005&sciodt=0,11",Variability of cardiac electromechanical delay with application to the noninvasive detection of coronary artery disease,"Y Li, X Wang, C Liu, L Li, C Yan, L Yao, P Li",2019,"Heart rate variability (HRV), systolic period variability (SPV), and diastolic period variability (DPV) have shown potential for assessing cardiac function. It is unknown whether the time …",IEEE Access,Unknown,Unknown,Unclassified,2026-08-23 16:38:16,error,
P4,Classification of coronary artery diseased and normal subjects using multi-channel phonocardiogram signal,2019,"Samanta, Pranab; Pathak, Akanksha; Mandana, Kayapanda; Saha, Goutam",6,"SS Amini, S Mandala…",Myocardial infarction prediction using rnn deep learning algorithm on phonocardiogram signals,2023.0,2023 11th International …,ieeexplore.ieee.org,https://ieeexplore.ieee.org/abstract/document/10262524/,"https://scholar.google.com/scholar?cites=8408157944847787155&as_sdt=80005&sciodt=0,11&hl=en",49,2026-08-23 16:38:16,,,,,,,,,6,2.0,2,3,3.0,Myocardial Infarction (MI) is a cardiovascular disease characterized by the death of the heart muscle. Blockage of blood vessels is one of the causes of myocardial infarction. MI causes …,,"https://scholar.google.com/scholar?q=related:k-QHPhrHr3QJ:scholar.google.com/&scioq=&hl=en&as_sdt=80005&sciodt=0,11",Myocardial infarction prediction using rnn deep learning algorithm on phonocardiogram signals,"SS Amini, S Mandala…",2023,Myocardial Infarction (MI) is a cardiovascular disease characterized by the death of the heart muscle. Blockage of blood vessels is one of the causes of myocardial infarction. MI causes …,2023 11th International …,Unknown,Unknown,Unclassified,2026-08-23 16:38:16,error,
P4,Classification of coronary artery diseased and normal subjects using multi-channel phonocardiogram signal,2019,"Samanta, Pranab; Pathak, Akanksha; Mandana, Kayapanda; Saha, Goutam",5,VM Shervegar,Heart sound classification using wavelet scattering transform and support vector machine,2023.0,Intelligent Data Analysis,journals.sagepub.com,https://journals.sagepub.com/doi/abs/10.3233/IDA-237432,"https://scholar.google.com/scholar?cites=8112202830323997062&as_sdt=80005&sciodt=0,11&hl=en",50,2026-08-23 16:38:16,,10.3233/IDA-237432,,,,,,,5,1.67,5,1,3.0,OBJECTIVE: A representation of the sound recordings that are associated with the movement of the entire cardiac structure is termed the Phonocardiogram (PCG) signal. In …,,"https://scholar.google.com/scholar?q=related:hllhb35VlHAJ:scholar.google.com/&scioq=&hl=en&as_sdt=80005&sciodt=0,11",Heart sound classification using wavelet scattering transform and support vector machine,VM Shervegar,2023,OBJECTIVE: A representation of the sound recordings that are associated with the movement of the entire cardiac structure is termed the Phonocardiogram (PCG) signal. In …,Intelligent Data Analysis,Unknown,Unknown,Unclassified,2026-08-23 16:38:16,error,
P4,Classification of coronary artery diseased and normal subjects using multi-channel phonocardiogram signal,2019,"Samanta, Pranab; Pathak, Akanksha; Mandana, Kayapanda; Saha, Goutam",7,"SS Kumar, K Vijayalakshmi",Coronary artery disease detection from pcg signals using time domain based automutual information and spectral features,2020.0,2020 international conference on …,ieeexplore.ieee.org,https://ieeexplore.ieee.org/abstract/document/9231107/,"https://scholar.google.com/scholar?cites=1139588719657376106&as_sdt=80005&sciodt=0,11&hl=en",51,2026-08-23 16:38:16,,,,,,,,,7,1.17,4,2,6.0,"This paper proposes a quick, compact and cost-effective point-of-care stethoscope-based device that detects Coronary Artery Disease (CAD) from phonocardiogram (PCG) signals, ie …",,"https://scholar.google.com/scholar?q=related:alk4Geeh0A8J:scholar.google.com/&scioq=&hl=en&as_sdt=80005&sciodt=0,11",Coronary artery disease detection from pcg signals using time domain based automutual information and spectral features,"SS Kumar, K Vijayalakshmi",2020,"This paper proposes a quick, compact and cost-effective point-of-care stethoscope-based device that detects Coronary Artery Disease (CAD) from phonocardiogram (PCG) signals, ie …",2020 international conference on …,Unknown,Unknown,Unclassified,2026-08-23 16:38:16,error,
P4,Classification of coronary artery diseased and normal subjects using multi-channel phonocardiogram signal,2019,"Samanta, Pranab; Pathak, Akanksha; Mandana, Kayapanda; Saha, Goutam",6,"R Jothiramalingam, J Anitha, DJ Hemanth",Diagnosis of coronary artery occlusion by fitting polynomial curve with the ECG signal based on optimization techniques,2022.0,Network Modeling Analysis in …,Springer,https://link.springer.com/article/10.1007/s13721-022-00354-6,"https://scholar.google.com/scholar?cites=8315277868619303018&as_sdt=80005&sciodt=0,11&hl=en",52,2026-08-23 16:38:16,,10.1007/s13721-022-00354-6,,,,,,,6,1.5,2,3,4.0,The diagnosis of disease with patients having chest pain is a challenging issue for the general practitioners for further treatment without delay. When blood flow in a coronary …,,"https://scholar.google.com/scholar?q=related:aoi4TyrNZXMJ:scholar.google.com/&scioq=&hl=en&as_sdt=80005&sciodt=0,11",Diagnosis of coronary artery occlusion by fitting polynomial curve with the ECG signal based on optimization techniques,"R Jothiramalingam, J Anitha, DJ Hemanth",2022,The diagnosis of disease with patients having chest pain is a challenging issue for the general practitioners for further treatment without delay. When blood flow in a coronary …,Network Modeling Analysis in …,Unknown,Unknown,Unclassified,2026-08-23 16:38:16,error,
P4,Classification of coronary artery diseased and normal subjects using multi-channel phonocardiogram signal,2019,"Samanta, Pranab; Pathak, Akanksha; Mandana, Kayapanda; Saha, Goutam",2,"J Li, W Zhang",Heart Sound Classification based on Discriminative Dictionary Learning and Support Vector Machine with Multiple Kernel Learning,2024.0,Proceedings of the 2024 4th International Conference …,dl.acm.org,https://dl.acm.org/doi/abs/10.1145/3690407.3690477,"https://scholar.google.com/scholar?cites=15483399556669204916&as_sdt=80005&sciodt=0,11&hl=en",53,2026-08-23 16:38:16,,10.1145/3690407.3690477,,,,,,,2,1.0,1,2,2.0,"Heart sound classification is critical for the early detection of cardiac diseases, enabling timely medical interventions. This study introduces a novel approach that combines …",https://dl.acm.org/doi/full/10.1145/3690407.3690477,"https://scholar.google.com/scholar?q=related:tGm1utwV4NYJ:scholar.google.com/&scioq=&hl=en&as_sdt=80005&sciodt=0,11",Heart Sound Classification based on Discriminative Dictionary Learning and Support Vector Machine with Multiple Kernel Learning,"J Li, W Zhang",2024,"Heart sound classification is critical for the early detection of cardiac diseases, enabling timely medical interventions. This study introduces a novel approach that combines …",Proceedings of the 2024 4th International Conference …,Unknown,Unknown,Unclassified,2026-08-23 16:38:16,error,
P4,Classification of coronary artery diseased and normal subjects using multi-channel phonocardiogram signal,2019,"Samanta, Pranab; Pathak, Akanksha; Mandana, Kayapanda; Saha, Goutam",4,"Y Rong, M Fynn, S Nordholm",9 A Pre-Screening,2024.0,Non-invasive health systems …,books.google.com,https://books.google.com/books?hl=en&lr=&id=oubvEAAAQBAJ&oi=fnd&pg=PA172&ots=zofu-YF9RU&sig=O6Dq8DM4BBq1_Zlxtt_1ETkWxrI,"https://scholar.google.com/scholar?cites=6131195564503021974&as_sdt=80005&sciodt=0,11&hl=en",54,2026-08-23 16:38:16,,,,,,,,,4,2.0,1,3,2.0,"Cardiovascular disease (CVD) including coronary artery disease (CAD) is the leading cause of mortality and morbidity in the world [1], contributing 31% towards all global deaths. Early …",https://ddfe.curtin.edu.au/yurong/CRC_Book_Chapter.pdf,"https://scholar.google.com/scholar?q=related:ljmnpuFhFlUJ:scholar.google.com/&scioq=&hl=en&as_sdt=80005&sciodt=0,11",9 A Pre-Screening,"Y Rong, M Fynn, S Nordholm",2024,"Cardiovascular disease (CVD) including coronary artery disease (CAD) is the leading cause of mortality and morbidity in the world [1], contributing 31% towards all global deaths. Early …",Non-invasive health systems …,Unknown,Unknown,Unclassified,2026-08-23 16:38:16,error,
P4,Classification of coronary artery diseased and normal subjects using multi-channel phonocardiogram signal,2019,"Samanta, Pranab; Pathak, Akanksha; Mandana, Kayapanda; Saha, Goutam",1,"Y Fang, D Liu, Z Guo, H Leng, X Liu, X Wu",Advanced heart disease classification based on multi-channel heart sound coupling features,2025.0,Plos one,journals.plos.org,https://journals.plos.org/plosone/article?id=10.1371/journal.pone.0321209,"https://scholar.google.com/scholar?cites=12029315094371942161&as_sdt=80005&sciodt=0,11&hl=en",55,2026-08-23 16:38:16,HTML,,,,,,,,1,1.0,0,6,1.0,"Conventional heart sound classification methods often rely on single-channel, one-dimensional feature extraction, which inadequately captures pathological relationships …",https://journals.plos.org/plosone/article?id=10.1371/journal.pone.0321209,"https://scholar.google.com/scholar?q=related:Eb9II1i28KYJ:scholar.google.com/&scioq=&hl=en&as_sdt=80005&sciodt=0,11",Advanced heart disease classification based on multi-channel heart sound coupling features,"Y Fang, D Liu, Z Guo, H Leng, X Liu, X Wu",2025,"Conventional heart sound classification methods often rely on single-channel, one-dimensional feature extraction, which inadequately captures pathological relationships …",Plos one,Unknown,Unknown,Unclassified,2026-08-23 16:38:16,error,
P4,Classification of coronary artery diseased and normal subjects using multi-channel phonocardiogram signal,2019,"Samanta, Pranab; Pathak, Akanksha; Mandana, Kayapanda; Saha, Goutam",8,"B Narasimhan, A Malathi",Altered particle swarm optimization based attribute selection strategy with improved fuzzy Artificial Neural Network classifier for coronary artery heart disease …,2019.0,Int. J. Adv. Res. Ideas Innov. Technol,academia.edu,https://www.academia.edu/download/59155235/V5I2-178320190507-124671-1cepsmy.pdf,"https://scholar.google.com/scholar?cites=13015610953662494080&as_sdt=80005&sciodt=0,11&hl=en",56,2026-08-23 16:38:16,PDF,,,,,,,,8,1.14,4,2,7.0,The application of soft computing in decision support system in disease prediction is one of the emerging interdisciplinary research areas in the field of computer science. Machine …,https://www.academia.edu/download/59155235/V5I2-178320190507-124671-1cepsmy.pdf,"https://scholar.google.com/scholar?q=related:gHW84zO9oLQJ:scholar.google.com/&scioq=&hl=en&as_sdt=80005&sciodt=0,11",Altered particle swarm optimization based attribute selection strategy with improved fuzzy Artificial Neural Network classifier for coronary artery heart disease …,"B Narasimhan, A Malathi",2019,The application of soft computing in decision support system in disease prediction is one of the emerging interdisciplinary research areas in the field of computer science. Machine …,Int. J. Adv. Res. Ideas Innov. Technol,Unknown,Unknown,Unclassified,2026-08-23 16:38:16,error,
P4,Classification of coronary artery diseased and normal subjects using multi-channel phonocardiogram signal,2019,"Samanta, Pranab; Pathak, Akanksha; Mandana, Kayapanda; Saha, Goutam",6,"D Angelin, E Daniel, GJL Paulraj…",A Cost Effective Framework for Heart Signal Monitoring System,2020.0,2020 6th International …,ieeexplore.ieee.org,https://ieeexplore.ieee.org/abstract/document/9074230/,"https://scholar.google.com/scholar?cites=2595127102542649465&as_sdt=80005&sciodt=0,11&hl=en",57,2026-08-23 16:38:16,,,,,,,,,6,1.0,2,4,6.0,"In recent years, Smart health monitoring devices has revolutionized the medical field by bringing in an opportunity for an individual to take care of his own health. Medical support …",,"https://scholar.google.com/scholar?q=related:eRgLplm-AyQJ:scholar.google.com/&scioq=&hl=en&as_sdt=80005&sciodt=0,11",A Cost Effective Framework for Heart Signal Monitoring System,"D Angelin, E Daniel, GJL Paulraj…",2020,"In recent years, Smart health monitoring devices has revolutionized the medical field by bringing in an opportunity for an individual to take care of his own health. Medical support …",2020 6th International …,Unknown,Unknown,Unclassified,2026-08-23 16:38:16,error,
P4,Classification of coronary artery diseased and normal subjects using multi-channel phonocardiogram signal,2019,"Samanta, Pranab; Pathak, Akanksha; Mandana, Kayapanda; Saha, Goutam",3,"ZA Abdullah, NY Mohammed…",Diabetes mellitus effect on patients with myocardial infarction through some biochemical markers with magnesium and vitamin D in Basrah,2022.0,… and Cellular Archives,researchgate.net,https://www.researchgate.net/profile/Nidhal-Mohammed-3/publication/365263595_Diabetes_mellitus_effect_on_patients_with_myocardial_infarction_through_some_biochemical_markers_with_magnesium_and_vitamin_D_in_Basrah/links/637fd8de554def6193694894/Diabetes-mellitus-effect-on-patients-with-myocardial-infarction-through-some-biochemical-markers-with-magnesium-and-vitamin-D-in-Basrah.pdf,"https://scholar.google.com/scholar?cites=12502556069707216978&as_sdt=80005&sciodt=0,11&hl=en",58,2026-08-23 16:38:16,PDF,,,,,,,,3,0.75,1,3,4.0,"Cardiovascular diseases, including coronary artery disease (CAD) are a serious health threat (Curtis et al, 2018). And are currently responsible for 30% of all deaths worldwide with …",https://www.researchgate.net/profile/Nidhal-Mohammed-3/publication/365263595_Diabetes_mellitus_effect_on_patients_with_myocardial_infarction_through_some_biochemical_markers_with_magnesium_and_vitamin_D_in_Basrah/links/637fd8de554def6193694894/Diabetes-mellitus-effect-on-patients-with-myocardial-infarction-through-some-biochemical-markers-with-magnesium-and-vitamin-D-in-Basrah.pdf,"https://scholar.google.com/scholar?q=related:UnhNB4EAgq0J:scholar.google.com/&scioq=&hl=en&as_sdt=80005&sciodt=0,11",Diabetes mellitus effect on patients with myocardial infarction through some biochemical markers with magnesium and vitamin D in Basrah,"ZA Abdullah, NY Mohammed…",2022,"Cardiovascular diseases, including coronary artery disease (CAD) are a serious health threat (Curtis et al, 2018). And are currently responsible for 30% of all deaths worldwide with …",… and Cellular Archives,Unknown,Unknown,Unclassified,2026-08-23 16:38:16,error,
P4,Classification of coronary artery diseased and normal subjects using multi-channel phonocardiogram signal,2019,"Samanta, Pranab; Pathak, Akanksha; Mandana, Kayapanda; Saha, Goutam",0,"F Chen, J Cui, R Wang, P Shi, G Wang…",MCAF-Net: A non-invasive early screening method for coronary artery disease based on a multi-scale cross-modal model,2025.0,MATEC Web of …,matec-conferences.org,https://www.matec-conferences.org/articles/matecconf/abs/2025/07/matecconf_maiqs2025_01007/matecconf_maiqs2025_01007.html,,59,2026-08-23 16:38:16,,,,,,,,,0,0.0,0,6,1.0,"Coronary artery disease (CAD) is one of the leading causes of death worldwide. Achieving early, non-invasive, and highly accurate detection of CAD is crucial for reducing its mortality …",https://www.matec-conferences.org/articles/matecconf/pdf/2025/07/matecconf_maiqs2025_01007.pdf,"https://scholar.google.com/scholar?q=related:WDmyaHEj-YQJ:scholar.google.com/&scioq=&hl=en&as_sdt=80005&sciodt=0,11",MCAF-Net: A non-invasive early screening method for coronary artery disease based on a multi-scale cross-modal model,"F Chen, J Cui, R Wang, P Shi, G Wang…",2025,"Coronary artery disease (CAD) is one of the leading causes of death worldwide. Achieving early, non-invasive, and highly accurate detection of CAD is crucial for reducing its mortality …",MATEC Web of …,Unknown,Unknown,Unclassified,2026-08-23 16:38:16,error,
P4,Classification of coronary artery diseased and normal subjects using multi-channel phonocardiogram signal,2019,"Samanta, Pranab; Pathak, Akanksha; Mandana, Kayapanda; Saha, Goutam",6,"B Narasimhan, A Malathi",Artificial lampyridae classifier (ALC) for coronary artery heart disease prediction in diabetes patients,2019.0,"… Journal of Advance Research, Ideas and …",academia.edu,https://www.academia.edu/download/59152274/V5I2-154320190506-91780-1lp2ml1.pdf,"https://scholar.google.com/scholar?cites=3484954662596693837&as_sdt=80005&sciodt=0,11&hl=en",60,2026-08-23 16:38:16,PDF,,,,,,,,6,0.86,3,2,7.0,"Soft computing techniques and its applications extend its wings in almost all areas which include data mining, pattern discovery, industrial applications, robotics, automation and …",https://www.academia.edu/download/59152274/V5I2-154320190506-91780-1lp2ml1.pdf,"https://scholar.google.com/scholar?q=related:Tc9qMs0LXTAJ:scholar.google.com/&scioq=&hl=en&as_sdt=80005&sciodt=0,11",Artificial lampyridae classifier (ALC) for coronary artery heart disease prediction in diabetes patients,"B Narasimhan, A Malathi",2019,"Soft computing techniques and its applications extend its wings in almost all areas which include data mining, pattern discovery, industrial applications, robotics, automation and …","… Journal of Advance Research, Ideas and …",Unknown,Unknown,Unclassified,2026-08-23 16:38:16,error,
P4,Classification of coronary artery diseased and normal subjects using multi-channel phonocardiogram signal,2019,"Samanta, Pranab; Pathak, Akanksha; Mandana, Kayapanda; Saha, Goutam",4,"P Careena, MMSJ Preetha, P Arun",Significance of frequency domain features of pcg records for murmur detection-An investigation,2020.0,… and Pharmacology Journal,researchgate.net,https://www.researchgate.net/profile/Mmary-Preetha/publication/342676090_Significance_of_Frequency_Domain_Features_of_PCG_Records_for_Murmur_Detection_-_An_Investigation/links/641f4e14315dfb4cceab0b55/Significance-of-Frequency-Domain-Features-of-PCG-Records-for-Murmur-Detection-An-Investigation.pdf,"https://scholar.google.com/scholar?cites=4090011701925818119&as_sdt=80005&sciodt=0,11&hl=en",61,2026-08-23 16:38:16,PDF,,,,,,,,4,0.67,1,3,6.0,"Automated identification of valve ailments from heart sound is a popular method an is a skilled task in cardiology. However, the automated methods, mainly depend upon the …",https://www.researchgate.net/profile/Mmary-Preetha/publication/342676090_Significance_of_Frequency_Domain_Features_of_PCG_Records_for_Murmur_Detection_-_An_Investigation/links/641f4e14315dfb4cceab0b55/Significance-of-Frequency-Domain-Features-of-PCG-Records-for-Murmur-Detection-An-Investigation.pdf,"https://scholar.google.com/scholar?q=related:B696HPmjwjgJ:scholar.google.com/&scioq=&hl=en&as_sdt=80005&sciodt=0,11",Significance of frequency domain features of pcg records for murmur detection-An investigation,"P Careena, MMSJ Preetha, P Arun",2020,"Automated identification of valve ailments from heart sound is a popular method an is a skilled task in cardiology. However, the automated methods, mainly depend upon the …",… and Pharmacology Journal,Unknown,Unknown,Unclassified,2026-08-23 16:38:16,error,
P4,Classification of coronary artery diseased and normal subjects using multi-channel phonocardiogram signal,2019,"Samanta, Pranab; Pathak, Akanksha; Mandana, Kayapanda; Saha, Goutam",0,"N Giordano, S Cannone, M Knaflitz…",Impact of the auscultation area on heart sound waveforms for the estimation of Cardiac Time Intervals,2025.0,2025 47th Annual …,ieeexplore.ieee.org,https://ieeexplore.ieee.org/abstract/document/11254057/,,62,2026-08-23 16:38:16,,,,,,,,,0,0.0,0,4,1.0,"Although clinicians still regard traditional auscultation as a key bedside assessment tool, interest in its digital counterpart has recently grown. Digitalizing heart sounds enables the …",,"https://scholar.google.com/scholar?q=related:BBWs9iLIOd0J:scholar.google.com/&scioq=&hl=en&as_sdt=80005&sciodt=0,11",Impact of the auscultation area on heart sound waveforms for the estimation of Cardiac Time Intervals,"N Giordano, S Cannone, M Knaflitz…",2025,"Although clinicians still regard traditional auscultation as a key bedside assessment tool, interest in its digital counterpart has recently grown. Digitalizing heart sounds enables the …",2025 47th Annual …,Unknown,Unknown,Unclassified,2026-08-23 16:38:16,error,
P4,Classification of coronary artery diseased and normal subjects using multi-channel phonocardiogram signal,2019,"Samanta, Pranab; Pathak, Akanksha; Mandana, Kayapanda; Saha, Goutam",3,"PC Thomas, VJ Mathai, G Titus","Emerging Technologies for Sustainability: Proceedings of the Annual International Conference on Emerging Research Areas (AICERA 2019), July 18-20, 2019 …",2020.0,,books.google.com,https://books.google.com/books?hl=en&lr=&id=vifwDwAAQBAJ&oi=fnd&pg=PP1&ots=Cm9ELzB2K9&sig=7cRsIzO_9OH0lcrvwatLGaP9jGQ,"https://scholar.google.com/scholar?cites=14466175709314023212&as_sdt=80005&sciodt=0,11&hl=en",63,2026-08-23 16:38:16,,,,,,,,,3,0.5,1,3,6.0,The theme of conference is Emerging Technologies for Sustainability. Sustainability tends to be problem driven and oriented towards guiding decision making. The goal is to raise the …,https://www.researchgate.net/profile/Thomas-P-C/publication/375161456_Emerging_Technologies_for_Sustainability/links/654262dcff8d8f507ce1ef60/Emerging-Technologies-for-Sustainability.pdf,"https://scholar.google.com/scholar?q=related:LP8LnCkuwsgJ:scholar.google.com/&scioq=&hl=en&as_sdt=80005&sciodt=0,11","Emerging Technologies for Sustainability: Proceedings of the Annual International Conference on Emerging Research Areas (AICERA 2019), July 18-20, 2019 …","PC Thomas, VJ Mathai, G Titus",2020,The theme of conference is Emerging Technologies for Sustainability. Sustainability tends to be problem driven and oriented towards guiding decision making. The goal is to raise the …,Unknown,Unknown,Unknown,Unclassified,2026-08-23 16:38:16,error,
P4,Classification of coronary artery diseased and normal subjects using multi-channel phonocardiogram signal,2019,"Samanta, Pranab; Pathak, Akanksha; Mandana, Kayapanda; Saha, Goutam",0,MNR AbuMoammar,Machine Learning Approaches for Identifying Pathological Conditions in Phonocardiographic Data,2025.0,,assets-eu.researchsquare.com,https://assets-eu.researchsquare.com/files/rs-8174759/v1_covered_72d8fdd9-dd92-4d4a-9f74-52a9e8339de2.pdf,,64,2026-08-23 16:38:16,PDF,,,,,,,,0,0.0,0,1,1.0,"A single PCG signal is subjected to 39 filters as part of the approach, producing 39 processed signals. Six signals are obtained from each of the first 39 signals using …",https://assets-eu.researchsquare.com/files/rs-8174759/v1_covered_72d8fdd9-dd92-4d4a-9f74-52a9e8339de2.pdf,"https://scholar.google.com/scholar?q=related:iirgC5ie5uwJ:scholar.google.com/&scioq=&hl=en&as_sdt=80005&sciodt=0,11",Machine Learning Approaches for Identifying Pathological Conditions in Phonocardiographic Data,MNR AbuMoammar,2025,"A single PCG signal is subjected to 39 filters as part of the approach, producing 39 processed signals. Six signals are obtained from each of the first 39 signals using …",Unknown,Unknown,Unknown,Unclassified,2026-08-23 16:38:16,error,
P4,Classification of coronary artery diseased and normal subjects using multi-channel phonocardiogram signal,2019,"Samanta, Pranab; Pathak, Akanksha; Mandana, Kayapanda; Saha, Goutam",1,"R Hasnat, A Al Mamun, A Musha…",A Review on Heart Diseases Prediction Using Artificial Intelligence,2022.0,… Conference on Machine …,Springer,https://link.springer.com/chapter/10.1007/978-3-031-34622-4_4,"https://scholar.google.com/scholar?cites=13397447971320363339&as_sdt=80005&sciodt=0,11&hl=en",65,2026-08-23 16:38:16,,10.1007/978-3-031-34622-4_4,,,,,,,1,0.25,0,4,4.0,Heart disease is one of the major concerns of this modern world. The insufficiency of the experts has made this issue a bigger concern. Diagnosing heart diseases at an early stage …,,"https://scholar.google.com/scholar?q=related:S_lTe_JL7bkJ:scholar.google.com/&scioq=&hl=en&as_sdt=80005&sciodt=0,11",A Review on Heart Diseases Prediction Using Artificial Intelligence,"R Hasnat, A Al Mamun, A Musha…",2022,Heart disease is one of the major concerns of this modern world. The insufficiency of the experts has made this issue a bigger concern. Diagnosing heart diseases at an early stage …,… Conference on Machine …,Unknown,Unknown,Unclassified,2026-08-23 16:38:16,error,
P4,Classification of coronary artery diseased and normal subjects using multi-channel phonocardiogram signal,2019,"Samanta, Pranab; Pathak, Akanksha; Mandana, Kayapanda; Saha, Goutam",2,"N Giordano, S Rosati, M Knaflitz…",Comparison of hierarchical and partitional clustering in multi-source phonocardiography,2022.0,2022 IEEE International …,ieeexplore.ieee.org,https://ieeexplore.ieee.org/abstract/document/9856547/,"https://scholar.google.com/scholar?cites=10260153027740340590&as_sdt=80005&sciodt=0,11&hl=en",66,2026-08-23 16:38:16,,,,,,,,,2,0.5,1,4,4.0,"Phonocardiography (PCG) has proved a valuable tool over the years to monitor the status of at-risk patients for some cardiovascular diseases. Its multi-source version, consisting of the …",,"https://scholar.google.com/scholar?q=related:bpGcb9FiY44J:scholar.google.com/&scioq=&hl=en&as_sdt=80005&sciodt=0,11",Comparison of hierarchical and partitional clustering in multi-source phonocardiography,"N Giordano, S Rosati, M Knaflitz…",2022,"Phonocardiography (PCG) has proved a valuable tool over the years to monitor the status of at-risk patients for some cardiovascular diseases. Its multi-source version, consisting of the …",2022 IEEE International …,Unknown,Unknown,Unclassified,2026-08-23 16:38:16,error,
P4,Classification of coronary artery diseased and normal subjects using multi-channel phonocardiogram signal,2019,"Samanta, Pranab; Pathak, Akanksha; Mandana, Kayapanda; Saha, Goutam",2,"P Careena, M Mary Synthuja Jain Preetha…",Effectiveness of Wilson Amplitude for the Detection of Murmur from the PCG Records,2020.0,… Systems and Networks …,Springer,https://link.springer.com/chapter/10.1007/978-981-15-3992-3_15,"https://scholar.google.com/scholar?cites=4674746288159319017&as_sdt=80005&sciodt=0,11&hl=en",67,2026-08-23 16:38:16,,10.1007/978-981-15-3992-3_15,,,,,,,2,0.33,1,3,6.0,"Methods employed for the automatic detection of valve ailments from the heart records is a skilled task in cardiology. However, automated approaches, proposed for envisaging the …",,"https://scholar.google.com/scholar?q=related:6ePPMPsI4EAJ:scholar.google.com/&scioq=&hl=en&as_sdt=80005&sciodt=0,11",Effectiveness of Wilson Amplitude for the Detection of Murmur from the PCG Records,"P Careena, M Mary Synthuja Jain Preetha…",2020,"Methods employed for the automatic detection of valve ailments from the heart records is a skilled task in cardiology. However, automated approaches, proposed for envisaging the …",… Systems and Networks …,Unknown,Unknown,Unclassified,2026-08-23 16:38:16,error,
P4,Classification of coronary artery diseased and normal subjects using multi-channel phonocardiogram signal,2019,"Samanta, Pranab; Pathak, Akanksha; Mandana, Kayapanda; Saha, Goutam",0,"A Supani, S Nurmaini, RU Partan…",Deep Learning for Coronary Artery Stenosis Segmentation: A Preliminary Study,2025.0,… des Systemes d' …,researchgate.net,https://www.researchgate.net/profile/Ahyar-Supani/publication/395625353_Deep_Learning_for_Coronary_Artery_Stenosis_Segmentation_A_Preliminary_Study/links/691b5901de8143098271db34/Deep-Learning-for-Coronary-Artery-Stenosis-Segmentation-A-Preliminary-Study.pdf,,68,2026-08-23 16:38:16,PDF,,,,,,,,0,0.0,0,4,1.0,"Manual stenosis interpretation in X-ray Coronary Angiography (XCA) is often subjective and prone to high inter-observer variability, primarily due to the small diameter of coronary …",https://www.researchgate.net/profile/Ahyar-Supani/publication/395625353_Deep_Learning_for_Coronary_Artery_Stenosis_Segmentation_A_Preliminary_Study/links/691b5901de8143098271db34/Deep-Learning-for-Coronary-Artery-Stenosis-Segmentation-A-Preliminary-Study.pdf,"https://scholar.google.com/scholar?q=related:bFTJtjhhF7oJ:scholar.google.com/&scioq=&hl=en&as_sdt=80005&sciodt=0,11",Deep Learning for Coronary Artery Stenosis Segmentation: A Preliminary Study,"A Supani, S Nurmaini, RU Partan…",2025,"Manual stenosis interpretation in X-ray Coronary Angiography (XCA) is often subjective and prone to high inter-observer variability, primarily due to the small diameter of coronary …",… des Systemes d' …,Unknown,Unknown,Unclassified,2026-08-23 16:38:16,error,
P4,Classification of coronary artery diseased and normal subjects using multi-channel phonocardiogram signal,2019,"Samanta, Pranab; Pathak, Akanksha; Mandana, Kayapanda; Saha, Goutam",2,"S Mandala, M Pramudyo…",Study of machine learning algorithm on phonocardiogram signals for detecting of coronary artery disease,2020.0,… on Computing (Indo …,socjs.telkomuniversity.ac.id,https://socjs.telkomuniversity.ac.id/ojs/index.php/indojc/article/view/536,"https://scholar.google.com/scholar?cites=4754575428694067973&as_sdt=80005&sciodt=0,11&hl=en",69,2026-08-23 16:38:16,,,,,,,,,2,0.33,1,3,6.0,"Several methods of detecting coronary artery disease (CAD) have been developed, but they are expensive and generally use an invasive catheterization method. This research provides …",https://socjs.telkomuniversity.ac.id/ojs/index.php/indojc/article/download/536/298,"https://scholar.google.com/scholar?q=related:BUscXSml-0EJ:scholar.google.com/&scioq=&hl=en&as_sdt=80005&sciodt=0,11",Study of machine learning algorithm on phonocardiogram signals for detecting of coronary artery disease,"S Mandala, M Pramudyo…",2020,"Several methods of detecting coronary artery disease (CAD) have been developed, but they are expensive and generally use an invasive catheterization method. This research provides …",… on Computing (Indo …,Unknown,Unknown,Unclassified,2026-08-23 16:38:16,error,
P4,Classification of coronary artery diseased and normal subjects using multi-channel phonocardiogram signal,2019,"Samanta, Pranab; Pathak, Akanksha; Mandana, Kayapanda; Saha, Goutam",0,"S Behera, IS Misra",An Approach to Detect CAD with Full Confidence Using Machine Learning Techniques,2023.0,"… on Circuits, Power and Intelligent Systems …",ieeexplore.ieee.org,https://ieeexplore.ieee.org/abstract/document/10291924/,,70,2026-08-23 16:38:16,,,,,,,,,0,0.0,0,2,3.0,The main aim of this paper is to detect the Coronary Artery Disease (CAD) from the phonocardiogram (PCG) signals of human heart sounds using different machine learning …,,"https://scholar.google.com/scholar?q=related:w5bHifgjKoIJ:scholar.google.com/&scioq=&hl=en&as_sdt=80005&sciodt=0,11",An Approach to Detect CAD with Full Confidence Using Machine Learning Techniques,"S Behera, IS Misra",2023,The main aim of this paper is to detect the Coronary Artery Disease (CAD) from the phonocardiogram (PCG) signals of human heart sounds using different machine learning …,"… on Circuits, Power and Intelligent Systems …",Unknown,Unknown,Unclassified,2026-08-23 16:38:16,error,
P4,Classification of coronary artery diseased and normal subjects using multi-channel phonocardiogram signal,2019,"Samanta, Pranab; Pathak, Akanksha; Mandana, Kayapanda; Saha, Goutam",0,A Adiwijaya,Enhanced Myocardial Infarction Identification in Phonocardiogram Signals using Segmented Feature Extraction and Transfer Learning-Based Classification,2022.0,IEEE Access,academia.edu,https://www.academia.edu/download/123822770/10339316.pdf,,71,2026-08-23 16:38:16,HTML,,,,,,,,0,0.0,0,1,4.0,"Myocardial Infarction (MI), commonly known as a heart attack, is a type of cardiovascular disease characterized by the death of heart muscle cells. This condition occurs due to the …",https://www.academia.edu/download/123822770/10339316.pdf,"https://scholar.google.com/scholar?q=related:6N_4JouQJuEJ:scholar.google.com/&scioq=&hl=en&as_sdt=80005&sciodt=0,11",Enhanced Myocardial Infarction Identification in Phonocardiogram Signals using Segmented Feature Extraction and Transfer Learning-Based Classification,A Adiwijaya,2022,"Myocardial Infarction (MI), commonly known as a heart attack, is a type of cardiovascular disease characterized by the death of heart muscle cells. This condition occurs due to the …",IEEE Access,Unknown,Unknown,Unclassified,2026-08-23 16:38:16,error,
P4,Classification of coronary artery diseased and normal subjects using multi-channel phonocardiogram signal,2019,"Samanta, Pranab; Pathak, Akanksha; Mandana, Kayapanda; Saha, Goutam",1,"Z Sabouri, A Ghadimi…",Effective features extraction by analyzing heart sound for identifying cardiovascular diseases related to COVID-19: A diagnostic model,2022.0,Proceedings of the …,journals.sagepub.com,https://journals.sagepub.com/doi/abs/10.1177/09544119221112523,"https://scholar.google.com/scholar?cites=12926149806649001149&as_sdt=80005&sciodt=0,11&hl=en",72,2026-08-23 16:38:16,,10.1177/09544119221112523,,,,,,,1,0.25,0,3,4.0,"Incidence and exacerbation of some of the cardiovascular diseases in the presence of the coronavirus will lead to an increase in the mortality rate among patients. Therefore, early …",,"https://scholar.google.com/scholar?q=related:vUTMcsPoYrMJ:scholar.google.com/&scioq=&hl=en&as_sdt=80005&sciodt=0,11",Effective features extraction by analyzing heart sound for identifying cardiovascular diseases related to COVID-19: A diagnostic model,"Z Sabouri, A Ghadimi…",2022,"Incidence and exacerbation of some of the cardiovascular diseases in the presence of the coronavirus will lead to an increase in the mortality rate among patients. Therefore, early …",Proceedings of the …,Unknown,Unknown,Unclassified,2026-08-23 16:38:16,error,
P4,Classification of coronary artery diseased and normal subjects using multi-channel phonocardiogram signal,2019,"Samanta, Pranab; Pathak, Akanksha; Mandana, Kayapanda; Saha, Goutam",1,"Z Sabouri, A Ghadimi, A Kiani-Sarkaleh…",Effective features analysis in parallel diagnosis of cardiovascular diseases using heart sound,2022.0,Journal of Mechanics …,World Scientific,https://www.worldscientific.com/doi/abs/10.1142/S0219519422500208,"https://scholar.google.com/scholar?cites=13115302961002653557&as_sdt=80005&sciodt=0,11&hl=en",73,2026-08-23 16:38:16,,10.1142/S0219519422500208,,,,,,,1,0.25,0,4,4.0,"Heart sound signal processing is a low-cost, and noninvasive method for the early diagnosis of various types of cardiovascular diseases. In this study, a parallel diagnosing method was …",,"https://scholar.google.com/scholar?q=related:dScxII7qArYJ:scholar.google.com/&scioq=&hl=en&as_sdt=80005&sciodt=0,11",Effective features analysis in parallel diagnosis of cardiovascular diseases using heart sound,"Z Sabouri, A Ghadimi, A Kiani-Sarkaleh…",2022,"Heart sound signal processing is a low-cost, and noninvasive method for the early diagnosis of various types of cardiovascular diseases. In this study, a parallel diagnosing method was …",Journal of Mechanics …,Unknown,Unknown,Unclassified,2026-08-23 16:38:16,error,
P4,Classification of coronary artery diseased and normal subjects using multi-channel phonocardiogram signal,2019,"Samanta, Pranab; Pathak, Akanksha; Mandana, Kayapanda; Saha, Goutam",1,K Iqtidar,Classification of Cardiac Disorders using PCG Signal Analysis,2021.0,,researchgate.net,https://www.researchgate.net/profile/Khushbakht-Iqtidar/publication/382221306_Classification_of_Cardiac_Disorders_using_PCG_Signal_Analysis/links/66927b633e0edb1e0fe111d8/Classification-of-Cardiac-Disorders-using-PCG-Signal-Analysis.pdf,"https://scholar.google.com/scholar?cites=9429152840737403607&as_sdt=80005&sciodt=0,11&hl=en",74,2026-08-23 16:38:16,PDF,,,,,,,,1,0.2,1,1,5.0,ABSTRACT Coronary Artery Diseases (CADs) are a dominant cause of worldwide fatalities. The development of accurate and timely diagnosis routines is imperative to reduce these …,https://www.researchgate.net/profile/Khushbakht-Iqtidar/publication/382221306_Classification_of_Cardiac_Disorders_using_PCG_Signal_Analysis/links/66927b633e0edb1e0fe111d8/Classification-of-Cardiac-Disorders-using-PCG-Signal-Analysis.pdf,"https://scholar.google.com/scholar?q=related:17IEBY0U24IJ:scholar.google.com/&scioq=&hl=en&as_sdt=80005&sciodt=0,11",Classification of Cardiac Disorders using PCG Signal Analysis,K Iqtidar,2021,ABSTRACT Coronary Artery Diseases (CADs) are a dominant cause of worldwide fatalities. The development of accurate and timely diagnosis routines is imperative to reduce these …,Unknown,Unknown,Unknown,Unclassified,2026-08-23 16:38:16,error,
P4,Classification of coronary artery diseased and normal subjects using multi-channel phonocardiogram signal,2019,"Samanta, Pranab; Pathak, Akanksha; Mandana, Kayapanda; Saha, Goutam",0,VM Shervegar,Informatics and Health,,researchgate.net,,https://www.researchgate.net/profile/Vishwanath-Shervegar/publication/388890162_Heart_sound_classification_technique_for_early_CVD_detection_using_improved_wavelet_time_scattering_and_discriminant_analysis_classifiers/links/67ab9d928311ce680c5e6829/Heart-sound-classification-technique-for-early-CVD-detection-using-improved-wavelet-time-scattering-and-discriminant-analysis-classifiers.pdf,,75,2026-08-23 16:38:16,PDF,,,,,,,,0,0.0,0,1,,"Objective: PCG represents the acoustic replay of heart sounds from the cardiac structure. To detect and analyse the different conditions of the heart, heart sound signals are essential …",https://www.researchgate.net/profile/Vishwanath-Shervegar/publication/388890162_Heart_sound_classification_technique_for_early_CVD_detection_using_improved_wavelet_time_scattering_and_discriminant_analysis_classifiers/links/67ab9d928311ce680c5e6829/Heart-sound-classification-technique-for-early-CVD-detection-using-improved-wavelet-time-scattering-and-discriminant-analysis-classifiers.pdf,"https://scholar.google.com/scholar?q=related:Vq4Vx6nR3m8J:scholar.google.com/&scioq=&hl=en&as_sdt=80005&sciodt=0,11",Informatics and Health,VM Shervegar,0,"Objective: PCG represents the acoustic replay of heart sounds from the cardiac structure. To detect and analyse the different conditions of the heart, heart sound signals are essential …",researchgate.net,Unknown,Unknown,Unclassified,2026-08-23 16:38:16,error,
P4,Classification of coronary artery diseased and normal subjects using multi-channel phonocardiogram signal,2019,"Samanta, Pranab; Pathak, Akanksha; Mandana, Kayapanda; Saha, Goutam",0,"Y Linbo, MEA Aziz",A STUDY ON THE DEVELOPMENT AND RESEARCH OF VERY POWER EFFICIENT ELECTRONIC CIRCUITS FOR USE IN BODY SOUND MONITORING,2024.0,Prestieesci Research Review,prestieesci.com,https://prestieesci.com/journal/index.php/prr/article/view/87,,76,2026-08-23 16:38:16,,,,,,,,,0,0.0,0,2,2.0,"The need for an easy-to-use electronic system that can detect and monitor the routine of dosage administration during home treatment has risen, and with it, the significance of …",https://prestieesci.com/journal/index.php/prr/article/download/87/94,"https://scholar.google.com/scholar?q=related:iXzpbBuzFYUJ:scholar.google.com/&scioq=&hl=en&as_sdt=80005&sciodt=0,11",A STUDY ON THE DEVELOPMENT AND RESEARCH OF VERY POWER EFFICIENT ELECTRONIC CIRCUITS FOR USE IN BODY SOUND MONITORING,"Y Linbo, MEA Aziz",2024,"The need for an easy-to-use electronic system that can detect and monitor the routine of dosage administration during home treatment has risen, and with it, the significance of …",Prestieesci Research Review,Unknown,Unknown,Unclassified,2026-08-23 16:38:16,error,
P4,Classification of coronary artery diseased and normal subjects using multi-channel phonocardiogram signal,2019,"Samanta, Pranab; Pathak, Akanksha; Mandana, Kayapanda; Saha, Goutam",0,C Özçil,Integrating Deep Learning for Heart and Vascular Acoustic Analysis in Cardiovascular Health Assessment,2023.0,,search.proquest.com,https://search.proquest.com/openview/b9d6ec7a5ba04bf6a3b82825d21de762/1?pq-origsite=gscholar&cbl=2026366&diss=y,,77,2026-08-23 16:38:16,,,,,,,,,0,0.0,0,1,3.0,"Atherosclerosis, a cardiovascular disease, disrupts blood flow due to occlusions. The transformation from laminar into turbulent flow produces an acoustic phenomena known as …",https://open.metu.edu.tr/bitstream/handle/11511/107744/CeydaOzcil_thesis.pdf,"https://scholar.google.com/scholar?q=related:SdiXUyFFdgcJ:scholar.google.com/&scioq=&hl=en&as_sdt=80005&sciodt=0,11",Integrating Deep Learning for Heart and Vascular Acoustic Analysis in Cardiovascular Health Assessment,C Özçil,2023,"Atherosclerosis, a cardiovascular disease, disrupts blood flow due to occlusions. The transformation from laminar into turbulent flow produces an acoustic phenomena known as …",Unknown,Unknown,Unknown,Unclassified,2026-08-23 16:38:16,error,
P4,Classification of coronary artery diseased and normal subjects using multi-channel phonocardiogram signal,2019,"Samanta, Pranab; Pathak, Akanksha; Mandana, Kayapanda; Saha, Goutam",0,"P Careena, M Mary Synthuja Jain Preetha…",Statistical Significance of Wilson Amplitude Towards the Identification and Classification of Murmur from Phonocardiogram,2021.0,Proceedings of Data …,Springer,https://link.springer.com/chapter/10.1007/978-981-16-6285-0_35,,78,2026-08-23 16:38:16,,10.1007/978-981-16-6285-0_35,,,,,,,0,0.0,0,3,5.0,"The method of automatic recognizing of various valvular syndromes from the heart sound is a difficult job in cardiology. The features extracted from this may be time, frequency, or time …",,"https://scholar.google.com/scholar?q=related:D__X19ucSBEJ:scholar.google.com/&scioq=&hl=en&as_sdt=80005&sciodt=0,11",Statistical Significance of Wilson Amplitude Towards the Identification and Classification of Murmur from Phonocardiogram,"P Careena, M Mary Synthuja Jain Preetha…",2021,"The method of automatic recognizing of various valvular syndromes from the heart sound is a difficult job in cardiology. The features extracted from this may be time, frequency, or time …",Proceedings of Data …,Unknown,Unknown,Unclassified,2026-08-23 16:38:16,error,
P4,Classification of coronary artery diseased and normal subjects using multi-channel phonocardiogram signal,2019,"Samanta, Pranab; Pathak, Akanksha; Mandana, Kayapanda; Saha, Goutam",0,"P Careena, MMSJ Preetha, P Arun",Waveform Length Based Reliability Analysis for the Detection of Murmur from PCG Records,2020.0,Emerging Technologies for …,taylorfrancis.com,https://www.taylorfrancis.com/chapters/edit/10.1201/9780429353628-35/waveform-length-based-reliability-analysis-detection-murmur-pcg-records-careena-mary-synthuja-jain-preetha-arun,,79,2026-08-23 16:38:16,,10.1201/9780429353628-35,,,,,,,0,0.0,0,3,6.0,"Methods employed for the automatic detection of valve ailments from the heart records is a skilled task in cardiology. However, automated approaches, proposed for predicting the …",,"https://scholar.google.com/scholar?q=related:mQCMFVnjxPgJ:scholar.google.com/&scioq=&hl=en&as_sdt=80005&sciodt=0,11",Waveform Length Based Reliability Analysis for the Detection of Murmur from PCG Records,"P Careena, MMSJ Preetha, P Arun",2020,"Methods employed for the automatic detection of valve ailments from the heart records is a skilled task in cardiology. However, automated approaches, proposed for predicting the …",Emerging Technologies for …,Unknown,Unknown,Unclassified,2026-08-23 16:38:16,error,
P4,Classification of coronary artery diseased and normal subjects using multi-channel phonocardiogram signal,2019,"Samanta, Pranab; Pathak, Akanksha; Mandana, Kayapanda; Saha, Goutam",0,"J Jayakumari, GK Karagiannidis, M Ma, SA Hossain",Advances in Communication Systems and Networks,,,,,,80,2026-08-23 16:38:16,CITATION,,,,,,,,0,0.0,0,4,,,,"https://scholar.google.com/scholar?q=related:zq59Oz_wyngJ:scholar.google.com/&scioq=&hl=en&as_sdt=80005&sciodt=0,11",Advances in Communication Systems and Networks,"J Jayakumari, GK Karagiannidis, M Ma, SA Hossain",0,,Unknown,Unknown,Unknown,Unclassified,2026-08-23 16:38:16,error,
P4,Classification of coronary artery diseased and normal subjects using multi-channel phonocardiogram signal,2019,"Samanta, Pranab; Pathak, Akanksha; Mandana, Kayapanda; Saha, Goutam",0,A Maity,A prototype design of cost efficient portable heart sound acquisition system: an IoT sensor node,2019.0,,"Jadavpur Univesity, Kolkata, West …",,,81,2026-08-23 16:38:16,CITATION,,,,,,,,0,0.0,0,1,7.0,,,"https://scholar.google.com/scholar?q=related:ztuuf6yYyMkJ:scholar.google.com/&scioq=&hl=en&as_sdt=80005&sciodt=0,11",A prototype design of cost efficient portable heart sound acquisition system: an IoT sensor node,A Maity,2019,,Unknown,Unknown,Unknown,Unclassified,2026-08-23 16:38:16,error,
P5,Ensembled transfer learning and multiple kernel learning for phonocardiogram based atherosclerotic coronary artery disease detection,2022,"Pathak, Akanksha; Mandana, Kayapanda; Saha, Goutam",32,"M Jafari, X Tao, P Barua, RS Tan, UR Acharya",Application of transfer learning for biomedical signals: A comprehensive review of the last decade (2014–2024),2025.0,Information Fusion,Elsevier,https://www.sciencedirect.com/science/article/pii/S1566253525000557,"https://scholar.google.com/scholar?cites=859787519003830301&as_sdt=80005&sciodt=0,11&hl=en",1,2026-08-23 16:42:34,HTML,,,,,,,,32,32.0,6,5,1.0,Precise and timely disease diagnosis is essential for making effective treatment decisions and halting disease progression. Biomedical signals offer the potential for non-invasive …,https://www.sciencedirect.com/science/article/pii/S1566253525000557,"https://scholar.google.com/scholar?q=related:HaiJdDGU7gsJ:scholar.google.com/&scioq=&hl=en&as_sdt=80005&sciodt=0,11",Application of transfer learning for biomedical signals: A comprehensive review of the last decade (2014–2024),"M Jafari, X Tao, P Barua, RS Tan, UR Acharya",2025,Precise and timely disease diagnosis is essential for making effective treatment decisions and halting disease progression. Biomedical signals offer the potential for non-invasive …,Information Fusion,Unknown,Unknown,Unclassified,2026-08-23 16:42:34,error,
P5,Ensembled transfer learning and multiple kernel learning for phonocardiogram based atherosclerotic coronary artery disease detection,2022,"Pathak, Akanksha; Mandana, Kayapanda; Saha, Goutam",39,"Q Zhao, S Geng, B Wang, Y Sun, W Nie, B Bai…",Deep learning in heart sound analysis: From techniques to clinical applications,2024.0,Health Data …,spj.science.org,https://spj.science.org/doi/abs/10.34133/hds.0182,"https://scholar.google.com/scholar?cites=5371697311513649137&as_sdt=80005&sciodt=0,11&hl=en",2,2026-08-23 16:42:34,,10.34133/hds.0182,,,,,,,39,19.5,6,7,2.0,"Importance: Heart sound auscultation is a routinely used physical examination in clinical practice to identify potential cardiac abnormalities. However, accurate interpretation of heart …",https://spj.science.org/doi/pdf/10.34133/hds.0182,"https://scholar.google.com/scholar?q=related:8R-xjT4ajEoJ:scholar.google.com/&scioq=&hl=en&as_sdt=80005&sciodt=0,11",Deep learning in heart sound analysis: From techniques to clinical applications,"Q Zhao, S Geng, B Wang, Y Sun, W Nie, B Bai…",2024,"Importance: Heart sound auscultation is a routinely used physical examination in clinical practice to identify potential cardiac abnormalities. However, accurate interpretation of heart …",Health Data …,Unknown,Unknown,Unclassified,2026-08-23 16:42:34,error,
P5,Ensembled transfer learning and multiple kernel learning for phonocardiogram based atherosclerotic coronary artery disease detection,2022,"Pathak, Akanksha; Mandana, Kayapanda; Saha, Goutam",67,"A Maity, A Pathak, G Saha",Transfer learning based heart valve disease classification from phonocardiogram signal,2023.0,Biomedical signal processing and control,Elsevier,https://www.sciencedirect.com/science/article/pii/S1746809423002380,"https://scholar.google.com/scholar?cites=7124526970628981024&as_sdt=80005&sciodt=0,11&hl=en",3,2026-08-23 16:42:34,,,,,,,,,67,22.33,22,3,3.0,Physiological conditions that prevent heart valves from functioning precisely to ensure proper blood circulation are known as heart valve disorder (HVD). Detection of HVD is …,,"https://scholar.google.com/scholar?q=related:IMEHTYhn32IJ:scholar.google.com/&scioq=&hl=en&as_sdt=80005&sciodt=0,11",Transfer learning based heart valve disease classification from phonocardiogram signal,"A Maity, A Pathak, G Saha",2023,Physiological conditions that prevent heart valves from functioning precisely to ensure proper blood circulation are known as heart valve disorder (HVD). Detection of HVD is …,Biomedical signal processing and control,Unknown,Unknown,Unclassified,2026-08-23 16:42:34,error,
P5,Ensembled transfer learning and multiple kernel learning for phonocardiogram based atherosclerotic coronary artery disease detection,2022,"Pathak, Akanksha; Mandana, Kayapanda; Saha, Goutam",28,"H Zhang, F Tian, Y Tan, L Shen, J Liu…",An AI-assisted all-in-one integrated coronary artery disease diagnosis system using a portable heart sound sensor with an on-board executable lightweight model,2025.0,IEEE Transactions …,ieeexplore.ieee.org,https://ieeexplore.ieee.org/abstract/document/10909628/,"https://scholar.google.com/scholar?cites=710021318816306512&as_sdt=80005&sciodt=0,11&hl=en",4,2026-08-23 16:42:34,,,,,,,,,28,28.0,5,6,1.0,Heart sounds play a crucial role in assessing Coronary Artery Disease (CAD). The advancement of Artificial Intelligence (AI) technologies has given rise to Computer Audition …,,"https://scholar.google.com/scholar?q=related:UBUAq6CA2gkJ:scholar.google.com/&scioq=&hl=en&as_sdt=80005&sciodt=0,11",An AI-assisted all-in-one integrated coronary artery disease diagnosis system using a portable heart sound sensor with an on-board executable lightweight model,"H Zhang, F Tian, Y Tan, L Shen, J Liu…",2025,Heart sounds play a crucial role in assessing Coronary Artery Disease (CAD). The advancement of Artificial Intelligence (AI) technologies has given rise to Computer Audition …,IEEE Transactions …,Unknown,Unknown,Unclassified,2026-08-23 16:42:34,error,
P5,Ensembled transfer learning and multiple kernel learning for phonocardiogram based atherosclerotic coronary artery disease detection,2022,"Pathak, Akanksha; Mandana, Kayapanda; Saha, Goutam",61,"Y Zheng, X Guo, Y Yang, H Wang, K Liao…",Phonocardiogram transfer learning-based CatBoost model for diastolic dysfunction identification using multiple domain-specific deep feature fusion,2023.0,Computers in Biology and …,Elsevier,https://www.sciencedirect.com/science/article/pii/S0010482523001725,"https://scholar.google.com/scholar?cites=15765404733263950321&as_sdt=80005&sciodt=0,11&hl=en",5,2026-08-23 16:42:34,HTML,,,,,,,,61,20.33,10,6,3.0,Left ventricular diastolic dyfunction detection is particularly important in cardiac function screening. This paper proposed a phonocardiogram (PCG) transfer learning-based …,https://www.sciencedirect.com/science/article/pii/S0010482523001725,"https://scholar.google.com/scholar?q=related:8bF1ghP4ydoJ:scholar.google.com/&scioq=&hl=en&as_sdt=80005&sciodt=0,11",Phonocardiogram transfer learning-based CatBoost model for diastolic dysfunction identification using multiple domain-specific deep feature fusion,"Y Zheng, X Guo, Y Yang, H Wang, K Liao…",2023,Left ventricular diastolic dyfunction detection is particularly important in cardiac function screening. This paper proposed a phonocardiogram (PCG) transfer learning-based …,Computers in Biology and …,Unknown,Unknown,Unclassified,2026-08-23 16:42:34,error,
P5,Ensembled transfer learning and multiple kernel learning for phonocardiogram based atherosclerotic coronary artery disease detection,2022,"Pathak, Akanksha; Mandana, Kayapanda; Saha, Goutam",12,"S Yaman, O Aslan, H Güler, A Sengur…",Deep learning techniques for automated coronary artery segmentation and coronary artery disease detection: A systematic review of the last decade (2013-2024),2025.0,Computer Methods and …,Elsevier,https://www.sciencedirect.com/science/article/pii/S0169260725002755,"https://scholar.google.com/scholar?cites=4442161775462558351&as_sdt=80005&sciodt=0,11&hl=en",6,2026-08-23 16:42:34,,,,,,,,,12,12.0,2,5,1.0,"Background Coronary artery disease (CAD) is the most common cardiovascular disease, exacting high morbidity and mortality worldwide. CAD is detected on coronary artery …",,"https://scholar.google.com/scholar?q=related:j6pDZZm6pT0J:scholar.google.com/&scioq=&hl=en&as_sdt=80005&sciodt=0,11",Deep learning techniques for automated coronary artery segmentation and coronary artery disease detection: A systematic review of the last decade (2013-2024),"S Yaman, O Aslan, H Güler, A Sengur…",2025,"Background Coronary artery disease (CAD) is the most common cardiovascular disease, exacting high morbidity and mortality worldwide. CAD is detected on coronary artery …",Computer Methods and …,Unknown,Unknown,Unclassified,2026-08-23 16:42:34,error,
P5,Ensembled transfer learning and multiple kernel learning for phonocardiogram based atherosclerotic coronary artery disease detection,2022,"Pathak, Akanksha; Mandana, Kayapanda; Saha, Goutam",42,"H Zhang, P Zhang, Z Wang, L Chao…",Multi-feature decision fusion network for heart sound abnormality detection and classification,2023.0,IEEE Journal of …,ieeexplore.ieee.org,https://ieeexplore.ieee.org/abstract/document/10227531/,"https://scholar.google.com/scholar?cites=14177685601712253469&as_sdt=80005&sciodt=0,11&hl=en",7,2026-08-23 16:42:34,,,,,,,,,42,14.0,8,5,3.0,The heart sound reflects the movement status of the cardiovascular system and contains the early pathological information of cardiovascular diseases. Automatic heart sound diagnosis …,,"https://scholar.google.com/scholar?q=related:Hao6K_BBwcQJ:scholar.google.com/&scioq=&hl=en&as_sdt=80005&sciodt=0,11",Multi-feature decision fusion network for heart sound abnormality detection and classification,"H Zhang, P Zhang, Z Wang, L Chao…",2023,The heart sound reflects the movement status of the cardiovascular system and contains the early pathological information of cardiovascular diseases. Automatic heart sound diagnosis …,IEEE Journal of …,Unknown,Unknown,Unclassified,2026-08-23 16:42:34,error,
P5,Ensembled transfer learning and multiple kernel learning for phonocardiogram based atherosclerotic coronary artery disease detection,2022,"Pathak, Akanksha; Mandana, Kayapanda; Saha, Goutam",34,"A Ainiwaer, WQ Hou, Q Qi, K Kadier, L Qin…",Deep learning of heart-sound signals for efficient prediction of obstructive coronary artery disease,2024.0,Heliyon,cell.com,https://www.cell.com/heliyon/fulltext/S2405-8440(23)10562-7?uuid=uuid%3Aeb1869b5-3e1a-4aba-987c-1a50bfe9dd72,"https://scholar.google.com/scholar?cites=7069124292525029992&as_sdt=80005&sciodt=0,11&hl=en",8,2026-08-23 16:42:34,HTML,,,,,,,,34,17.0,6,6,2.0,"Background Due to the limitations of current methods for detecting obstructive coronary artery disease (CAD), many individuals are mistakenly or unnecessarily referred for …",https://www.cell.com/heliyon/fulltext/S2405-8440(23)10562-7?uuid=uuid%3Aeb1869b5-3e1a-4aba-987c-1a50bfe9dd72,"https://scholar.google.com/scholar?q=related:aPoJGReTGmIJ:scholar.google.com/&scioq=&hl=en&as_sdt=80005&sciodt=0,11",Deep learning of heart-sound signals for efficient prediction of obstructive coronary artery disease,"A Ainiwaer, WQ Hou, Q Qi, K Kadier, L Qin…",2024,"Background Due to the limitations of current methods for detecting obstructive coronary artery disease (CAD), many individuals are mistakenly or unnecessarily referred for …",Heliyon,Unknown,Unknown,Unclassified,2026-08-23 16:42:34,error,
P5,Ensembled transfer learning and multiple kernel learning for phonocardiogram based atherosclerotic coronary artery disease detection,2022,"Pathak, Akanksha; Mandana, Kayapanda; Saha, Goutam",17,"A Gudigar, U Raghavendra, M Maithri, J Samanth…",Automated system for the detection of heart anomalies using phonocardiograms: A systematic review,2024.0,IEEE …,ieeexplore.ieee.org,https://ieeexplore.ieee.org/abstract/document/10685373/,"https://scholar.google.com/scholar?cites=8708295670581517125&as_sdt=80005&sciodt=0,11&hl=en",9,2026-08-23 16:42:34,,,,,,,,,17,8.5,3,5,2.0,Phonocardiogram (PCG) signals generated by the heart contain information about heart conditions. This review examines how PCG analysis identifies and diagnoses heart issues …,https://ieeexplore.ieee.org/iel8/6287639/6514899/10685373.pdf,"https://scholar.google.com/scholar?q=related:RVsVHMYU2ngJ:scholar.google.com/&scioq=&hl=en&as_sdt=80005&sciodt=0,11",Automated system for the detection of heart anomalies using phonocardiograms: A systematic review,"A Gudigar, U Raghavendra, M Maithri, J Samanth…",2024,Phonocardiogram (PCG) signals generated by the heart contain information about heart conditions. This review examines how PCG analysis identifies and diagnoses heart issues …,IEEE …,Unknown,Unknown,Unclassified,2026-08-23 16:42:34,error,
P5,Ensembled transfer learning and multiple kernel learning for phonocardiogram based atherosclerotic coronary artery disease detection,2022,"Pathak, Akanksha; Mandana, Kayapanda; Saha, Goutam",25,"Y Jin, X Ye, N Feng, Z Wang, X Hei…",Lesion classification of coronary artery CTA images based on CBAM and transfer learning,2024.0,IEEE Transactions on …,ieeexplore.ieee.org,https://ieeexplore.ieee.org/iel7/19/4407674/10491332.pdf,"https://scholar.google.com/scholar?cites=5287831448177539755&as_sdt=80005&sciodt=0,11&hl=en",10,2026-08-23 16:42:34,,,,,,,,,25,12.5,4,6,2.0,"Classification of coronary artery stenosis is essential in assisting physicians in diagnosing cardiovascular diseases. However, due to the complexity of medical diagnosis and the …",,"https://scholar.google.com/scholar?q=related:q_rCnK8mYkkJ:scholar.google.com/&scioq=&hl=en&as_sdt=80005&sciodt=0,11",Lesion classification of coronary artery CTA images based on CBAM and transfer learning,"Y Jin, X Ye, N Feng, Z Wang, X Hei…",2024,"Classification of coronary artery stenosis is essential in assisting physicians in diagnosing cardiovascular diseases. However, due to the complexity of medical diagnosis and the …",IEEE Transactions on …,Unknown,Unknown,Unclassified,2026-08-23 16:42:34,error,
P5,Ensembled transfer learning and multiple kernel learning for phonocardiogram based atherosclerotic coronary artery disease detection,2022,"Pathak, Akanksha; Mandana, Kayapanda; Saha, Goutam",13,"A Maity, G Saha",Enhancing cross-domain robustness in phonocardiogram signal classification using domain-invariant preprocessing and transfer learning,2024.0,Computer methods and programs in biomedicine,Elsevier,https://www.sciencedirect.com/science/article/pii/S0169260724004553,"https://scholar.google.com/scholar?cites=16002312569823237532&as_sdt=80005&sciodt=0,11&hl=en",11,2026-08-23 16:42:34,,,,,,,,,13,6.5,7,2,2.0,Background and objective: Phonocardiogram (PCG) signal analysis is a non-invasive and cost-efficient approach for diagnosing cardiovascular diseases. Existing PCG-based …,,"https://scholar.google.com/scholar?q=related:nBUVlX-iE94J:scholar.google.com/&scioq=&hl=en&as_sdt=80005&sciodt=0,11",Enhancing cross-domain robustness in phonocardiogram signal classification using domain-invariant preprocessing and transfer learning,"A Maity, G Saha",2024,Background and objective: Phonocardiogram (PCG) signal analysis is a non-invasive and cost-efficient approach for diagnosing cardiovascular diseases. Existing PCG-based …,Computer methods and programs in biomedicine,Unknown,Unknown,Unclassified,2026-08-23 16:42:34,error,
P5,Ensembled transfer learning and multiple kernel learning for phonocardiogram based atherosclerotic coronary artery disease detection,2022,"Pathak, Akanksha; Mandana, Kayapanda; Saha, Goutam",17,"A Aminorroaya, D Biswas, AF Pedroso…",Harnessing artificial intelligence for innovation in interventional cardiovascular care,2025.0,Journal of the Society for …,Elsevier,https://www.sciencedirect.com/science/article/pii/S2772930325000031,"https://scholar.google.com/scholar?cites=17799581604457940701&as_sdt=80005&sciodt=0,11&hl=en",12,2026-08-23 16:42:34,HTML,,,,,,,,17,17.0,4,4,1.0,"Artificial intelligence (AI) serves as a powerful tool that can revolutionize how personalized, patient-focused care is provided within interventional cardiology. Specifically, AI can …",https://www.sciencedirect.com/science/article/pii/S2772930325000031,"https://scholar.google.com/scholar?q=related:3QZLvCnRBPcJ:scholar.google.com/&scioq=&hl=en&as_sdt=80005&sciodt=0,11",Harnessing artificial intelligence for innovation in interventional cardiovascular care,"A Aminorroaya, D Biswas, AF Pedroso…",2025,"Artificial intelligence (AI) serves as a powerful tool that can revolutionize how personalized, patient-focused care is provided within interventional cardiology. Specifically, AI can …",Journal of the Society for …,Unknown,Unknown,Unclassified,2026-08-23 16:42:34,error,
P5,Ensembled transfer learning and multiple kernel learning for phonocardiogram based atherosclerotic coronary artery disease detection,2022,"Pathak, Akanksha; Mandana, Kayapanda; Saha, Goutam",13,"X Liu, C Lv, L Cao, X Guo",Detection of coronary artery disease using a triplet network and hybrid loss function on heart sound signal,2025.0,Biomedical Signal Processing and Control,Elsevier,https://www.sciencedirect.com/science/article/pii/S1746809425001120,"https://scholar.google.com/scholar?cites=6603573822009975374&as_sdt=80005&sciodt=0,11&hl=en",13,2026-08-23 16:42:34,,,,,,,,,13,13.0,3,4,1.0,Coronary artery disease (CAD) is currently one of the most common cardiovascular diseases. Its high incidence and mortality pose a serious threat to human health and cause …,,"https://scholar.google.com/scholar?q=related:TiL5ZGebpFsJ:scholar.google.com/&scioq=&hl=en&as_sdt=80005&sciodt=0,11",Detection of coronary artery disease using a triplet network and hybrid loss function on heart sound signal,"X Liu, C Lv, L Cao, X Guo",2025,Coronary artery disease (CAD) is currently one of the most common cardiovascular diseases. Its high incidence and mortality pose a serious threat to human health and cause …,Biomedical Signal Processing and Control,Unknown,Unknown,Unclassified,2026-08-23 16:42:34,error,
P5,Ensembled transfer learning and multiple kernel learning for phonocardiogram based atherosclerotic coronary artery disease detection,2022,"Pathak, Akanksha; Mandana, Kayapanda; Saha, Goutam",13,"M Fynn, K Mandana, J Rashid, S Nordholm…",Practicality meets precision: Wearable vest with integrated multi-channel PCG sensors for effective coronary artery disease pre-screening,2025.0,Computers in Biology …,Elsevier,https://www.sciencedirect.com/science/article/pii/S0010482525002550,"https://scholar.google.com/scholar?cites=13177228951394884536&as_sdt=80005&sciodt=0,11&hl=en",14,2026-08-23 16:42:34,HTML,,,,,,,,13,13.0,3,5,1.0,"The leading cause of mortality and morbidity worldwide is cardiovascular disease (CVD), with coronary artery disease (CAD) being the largest sub-category. Unfortunately …",https://www.sciencedirect.com/science/article/pii/S0010482525002550,"https://scholar.google.com/scholar?q=related:uJviU-rr3rYJ:scholar.google.com/&scioq=&hl=en&as_sdt=80005&sciodt=0,11",Practicality meets precision: Wearable vest with integrated multi-channel PCG sensors for effective coronary artery disease pre-screening,"M Fynn, K Mandana, J Rashid, S Nordholm…",2025,"The leading cause of mortality and morbidity worldwide is cardiovascular disease (CVD), with coronary artery disease (CAD) being the largest sub-category. Unfortunately …",Computers in Biology …,Unknown,Unknown,Unclassified,2026-08-23 16:42:34,error,
P5,Ensembled transfer learning and multiple kernel learning for phonocardiogram based atherosclerotic coronary artery disease detection,2022,"Pathak, Akanksha; Mandana, Kayapanda; Saha, Goutam",21,"C Yin, Y Zheng, X Ding, Y Shi, J Qin…",Detection of coronary artery disease based on clinical phonocardiogram and multiscale attention convolutional compression network,2024.0,IEEE Journal of …,ieeexplore.ieee.org,https://ieeexplore.ieee.org/abstract/document/10400808/,"https://scholar.google.com/scholar?cites=13231130960341926336&as_sdt=80005&sciodt=0,11&hl=en",15,2026-08-23 16:42:34,,,,,,,,,21,10.5,4,6,2.0,"Heart sound is an important physiological signal that contains rich pathological information related with coronary stenosis. Thus, some machine learning methods are developed to …",,"https://scholar.google.com/scholar?q=related:wIHaw4FrnrcJ:scholar.google.com/&scioq=&hl=en&as_sdt=80005&sciodt=0,11",Detection of coronary artery disease based on clinical phonocardiogram and multiscale attention convolutional compression network,"C Yin, Y Zheng, X Ding, Y Shi, J Qin…",2024,"Heart sound is an important physiological signal that contains rich pathological information related with coronary stenosis. Thus, some machine learning methods are developed to …",IEEE Journal of …,Unknown,Unknown,Unclassified,2026-08-23 16:42:34,error,
P5,Ensembled transfer learning and multiple kernel learning for phonocardiogram based atherosclerotic coronary artery disease detection,2022,"Pathak, Akanksha; Mandana, Kayapanda; Saha, Goutam",13,"YF Dai, PF Liu, WQ Hou, K Kadier, ZY Mu, Z Lu…",Deep learning fusion framework for automated coronary artery disease detection using raw heart sound signals,2024.0,Heliyon,cell.com,https://www.cell.com/heliyon/fulltext/S2405-8440(24)11662-3,"https://scholar.google.com/scholar?cites=13406328920877946932&as_sdt=80005&sciodt=0,11&hl=en",16,2026-08-23 16:42:34,HTML,,,,,,,,13,6.5,2,7,2.0,"One of the most common cardiovascular diseases is coronary artery disease (CAD). Thus, it is crucial for early CAD diagnosis to control disease progression. Computer-aided CAD …",https://www.cell.com/heliyon/fulltext/S2405-8440(24)11662-3,"https://scholar.google.com/scholar?q=related:NNj5rh_ZDLoJ:scholar.google.com/&scioq=&hl=en&as_sdt=80005&sciodt=0,11",Deep learning fusion framework for automated coronary artery disease detection using raw heart sound signals,"YF Dai, PF Liu, WQ Hou, K Kadier, ZY Mu, Z Lu…",2024,"One of the most common cardiovascular diseases is coronary artery disease (CAD). Thus, it is crucial for early CAD diagnosis to control disease progression. Computer-aided CAD …",Heliyon,Unknown,Unknown,Unclassified,2026-08-23 16:42:34,error,
P5,Ensembled transfer learning and multiple kernel learning for phonocardiogram based atherosclerotic coronary artery disease detection,2022,"Pathak, Akanksha; Mandana, Kayapanda; Saha, Goutam",29,"MG Veerabaku, J Nithiyanantham, S Urooj, AQ Md…",Intelligent Bi-LSTM with architecture optimization for heart disease prediction in WBAN through optimal channel selection and feature selection,2023.0,Biomedicines,mdpi.com,https://www.mdpi.com/2227-9059/11/4/1167,"https://scholar.google.com/scholar?cites=8807182829974959816&as_sdt=80005&sciodt=0,11&hl=en",17,2026-08-23 16:42:34,HTML,,,,,,,,29,9.67,6,5,3.0,Wireless Body Area Network (WBAN) is a trending technology of Wireless Sensor Networks (WSN) to enhance the healthcare system. This system is developed to monitor individuals by …,https://www.mdpi.com/2227-9059/11/4/1167,"https://scholar.google.com/scholar?q=related:yLaTFB9mOXoJ:scholar.google.com/&scioq=&hl=en&as_sdt=80005&sciodt=0,11",Intelligent Bi-LSTM with architecture optimization for heart disease prediction in WBAN through optimal channel selection and feature selection,"MG Veerabaku, J Nithiyanantham, S Urooj, AQ Md…",2023,Wireless Body Area Network (WBAN) is a trending technology of Wireless Sensor Networks (WSN) to enhance the healthcare system. This system is developed to monitor individuals by …,Biomedicines,Unknown,Unknown,Unclassified,2026-08-23 16:42:34,error,
P5,Ensembled transfer learning and multiple kernel learning for phonocardiogram based atherosclerotic coronary artery disease detection,2022,"Pathak, Akanksha; Mandana, Kayapanda; Saha, Goutam",17,"D Niizumi, D Takeuchi, Y Ohishi…",Exploring pre-trained general-purpose audio representations for heart murmur detection,2024.0,2024 46th Annual …,ieeexplore.ieee.org,https://ieeexplore.ieee.org/abstract/document/10782479/,"https://scholar.google.com/scholar?cites=724692026497977669&as_sdt=80005&sciodt=0,11&hl=en",18,2026-08-23 16:42:34,,,,,,,,,17,8.5,4,4,2.0,"To reduce the need for skilled clinicians in heart sound interpretation, recent studies on automating cardiac auscultation have explored deep learning approaches. However …",https://arxiv.org/pdf/2404.17107,"https://scholar.google.com/scholar?q=related:RU34-o6fDgoJ:scholar.google.com/&scioq=&hl=en&as_sdt=80005&sciodt=0,11",Exploring pre-trained general-purpose audio representations for heart murmur detection,"D Niizumi, D Takeuchi, Y Ohishi…",2024,"To reduce the need for skilled clinicians in heart sound interpretation, recent studies on automating cardiac auscultation have explored deep learning approaches. However …",2024 46th Annual …,Unknown,Unknown,Unclassified,2026-08-23 16:42:34,error,
P5,Ensembled transfer learning and multiple kernel learning for phonocardiogram based atherosclerotic coronary artery disease detection,2022,"Pathak, Akanksha; Mandana, Kayapanda; Saha, Goutam",9,"A Amamra, V Terrelonge",Multiple kernel transfer learning for enhancing network intrusion detection in encrypted and heterogeneous network environments,2024.0,Electronics,mdpi.com,https://www.mdpi.com/2079-9292/14/1/80,"https://scholar.google.com/scholar?cites=16670098034541469905&as_sdt=80005&sciodt=0,11&hl=en",19,2026-08-23 16:42:34,HTML,,,,,,,,9,4.5,5,2,2.0,"Conventional supervised machine learning is widely used for intrusion detection without packet payload inspection, showing good accuracy in detecting known attacks. However …",https://www.mdpi.com/2079-9292/14/1/80,"https://scholar.google.com/scholar?q=related:0SDIJ9cVWOcJ:scholar.google.com/&scioq=&hl=en&as_sdt=80005&sciodt=0,11",Multiple kernel transfer learning for enhancing network intrusion detection in encrypted and heterogeneous network environments,"A Amamra, V Terrelonge",2024,"Conventional supervised machine learning is widely used for intrusion detection without packet payload inspection, showing good accuracy in detecting known attacks. However …",Electronics,Unknown,Unknown,Unclassified,2026-08-23 16:42:34,error,
P5,Ensembled transfer learning and multiple kernel learning for phonocardiogram based atherosclerotic coronary artery disease detection,2022,"Pathak, Akanksha; Mandana, Kayapanda; Saha, Goutam",12,"Y Zheng, Z Long, B Feng, R Cheng…",D3bt: Dynamic 3d body transformer for body fat percentage assessment,2024.0,IEEE journal of …,ieeexplore.ieee.org,https://ieeexplore.ieee.org/abstract/document/10772468/,"https://scholar.google.com/scholar?cites=17826068658709861878&as_sdt=80005&sciodt=0,11&hl=en",20,2026-08-23 16:42:34,,,,,,,,,12,6.0,2,5,2.0,"3D body scan has been adopted for body composition assessment due to its ability to accurately capture body shape measurements. However, the complexity of mesh …",https://pmc.ncbi.nlm.nih.gov/articles/PMC12083870/,"https://scholar.google.com/scholar?q=related:9hUgoP_qYvcJ:scholar.google.com/&scioq=&hl=en&as_sdt=80005&sciodt=0,11",D3bt: Dynamic 3d body transformer for body fat percentage assessment,"Y Zheng, Z Long, B Feng, R Cheng…",2024,"3D body scan has been adopted for body composition assessment due to its ability to accurately capture body shape measurements. However, the complexity of mesh …",IEEE journal of …,Unknown,Unknown,Unclassified,2026-08-23 16:42:34,error,
P5,Ensembled transfer learning and multiple kernel learning for phonocardiogram based atherosclerotic coronary artery disease detection,2022,"Pathak, Akanksha; Mandana, Kayapanda; Saha, Goutam",15,"S Das, S Dandapat",Heart murmur severity stages classification using multikernel residual CNN,2024.0,IEEE Sensors Journal,ieeexplore.ieee.org,https://ieeexplore.ieee.org/abstract/document/10474302/,"https://scholar.google.com/scholar?cites=17814401023515821063&as_sdt=80005&sciodt=0,11&hl=en",21,2026-08-23 16:42:34,,,,,,,,,15,7.5,8,2,2.0,Computer-aided diagnosis of heart murmurs (HMs) using phonocardiogram (PCG) signals facilitates early treatment of heart valve diseases (HVDs). This work proposes a novel …,,"https://scholar.google.com/scholar?q=related:BwQEnVh3OfcJ:scholar.google.com/&scioq=&hl=en&as_sdt=80005&sciodt=0,11",Heart murmur severity stages classification using multikernel residual CNN,"S Das, S Dandapat",2024,Computer-aided diagnosis of heart murmurs (HMs) using phonocardiogram (PCG) signals facilitates early treatment of heart valve diseases (HVDs). This work proposes a novel …,IEEE Sensors Journal,Unknown,Unknown,Unclassified,2026-08-23 16:42:34,error,
P5,Ensembled transfer learning and multiple kernel learning for phonocardiogram based atherosclerotic coronary artery disease detection,2022,"Pathak, Akanksha; Mandana, Kayapanda; Saha, Goutam",4,"H Ma, W Zhao, N Jin, Y Zheng, X Guo",Assessment for coronary heart disease severity by STFTs from synchronized PCG and ECG,2025.0,Applied Acoustics,Elsevier,https://www.sciencedirect.com/science/article/pii/S0003682X25004128,"https://scholar.google.com/scholar?cites=3370936796681555691&as_sdt=80005&sciodt=0,11&hl=en",22,2026-08-23 16:42:34,,,,,,,,,4,4.0,1,5,1.0,"Electrocardiogram (ECG) and phonocardiogram (PCG) signals reflect the electrical and mechanical activities of the heart, respectively. Noninvasive assessment of the severity of …",,"https://scholar.google.com/scholar?q=related:605_Fij5xy4J:scholar.google.com/&scioq=&hl=en&as_sdt=80005&sciodt=0,11",Assessment for coronary heart disease severity by STFTs from synchronized PCG and ECG,"H Ma, W Zhao, N Jin, Y Zheng, X Guo",2025,"Electrocardiogram (ECG) and phonocardiogram (PCG) signals reflect the electrical and mechanical activities of the heart, respectively. Noninvasive assessment of the severity of …",Applied Acoustics,Unknown,Unknown,Unclassified,2026-08-23 16:42:34,error,
P5,Ensembled transfer learning and multiple kernel learning for phonocardiogram based atherosclerotic coronary artery disease detection,2022,"Pathak, Akanksha; Mandana, Kayapanda; Saha, Goutam",1,"F Ma, H Zhang, S Fang, Q Wang, F Lin, L Chao…",Hierarchical fusion of electrocardiogram and phonocardiogram data improves heart failure detection,2026.0,Patterns,cell.com,https://www.cell.com/patterns/fulltext/S2666-3899(25)00296-X,"https://scholar.google.com/scholar?cites=5387173579173318164&as_sdt=80005&sciodt=0,11&hl=en",23,2026-08-23 16:42:34,HTML,,,,,,,,1,1.0,0,7,1.0,Heart failure with reduced ejection fraction (HFrEF) is a clinical syndrome with high morbidity and mortality. Developing cost-effective and easily deployable screening methods is crucial …,https://www.cell.com/patterns/fulltext/S2666-3899(25)00296-X,"https://scholar.google.com/scholar?q=related:FM7-6dMVw0oJ:scholar.google.com/&scioq=&hl=en&as_sdt=80005&sciodt=0,11",Hierarchical fusion of electrocardiogram and phonocardiogram data improves heart failure detection,"F Ma, H Zhang, S Fang, Q Wang, F Lin, L Chao…",2026,Heart failure with reduced ejection fraction (HFrEF) is a clinical syndrome with high morbidity and mortality. Developing cost-effective and easily deployable screening methods is crucial …,Patterns,Unknown,Unknown,Unclassified,2026-08-23 16:42:34,error,
P5,Ensembled transfer learning and multiple kernel learning for phonocardiogram based atherosclerotic coronary artery disease detection,2022,"Pathak, Akanksha; Mandana, Kayapanda; Saha, Goutam",14,"SA Singh, ND Devi, KN Singh, K Thongam…",An ensemble-based transfer learning model for predicting the imbalance heart sound signal using spectrogram images,2024.0,Multimedia Tools and …,Springer,https://link.springer.com/article/10.1007/s11042-023-17186-9,"https://scholar.google.com/scholar?cites=10849871588719315389&as_sdt=80005&sciodt=0,11&hl=en",24,2026-08-23 16:42:34,,10.1007/s11042-023-17186-9,,,,,,,14,7.0,3,5,2.0,"Heart sound signal analysis is an important area in healthcare, and the detection of imbalanced heart sounds can provide valuable diagnostic information. However, due to …",,"https://scholar.google.com/scholar?q=related:vck3kLl8kpYJ:scholar.google.com/&scioq=&hl=en&as_sdt=80005&sciodt=0,11",An ensemble-based transfer learning model for predicting the imbalance heart sound signal using spectrogram images,"SA Singh, ND Devi, KN Singh, K Thongam…",2024,"Heart sound signal analysis is an important area in healthcare, and the detection of imbalanced heart sounds can provide valuable diagnostic information. However, due to …",Multimedia Tools and …,Unknown,Unknown,Unclassified,2026-08-23 16:42:34,error,
P5,Ensembled transfer learning and multiple kernel learning for phonocardiogram based atherosclerotic coronary artery disease detection,2022,"Pathak, Akanksha; Mandana, Kayapanda; Saha, Goutam",1,"S Basak, U Bhattacharya",Deep determination of cardiac condition from phonocardiograms,2025.0,Neural Computing and Applications,Springer,https://link.springer.com/article/10.1007/s00521-025-11617-4,"https://scholar.google.com/scholar?cites=6933840121311917230&as_sdt=80005&sciodt=0,11&hl=en",25,2026-08-23 16:42:34,,10.1007/s00521-025-11617-4,,,,,,,1,1.0,1,2,1.0,"Every year, a significant volume of the global population is affected by coronary artery disease (CAD). On the other hand, heart murmur, an unusual whooshing sound caused by …",,"https://scholar.google.com/scholar?q=related:rvQlcNryOWAJ:scholar.google.com/&scioq=&hl=en&as_sdt=80005&sciodt=0,11",Deep determination of cardiac condition from phonocardiograms,"S Basak, U Bhattacharya",2025,"Every year, a significant volume of the global population is affected by coronary artery disease (CAD). On the other hand, heart murmur, an unusual whooshing sound caused by …",Neural Computing and Applications,Unknown,Unknown,Unclassified,2026-08-23 16:42:34,error,
P5,Ensembled transfer learning and multiple kernel learning for phonocardiogram based atherosclerotic coronary artery disease detection,2022,"Pathak, Akanksha; Mandana, Kayapanda; Saha, Goutam",0,"A Ainiwaer, TJAJ Konings, K Kadier, X Ma…",Coronary artery disease diagnosis with signal processing and machine learning of heart sound signals: a systematic review,2026.0,npj Digital …,nature.com,https://www.nature.com/articles/s41746-026-02530-8,,26,2026-08-23 16:42:34,,,,,,,,,0,0.0,0,5,1.0,Coronary artery disease (CAD) remains a major contributor to morbidity and mortality worldwide. Heart sound analysis has been investigated as a noninvasive approach to CAD …,https://www.nature.com/articles/s41746-026-02530-8_reference.pdf,"https://scholar.google.com/scholar?q=related:i82T2Kv5W7gJ:scholar.google.com/&scioq=&hl=en&as_sdt=80005&sciodt=0,11",Coronary artery disease diagnosis with signal processing and machine learning of heart sound signals: a systematic review,"A Ainiwaer, TJAJ Konings, K Kadier, X Ma…",2026,Coronary artery disease (CAD) remains a major contributor to morbidity and mortality worldwide. Heart sound analysis has been investigated as a noninvasive approach to CAD …,npj Digital …,Unknown,Unknown,Unclassified,2026-08-23 16:42:34,error,
P5,Ensembled transfer learning and multiple kernel learning for phonocardiogram based atherosclerotic coronary artery disease detection,2022,"Pathak, Akanksha; Mandana, Kayapanda; Saha, Goutam",1,"YF Dai, PF Liu, WQ Hou, H Maimaiti, K Kadier…","Integrating multi-modal deep features of electrocardiogram, heart sound signals and baseline data for coronary artery disease detection using transfer learning",2026.0,… Signal Processing and …,Elsevier,https://www.sciencedirect.com/science/article/pii/S1746809426007020,"https://scholar.google.com/scholar?cites=12993618294426163754&as_sdt=80005&sciodt=0,11&hl=en",27,2026-08-23 16:42:34,,,,,,,,,1,1.0,0,6,1.0,"Coronary artery disease (CAD) remains one of the leading causes of death worldwide. Its pathogenesis involves plaque buildup within the arterial walls, leading to myocardial …",,"https://scholar.google.com/scholar?q=related:KtpJ4v6aUrQJ:scholar.google.com/&scioq=&hl=en&as_sdt=80005&sciodt=0,11","Integrating multi-modal deep features of electrocardiogram, heart sound signals and baseline data for coronary artery disease detection using transfer learning","YF Dai, PF Liu, WQ Hou, H Maimaiti, K Kadier…",2026,"Coronary artery disease (CAD) remains one of the leading causes of death worldwide. Its pathogenesis involves plaque buildup within the arterial walls, leading to myocardial …",… Signal Processing and …,Unknown,Unknown,Unclassified,2026-08-23 16:42:34,error,
P5,Ensembled transfer learning and multiple kernel learning for phonocardiogram based atherosclerotic coronary artery disease detection,2022,"Pathak, Akanksha; Mandana, Kayapanda; Saha, Goutam",7,"X Wang, Z Zhang, H Du, C Pfeiffer, G Mészáros…",Predictive ability of multi-population genomic prediction methods of phenotypes for reproduction traits in Chinese and Austrian pigs,2024.0,Genetics Selection …,Springer,https://link.springer.com/article/10.1186/s12711-024-00915-5,"https://scholar.google.com/scholar?cites=2768065579771294353&as_sdt=80005&sciodt=0,11&hl=en",28,2026-08-23 16:42:34,HTML,10.1186/s12711-024-00915-5,,,,,,,7,3.5,1,6,2.0,Background Multi-population genomic prediction can rapidly expand the size of the reference population and improve genomic prediction ability. Machine learning (ML) …,https://link.springer.com/article/10.1186/s12711-024-00915-5,"https://scholar.google.com/scholar?q=related:kfJAnfokaiYJ:scholar.google.com/&scioq=&hl=en&as_sdt=80005&sciodt=0,11",Predictive ability of multi-population genomic prediction methods of phenotypes for reproduction traits in Chinese and Austrian pigs,"X Wang, Z Zhang, H Du, C Pfeiffer, G Mészáros…",2024,Background Multi-population genomic prediction can rapidly expand the size of the reference population and improve genomic prediction ability. Machine learning (ML) …,Genetics Selection …,Unknown,Unknown,Unclassified,2026-08-23 16:42:34,error,
P5,Ensembled transfer learning and multiple kernel learning for phonocardiogram based atherosclerotic coronary artery disease detection,2022,"Pathak, Akanksha; Mandana, Kayapanda; Saha, Goutam",4,"C Yin, J Qin, Y Shi, Y Zheng, X Guo",Detection of severe coronary artery disease based on clinical phonocardiogram and large kernel convolution interaction network,2025.0,Biomedical Signal Processing and …,Elsevier,https://www.sciencedirect.com/science/article/pii/S1746809424012448,"https://scholar.google.com/scholar?cites=7494074689009590753&as_sdt=80005&sciodt=0,11&hl=en",29,2026-08-23 16:42:34,,,,,,,,,4,4.0,1,5,1.0,"Heart sound auscultation coupled with machine learning algorithms is a risk-free and low-cost method for coronary artery disease detection (CAD). However, current studies mainly …",,"https://scholar.google.com/scholar?q=related:4aGpbjlNAGgJ:scholar.google.com/&scioq=&hl=en&as_sdt=80005&sciodt=0,11",Detection of severe coronary artery disease based on clinical phonocardiogram and large kernel convolution interaction network,"C Yin, J Qin, Y Shi, Y Zheng, X Guo",2025,"Heart sound auscultation coupled with machine learning algorithms is a risk-free and low-cost method for coronary artery disease detection (CAD). However, current studies mainly …",Biomedical Signal Processing and …,Unknown,Unknown,Unclassified,2026-08-23 16:42:34,error,
P5,Ensembled transfer learning and multiple kernel learning for phonocardiogram based atherosclerotic coronary artery disease detection,2022,"Pathak, Akanksha; Mandana, Kayapanda; Saha, Goutam",3,"M Sajid, A Hassan, DA Khan, SA Khan…",AI-CADS: An Artificial Intelligence based framework for automatic early detection and severity evaluation of coronary artery disease,2025.0,… Signal Processing and …,Elsevier,https://www.sciencedirect.com/science/article/pii/S1746809425002162,"https://scholar.google.com/scholar?cites=1662528723368578437&as_sdt=80005&sciodt=0,11&hl=en",30,2026-08-23 16:42:34,,,,,,,,,3,3.0,1,5,1.0,Coronary artery disease (CAD) is one of the leading causes of sudden cardiac arrest and accounts for a substantial proportion of global mortality. An early and accurate diagnosis is …,,"https://scholar.google.com/scholar?q=related:hY1EwRB9EhcJ:scholar.google.com/&scioq=&hl=en&as_sdt=80005&sciodt=0,11",AI-CADS: An Artificial Intelligence based framework for automatic early detection and severity evaluation of coronary artery disease,"M Sajid, A Hassan, DA Khan, SA Khan…",2025,Coronary artery disease (CAD) is one of the leading causes of sudden cardiac arrest and accounts for a substantial proportion of global mortality. An early and accurate diagnosis is …,… Signal Processing and …,Unknown,Unknown,Unclassified,2026-08-23 16:42:34,error,
P5,Ensembled transfer learning and multiple kernel learning for phonocardiogram based atherosclerotic coronary artery disease detection,2022,"Pathak, Akanksha; Mandana, Kayapanda; Saha, Goutam",3,"N Groun, M Villalba-Orero, L Casado-Martín…",Eigenhearts: Cardiac diseases classification using eigenfaces approach,2025.0,Computers in Biology …,Elsevier,https://www.sciencedirect.com/science/article/pii/S0010482525005189,"https://scholar.google.com/scholar?cites=16377385239749746998&as_sdt=80005&sciodt=0,11&hl=en",31,2026-08-23 16:42:34,,,,,,,,,3,3.0,1,4,1.0,"In the realm of cardiovascular medicine, medical imaging plays a crucial role in accurately classifying cardiac diseases and making precise diagnoses. However, the integration of …",https://arxiv.org/pdf/2411.16227,"https://scholar.google.com/scholar?q=related:NmECvRopSOMJ:scholar.google.com/&scioq=&hl=en&as_sdt=80005&sciodt=0,11",Eigenhearts: Cardiac diseases classification using eigenfaces approach,"N Groun, M Villalba-Orero, L Casado-Martín…",2025,"In the realm of cardiovascular medicine, medical imaging plays a crucial role in accurately classifying cardiac diseases and making precise diagnoses. However, the integration of …",Computers in Biology …,Unknown,Unknown,Unclassified,2026-08-23 16:42:34,error,
P5,Ensembled transfer learning and multiple kernel learning for phonocardiogram based atherosclerotic coronary artery disease detection,2022,"Pathak, Akanksha; Mandana, Kayapanda; Saha, Goutam",14,"KK Baseer, SBA Nas, S Dharani…",Medical diagnosis of human heart diseases with and without hyperparameter tuning through machine learning,2023.0,2023 7th …,ieeexplore.ieee.org,https://ieeexplore.ieee.org/abstract/document/10084156/,"https://scholar.google.com/scholar?cites=2019932859140816305&as_sdt=80005&sciodt=0,11&hl=en",32,2026-08-23 16:42:34,,,,,,,,,14,4.67,4,4,3.0,"In medical field, cardiac disease prediction remains as a complex task. Heart disease is the major cause of death around the world. This study has surveyed various research papers …",,"https://scholar.google.com/scholar?q=related:sT06uzs-CBwJ:scholar.google.com/&scioq=&hl=en&as_sdt=80005&sciodt=0,11",Medical diagnosis of human heart diseases with and without hyperparameter tuning through machine learning,"KK Baseer, SBA Nas, S Dharani…",2023,"In medical field, cardiac disease prediction remains as a complex task. Heart disease is the major cause of death around the world. This study has surveyed various research papers …",2023 7th …,Unknown,Unknown,Unclassified,2026-08-23 16:42:34,error,
P5,Ensembled transfer learning and multiple kernel learning for phonocardiogram based atherosclerotic coronary artery disease detection,2022,"Pathak, Akanksha; Mandana, Kayapanda; Saha, Goutam",2,"Y Li, L Ling, Z Xiao, C Yang, J Pan, C Liu…",Using bone conduction technology for phonocardiogram measurement based on the watch-type device: A feasibility study,2025.0,IEEE Sensors …,ieeexplore.ieee.org,https://ieeexplore.ieee.org/abstract/document/11083687/,"https://scholar.google.com/scholar?cites=786061365631121693&as_sdt=80005&sciodt=0,11&hl=en",33,2026-08-23 16:42:34,,,,,,,,,2,2.0,0,7,1.0,Phonocardiogram (PCG) provides the most valuable information about the mechanical activity of the heart and has a significant role in postoperative out-of-hospital follow-up and …,,"https://scholar.google.com/scholar?q=related:HfkZtqWm6AoJ:scholar.google.com/&scioq=&hl=en&as_sdt=80005&sciodt=0,11",Using bone conduction technology for phonocardiogram measurement based on the watch-type device: A feasibility study,"Y Li, L Ling, Z Xiao, C Yang, J Pan, C Liu…",2025,Phonocardiogram (PCG) provides the most valuable information about the mechanical activity of the heart and has a significant role in postoperative out-of-hospital follow-up and …,IEEE Sensors …,Unknown,Unknown,Unclassified,2026-08-23 16:42:34,error,
P5,Ensembled transfer learning and multiple kernel learning for phonocardiogram based atherosclerotic coronary artery disease detection,2022,"Pathak, Akanksha; Mandana, Kayapanda; Saha, Goutam",1,"W Zhang, Z Tian",Heart Sound Classification Using Kernel Partial Least Squares with Easy MKL-derived Kernels,2026.0,Current Bioinformatics,benthamdirect.com,https://www.benthamdirect.com/content/journals/cbio/10.2174/0115748936366098250718052357,"https://scholar.google.com/scholar?cites=438320093310596554&as_sdt=80005&sciodt=0,11&hl=en",34,2026-08-23 16:42:34,,10.2174/0115748936366098250718052357,,,,,,,1,1.0,1,2,1.0,Introduction The automatic classification of heart sound signals offers an economical and convenient approach for early diagnosis of cardiac diseases. By leveraging technological …,,"https://scholar.google.com/scholar?q=related:yrWxc805FQYJ:scholar.google.com/&scioq=&hl=en&as_sdt=80005&sciodt=0,11",Heart Sound Classification Using Kernel Partial Least Squares with Easy MKL-derived Kernels,"W Zhang, Z Tian",2026,Introduction The automatic classification of heart sound signals offers an economical and convenient approach for early diagnosis of cardiac diseases. By leveraging technological …,Current Bioinformatics,Unknown,Unknown,Unclassified,2026-08-23 16:42:34,error,
P5,Ensembled transfer learning and multiple kernel learning for phonocardiogram based atherosclerotic coronary artery disease detection,2022,"Pathak, Akanksha; Mandana, Kayapanda; Saha, Goutam",3,"C Yin, Y Shi, Y Zheng, X Guo",Fast Convolution Compression Network for Coronary Artery Disease Detection Using Auscultation Signal,2025.0,IEEE Sensors Journal,ieeexplore.ieee.org,https://ieeexplore.ieee.org/abstract/document/10937299/,"https://scholar.google.com/scholar?cites=11121180268730888647&as_sdt=80005&sciodt=0,11&hl=en",35,2026-08-23 16:42:34,,,,,,,,,3,3.0,1,4,1.0,"Heart sound auscultation combined with deep learning is a common method for coronary artery disease (CAD) detection. However, current studies predominantly focus on improving …",,"https://scholar.google.com/scholar?q=related:x7HJKIheVpoJ:scholar.google.com/&scioq=&hl=en&as_sdt=80005&sciodt=0,11",Fast Convolution Compression Network for Coronary Artery Disease Detection Using Auscultation Signal,"C Yin, Y Shi, Y Zheng, X Guo",2025,"Heart sound auscultation combined with deep learning is a common method for coronary artery disease (CAD) detection. However, current studies predominantly focus on improving …",IEEE Sensors Journal,Unknown,Unknown,Unclassified,2026-08-23 16:42:34,error,
P5,Ensembled transfer learning and multiple kernel learning for phonocardiogram based atherosclerotic coronary artery disease detection,2022,"Pathak, Akanksha; Mandana, Kayapanda; Saha, Goutam",9,"S Deepika, N Jaisankar",Review on machine learning and deep learning-based heart disease classification and prediction,2023.0,The Open …,openbiomedicalengineeringjournal …,https://openbiomedicalengineeringjournal.com/VOLUME/17/ELOCATOR/e187412072301060/FULLTEXT/,"https://scholar.google.com/scholar?cites=3438932758596896425&as_sdt=80005&sciodt=0,11&hl=en",36,2026-08-23 16:42:34,HTML,,,,,,,,9,3.0,5,2,3.0,"Coronary Heart disease is the major factor for people's deaths throughout the world, and it is necessary to detect and predict the disease in the earlier stages because time plays a vital …",https://openbiomedicalengineeringjournal.com/VOLUME/17/ELOCATOR/e187412072301060/FULLTEXT/,"https://scholar.google.com/scholar?q=related:qUafqh-LuS8J:scholar.google.com/&scioq=&hl=en&as_sdt=80005&sciodt=0,11",Review on machine learning and deep learning-based heart disease classification and prediction,"S Deepika, N Jaisankar",2023,"Coronary Heart disease is the major factor for people's deaths throughout the world, and it is necessary to detect and predict the disease in the earlier stages because time plays a vital …",The Open …,Unknown,Unknown,Unclassified,2026-08-23 16:42:34,error,
P5,Ensembled transfer learning and multiple kernel learning for phonocardiogram based atherosclerotic coronary artery disease detection,2022,"Pathak, Akanksha; Mandana, Kayapanda; Saha, Goutam",5,"XT Qi, H Wang, DG Zhu, L Zheng…",Global trends in coronary artery disease and artificial intelligence relevant studies: a bibliometric analysis.,2024.0,European Review for …,europeanreview.org,https://www.europeanreview.org/wp/wp-content/uploads/001-022.pdf,"https://scholar.google.com/scholar?cites=1052951326345372865&as_sdt=80005&sciodt=0,11&hl=en",37,2026-08-23 16:42:34,PDF,,,,,,,,5,2.5,1,5,2.0,"OBJECTIVE: Coronary artery disease (CAD) is a major global cause of death, greatly affecting life expectancy and quality of life for populations. With the advent of artificial …",https://www.europeanreview.org/wp/wp-content/uploads/001-022.pdf,"https://scholar.google.com/scholar?q=related:waSXDKfVnA4J:scholar.google.com/&scioq=&hl=en&as_sdt=80005&sciodt=0,11",Global trends in coronary artery disease and artificial intelligence relevant studies: a bibliometric analysis.,"XT Qi, H Wang, DG Zhu, L Zheng…",2024,"OBJECTIVE: Coronary artery disease (CAD) is a major global cause of death, greatly affecting life expectancy and quality of life for populations. With the advent of artificial …",European Review for …,Unknown,Unknown,Unclassified,2026-08-23 16:42:34,error,
P5,Ensembled transfer learning and multiple kernel learning for phonocardiogram based atherosclerotic coronary artery disease detection,2022,"Pathak, Akanksha; Mandana, Kayapanda; Saha, Goutam",9,J Shen,EM-TSA: An ensemble machine learning-based transient stability assessment approach for operation of power systems,2023.0,Math. Biosci. Eng,aimspress.com,https://www.aimspress.com/aimspress-data/mbe/2023/5/PDF/mbe-20-05-358.pdf,"https://scholar.google.com/scholar?cites=17018266075068556247&as_sdt=80005&sciodt=0,11&hl=en",38,2026-08-23 16:42:34,PDF,,,,,,,,9,3.0,9,1,3.0,"The transient stability of power systems plays the key role in their smooth operation, which is influenced by many working condition factors. To automatically evaluate transient stability …",https://www.aimspress.com/aimspress-data/mbe/2023/5/PDF/mbe-20-05-358.pdf,"https://scholar.google.com/scholar?q=related:1-OKIdQGLewJ:scholar.google.com/&scioq=&hl=en&as_sdt=80005&sciodt=0,11",EM-TSA: An ensemble machine learning-based transient stability assessment approach for operation of power systems,J Shen,2023,"The transient stability of power systems plays the key role in their smooth operation, which is influenced by many working condition factors. To automatically evaluate transient stability …",Math. Biosci. Eng,Unknown,Unknown,Unclassified,2026-08-23 16:42:34,error,
P5,Ensembled transfer learning and multiple kernel learning for phonocardiogram based atherosclerotic coronary artery disease detection,2022,"Pathak, Akanksha; Mandana, Kayapanda; Saha, Goutam",4,"N Rathakrishnan, D Raja",Enhancing hyperspectral image classification with graph attention neural network,2024.0,Journal of Electronic Imaging,spiedigitallibrary.org,https://www.spiedigitallibrary.org/journals/journal-of-electronic-imaging/volume-33/issue-4/043052/Enhancing-hyperspectral-image-classification-with-graph-attention-neural-network/10.1117/1.JEI.33.4.043052.short,"https://scholar.google.com/scholar?cites=7012728768878937202&as_sdt=80005&sciodt=0,11&hl=en",39,2026-08-23 16:42:34,,10.1117/1.JEI.33.4.043052.short,,,,,,,4,2.0,2,2,2.0,"Due to the rapid advancement of hyperspectral remote sensing technology, classification methods based on hyperspectral images (HSIs) have gained increasing significance in the …",,"https://scholar.google.com/scholar?q=related:cgQxB6k3UmEJ:scholar.google.com/&scioq=&hl=en&as_sdt=80005&sciodt=0,11",Enhancing hyperspectral image classification with graph attention neural network,"N Rathakrishnan, D Raja",2024,"Due to the rapid advancement of hyperspectral remote sensing technology, classification methods based on hyperspectral images (HSIs) have gained increasing significance in the …",Journal of Electronic Imaging,Unknown,Unknown,Unclassified,2026-08-23 16:42:34,error,
P5,Ensembled transfer learning and multiple kernel learning for phonocardiogram based atherosclerotic coronary artery disease detection,2022,"Pathak, Akanksha; Mandana, Kayapanda; Saha, Goutam",8,"BS Larsen, S Winther, L Nissen…",Improved pre-test likelihood estimation of coronary artery disease using phonocardiography,2022.0,… Heart Journal-Digital …,academic.oup.com,https://academic.oup.com/ehjdh/article-abstract/3/4/600/6754720,"https://scholar.google.com/scholar?cites=8592317877942064019&as_sdt=80005&sciodt=0,11&hl=en",40,2026-08-23 16:42:34,,,,,,,,,8,2.0,2,4,4.0,Aims Current early risk stratification of coronary artery disease (CAD) consists of pre-test probability scoring such as the 2019 ESC guidelines on chronic coronary syndromes …,https://academic.oup.com/ehjdh/article/3/4/600/6754720,"https://scholar.google.com/scholar?q=related:k5P5_5ULPncJ:scholar.google.com/&scioq=&hl=en&as_sdt=80005&sciodt=0,11",Improved pre-test likelihood estimation of coronary artery disease using phonocardiography,"BS Larsen, S Winther, L Nissen…",2022,Aims Current early risk stratification of coronary artery disease (CAD) consists of pre-test probability scoring such as the 2019 ESC guidelines on chronic coronary syndromes …,… Heart Journal-Digital …,Unknown,Unknown,Unclassified,2026-08-23 16:42:34,error,
P5,Ensembled transfer learning and multiple kernel learning for phonocardiogram based atherosclerotic coronary artery disease detection,2022,"Pathak, Akanksha; Mandana, Kayapanda; Saha, Goutam",9,"SE Schmidt, LH Madsen, J Hansen…",Coronary Artery Disease Detected by Low Frequency Heart Sounds: Schmidt et al.,2022.0,Cardiovascular …,Springer,https://link.springer.com/article/10.1007/s13239-022-00622-6,"https://scholar.google.com/scholar?cites=9517526190568004188&as_sdt=80005&sciodt=0,11&hl=en",41,2026-08-23 16:42:34,,10.1007/s13239-022-00622-6,,,,,,,9,2.25,2,4,4.0,Objectives Previous studies have observed an increase in low frequency diastolic heart sounds in patients with coronary artery disease (CAD). The aim was to develop and validate …,,"https://scholar.google.com/scholar?q=related:XFpI8aQLFYQJ:scholar.google.com/&scioq=&hl=en&as_sdt=80005&sciodt=0,11",Coronary Artery Disease Detected by Low Frequency Heart Sounds: Schmidt et al.,"SE Schmidt, LH Madsen, J Hansen…",2022,Objectives Previous studies have observed an increase in low frequency diastolic heart sounds in patients with coronary artery disease (CAD). The aim was to develop and validate …,Cardiovascular …,Unknown,Unknown,Unclassified,2026-08-23 16:42:34,error,
P5,Ensembled transfer learning and multiple kernel learning for phonocardiogram based atherosclerotic coronary artery disease detection,2022,"Pathak, Akanksha; Mandana, Kayapanda; Saha, Goutam",0,"Q Memon, MR Alshamsi, MA Alameri…",Non-Invasive Piezoelectric AI System for Arterial Blockage Sensing,2026.0,IEEE Sensors …,ieeexplore.ieee.org,https://ieeexplore.ieee.org/abstract/document/11363147/,,42,2026-08-23 16:42:34,,,,,,,,,0,0.0,0,4,1.0,"Early detection of arterial blockage remains challenging due to reliance on complex imaging systems, invasive procedures, or wearable technologies with limited sensitivity to subtle …",,"https://scholar.google.com/scholar?q=related:G2kwo6RLVJ4J:scholar.google.com/&scioq=&hl=en&as_sdt=80005&sciodt=0,11",Non-Invasive Piezoelectric AI System for Arterial Blockage Sensing,"Q Memon, MR Alshamsi, MA Alameri…",2026,"Early detection of arterial blockage remains challenging due to reliance on complex imaging systems, invasive procedures, or wearable technologies with limited sensitivity to subtle …",IEEE Sensors …,Unknown,Unknown,Unclassified,2026-08-23 16:42:34,error,
P5,Ensembled transfer learning and multiple kernel learning for phonocardiogram based atherosclerotic coronary artery disease detection,2022,"Pathak, Akanksha; Mandana, Kayapanda; Saha, Goutam",3,"K Sasirekha, D Asha, P Sivaganga…",Efficient IoT-based heart disease prediction framework with weight updated trans-bidirectional long short term memory-gated recurrent unit,2025.0,Web …,journals.sagepub.com,https://journals.sagepub.com/doi/abs/10.3233/WEB-230063,"https://scholar.google.com/scholar?cites=14518991779567371094&as_sdt=80005&sciodt=0,11&hl=en",43,2026-08-23 16:42:34,,10.3233/WEB-230063,,,,,,,3,3.0,1,4,1.0,"The integrated system has generated numerous features for the users, like as identifying heart disease by its symptoms, forwarding the information to the doctors regarding the phase …",https://journals.sagepub.com/doi/full/10.3233/WEB-230063,"https://scholar.google.com/scholar?q=related:VgPuPRnSfckJ:scholar.google.com/&scioq=&hl=en&as_sdt=80005&sciodt=0,11",Efficient IoT-based heart disease prediction framework with weight updated trans-bidirectional long short term memory-gated recurrent unit,"K Sasirekha, D Asha, P Sivaganga…",2025,"The integrated system has generated numerous features for the users, like as identifying heart disease by its symptoms, forwarding the information to the doctors regarding the phase …",Web …,Unknown,Unknown,Unclassified,2026-08-23 16:42:34,error,
P5,Ensembled transfer learning and multiple kernel learning for phonocardiogram based atherosclerotic coronary artery disease detection,2022,"Pathak, Akanksha; Mandana, Kayapanda; Saha, Goutam",1,"P Vinay, GS Kumar",Intelligent serial cascade of hybrid deep learning model for plant leaf disease identification and classification with multi-scale dilation assisted 3D-CNN features,2026.0,International Journal of Computational …,inderscienceonline.com,https://www.inderscienceonline.com/doi/abs/10.1504/IJCVR.2026.154145,"https://scholar.google.com/scholar?cites=4404273308032919396&as_sdt=80005&sciodt=0,11&hl=en",44,2026-08-23 16:42:34,,10.1504/IJCVR.2026.154145,,,,,,,1,1.0,1,2,1.0,A novel deep learning framework is explored for plant leaf disease detection to resolve the challenges of existing leaf disease detection models. The pre-processed through optimal …,,"https://scholar.google.com/scholar?q=related:ZGcJIz0fHz0J:scholar.google.com/&scioq=&hl=en&as_sdt=80005&sciodt=0,11",Intelligent serial cascade of hybrid deep learning model for plant leaf disease identification and classification with multi-scale dilation assisted 3D-CNN features,"P Vinay, GS Kumar",2026,A novel deep learning framework is explored for plant leaf disease detection to resolve the challenges of existing leaf disease detection models. The pre-processed through optimal …,International Journal of Computational …,Unknown,Unknown,Unclassified,2026-08-23 16:42:34,error,
P5,Ensembled transfer learning and multiple kernel learning for phonocardiogram based atherosclerotic coronary artery disease detection,2022,"Pathak, Akanksha; Mandana, Kayapanda; Saha, Goutam",5,"S Mewada, F Patel, S Degadwala…",Improved CAD Classification with Ensemble Classifier and Attribute Elimination,2023.0,2023 Third International …,ieeexplore.ieee.org,https://ieeexplore.ieee.org/abstract/document/10506019/,"https://scholar.google.com/scholar?cites=4391156551227311541&as_sdt=80005&sciodt=0,11&hl=en",45,2026-08-23 16:42:34,,,,,,,,,5,1.67,1,4,3.0,"In the realm of medical diagnostics, accurate classification of coronary artery disease (CAD) remains a critical challenge. This research presents a novel approach to enhance CAD …",,"https://scholar.google.com/scholar?q=related:tYUINZ6F8DwJ:scholar.google.com/&scioq=&hl=en&as_sdt=80005&sciodt=0,11",Improved CAD Classification with Ensemble Classifier and Attribute Elimination,"S Mewada, F Patel, S Degadwala…",2023,"In the realm of medical diagnostics, accurate classification of coronary artery disease (CAD) remains a critical challenge. This research presents a novel approach to enhance CAD …",2023 Third International …,Unknown,Unknown,Unclassified,2026-08-23 16:42:34,error,
P5,Ensembled transfer learning and multiple kernel learning for phonocardiogram based atherosclerotic coronary artery disease detection,2022,"Pathak, Akanksha; Mandana, Kayapanda; Saha, Goutam",1,"MFA YUSRAN, ZH AZIZUL, AA KAMAR, SN SAW",Newborn heart rate estimation using respiratory signals: Applying curriculum learning concept via transfer learning approach,2025.0,Results in Engineering,Elsevier,https://www.sciencedirect.com/science/article/pii/S2590123025009168,"https://scholar.google.com/scholar?cites=8928378689893528687&as_sdt=80005&sciodt=0,11&hl=en",46,2026-08-23 16:42:34,HTML,,,,,,,,1,1.0,0,4,1.0,"Monitoring neonatal vital signs is essential in neonatal intensive care units (NICUs). Current systems often require multiple sensors attached to neonates, risking skin injuries and …",https://www.sciencedirect.com/science/article/pii/S2590123025009168,"https://scholar.google.com/scholar?q=related:b3RFJx3553sJ:scholar.google.com/&scioq=&hl=en&as_sdt=80005&sciodt=0,11",Newborn heart rate estimation using respiratory signals: Applying curriculum learning concept via transfer learning approach,"MFA YUSRAN, ZH AZIZUL, AA KAMAR, SN SAW",2025,"Monitoring neonatal vital signs is essential in neonatal intensive care units (NICUs). Current systems often require multiple sensors attached to neonates, risking skin injuries and …",Results in Engineering,Unknown,Unknown,Unclassified,2026-08-23 16:42:34,error,
P5,Ensembled transfer learning and multiple kernel learning for phonocardiogram based atherosclerotic coronary artery disease detection,2022,"Pathak, Akanksha; Mandana, Kayapanda; Saha, Goutam",4,"A Maity, G Saha",Time-frequency fragment selection for disease detection from imbalanced phonocardiogram data,2023.0,… 45th Annual International Conference of the …,ieeexplore.ieee.org,https://ieeexplore.ieee.org/abstract/document/10339998/,"https://scholar.google.com/scholar?cites=5608458272427036001&as_sdt=80005&sciodt=0,11&hl=en",47,2026-08-23 16:42:34,,,,,,,,,4,1.33,2,2,3.0,"Cardiovascular disease (CVD) has become the most concerning disease worldwide. A Phonocardiogram (PCG), the graphical representation of heart sound, is a non-invasive …",https://microsites.arinex.com.au/EMBC/pdf/full-paper_1197.pdf,"https://scholar.google.com/scholar?q=related:YU2deRU_1U0J:scholar.google.com/&scioq=&hl=en&as_sdt=80005&sciodt=0,11",Time-frequency fragment selection for disease detection from imbalanced phonocardiogram data,"A Maity, G Saha",2023,"Cardiovascular disease (CVD) has become the most concerning disease worldwide. A Phonocardiogram (PCG), the graphical representation of heart sound, is a non-invasive …",… 45th Annual International Conference of the …,Unknown,Unknown,Unclassified,2026-08-23 16:42:34,error,
P5,Ensembled transfer learning and multiple kernel learning for phonocardiogram based atherosclerotic coronary artery disease detection,2022,"Pathak, Akanksha; Mandana, Kayapanda; Saha, Goutam",1,"M Sajid, A Hassan, DA Khan, STA Gilani…",AI-Based Early Detection of Coronary Artery Disease Using Atherosclerosis Inflammatory and MicroRNA Biomarkers in Angina Patients,2024.0,… on Robotics and …,ieeexplore.ieee.org,https://ieeexplore.ieee.org/abstract/document/10894670/,"https://scholar.google.com/scholar?cites=2350694075339714737&as_sdt=80005&sciodt=0,11&hl=en",48,2026-08-23 16:42:34,,,,,,,,,1,0.5,0,5,2.0,Coronary artery disease (CAD) is one of the most common causes of sudden cardiac arrest and is responsible for a high percentage of global mortality. Early diagnosis of CAD in …,,"https://scholar.google.com/scholar?q=related:sTA9mM5XnyAJ:scholar.google.com/&scioq=&hl=en&as_sdt=80005&sciodt=0,11",AI-Based Early Detection of Coronary Artery Disease Using Atherosclerosis Inflammatory and MicroRNA Biomarkers in Angina Patients,"M Sajid, A Hassan, DA Khan, STA Gilani…",2024,Coronary artery disease (CAD) is one of the most common causes of sudden cardiac arrest and is responsible for a high percentage of global mortality. Early diagnosis of CAD in …,… on Robotics and …,Unknown,Unknown,Unclassified,2026-08-23 16:42:34,error,
P5,Ensembled transfer learning and multiple kernel learning for phonocardiogram based atherosclerotic coronary artery disease detection,2022,"Pathak, Akanksha; Mandana, Kayapanda; Saha, Goutam",1,Y Zhang,TrustHeartbeat: A Trustworthy Multimodal Interactive System with Heartbeat Recognition and User Identification,2024.0,2024 IEEE Conference on Communications and …,ieeexplore.ieee.org,https://ieeexplore.ieee.org/abstract/document/10735588/,"https://scholar.google.com/scholar?cites=10285567780175496413&as_sdt=80005&sciodt=0,11&hl=en",49,2026-08-23 16:42:34,,,,,,,,,1,0.5,1,1,2.0,The growing popularity of cardiac sensors has led to an increasing demand for smarter interactive systems in disease diagnosis. Various cardiac sensors have emerged as …,,"https://scholar.google.com/scholar?q=related:3USQmmatvY4J:scholar.google.com/&scioq=&hl=en&as_sdt=80005&sciodt=0,11",TrustHeartbeat: A Trustworthy Multimodal Interactive System with Heartbeat Recognition and User Identification,Y Zhang,2024,The growing popularity of cardiac sensors has led to an increasing demand for smarter interactive systems in disease diagnosis. Various cardiac sensors have emerged as …,2024 IEEE Conference on Communications and …,Unknown,Unknown,Unclassified,2026-08-23 16:42:34,error,
P5,Ensembled transfer learning and multiple kernel learning for phonocardiogram based atherosclerotic coronary artery disease detection,2022,"Pathak, Akanksha; Mandana, Kayapanda; Saha, Goutam",0,"SS Gouda, R Giri, KK Sahoo, J Rautaray…",Hybird Optimizer-Driven Transfer Learning for Atherosclerosis Severity Grading Classification in Histopathological Images,2025.0,"… on Cognitive, Green …",ieeexplore.ieee.org,https://ieeexplore.ieee.org/abstract/document/11338025/,,50,2026-08-23 16:42:34,,,,,,,,,0,0.0,0,5,1.0,"Heart disease is still the world's top reason for death and a major contributor to both morbidity and mortality. The steady buildup of plaques within artery walls, which results in …",,"https://scholar.google.com/scholar?q=related:xx4q3VcBYtsJ:scholar.google.com/&scioq=&hl=en&as_sdt=80005&sciodt=0,11",Hybird Optimizer-Driven Transfer Learning for Atherosclerosis Severity Grading Classification in Histopathological Images,"SS Gouda, R Giri, KK Sahoo, J Rautaray…",2025,"Heart disease is still the world's top reason for death and a major contributor to both morbidity and mortality. The steady buildup of plaques within artery walls, which results in …","… on Cognitive, Green …",Unknown,Unknown,Unclassified,2026-08-23 16:42:34,error,
P5,Ensembled transfer learning and multiple kernel learning for phonocardiogram based atherosclerotic coronary artery disease detection,2022,"Pathak, Akanksha; Mandana, Kayapanda; Saha, Goutam",0,"A Maity, S Sinha, M Fynn, M Marocchi…",Multistage Fusion Framework for Coronary Artery Disease Detection from Multichannel Phonocardiogram,2025.0,… Conference on Pattern …,Springer,https://link.springer.com/chapter/10.1007/978-3-032-18480-1_17,,51,2026-08-23 16:42:34,,10.1007/978-3-032-18480-1_17,,,,,,,0,0.0,0,5,1.0,"Coronary artery disease (CAD) remains one of the leading causes of mortality worldwide. Phonocardiogram (PCG) signals offer a non-invasive, affordable, and accessible means for …",https://ddfe.curtin.edu.au/yurong/PReMI.pdf,"https://scholar.google.com/scholar?q=related:Er56hOt3oLAJ:scholar.google.com/&scioq=&hl=en&as_sdt=80005&sciodt=0,11",Multistage Fusion Framework for Coronary Artery Disease Detection from Multichannel Phonocardiogram,"A Maity, S Sinha, M Fynn, M Marocchi…",2025,"Coronary artery disease (CAD) remains one of the leading causes of mortality worldwide. Phonocardiogram (PCG) signals offer a non-invasive, affordable, and accessible means for …",… Conference on Pattern …,Unknown,Unknown,Unclassified,2026-08-23 16:42:34,error,
P5,Ensembled transfer learning and multiple kernel learning for phonocardiogram based atherosclerotic coronary artery disease detection,2022,"Pathak, Akanksha; Mandana, Kayapanda; Saha, Goutam",0,Y Zheng,Advanced 3D Body Shape Analysis for Body Composition and Health Assessment,2026.0,,search.proquest.com,https://search.proquest.com/openview/11f66362ef0a9df1f2f61c507f6b40a2/1?pq-origsite=gscholar&cbl=18750&diss=y,,52,2026-08-23 16:42:34,,,,,,,,,0,0.0,0,1,1.0,Body shape is a promising non-invasive source of information for health assessment because external morphology reflects biologically and clinically meaningful variation. One …,,"https://scholar.google.com/scholar?q=related:bowy95qWeHYJ:scholar.google.com/&scioq=&hl=en&as_sdt=80005&sciodt=0,11",Advanced 3D Body Shape Analysis for Body Composition and Health Assessment,Y Zheng,2026,Body shape is a promising non-invasive source of information for health assessment because external morphology reflects biologically and clinically meaningful variation. One …,Unknown,Unknown,Unknown,Unclassified,2026-08-23 16:42:34,error,
P5,Ensembled transfer learning and multiple kernel learning for phonocardiogram based atherosclerotic coronary artery disease detection,2022,"Pathak, Akanksha; Mandana, Kayapanda; Saha, Goutam",0,"I Janani, GG Deepa, B Dhiyanesh…",Federated Learning for Heart Disease Detection Using a Grey Wolf Transfer Learning Model Based on Multi-perceptron Neural Networks,2024.0,… to Secure Futuristic …,api.taylorfrancis.com,https://api.taylorfrancis.com/content/chapters/edit/download?identifierName=doi&identifierValue=10.1201/9781032631738-18&type=chapterpdf,,53,2026-08-23 16:42:34,,,,,,,,,0,0.0,0,4,2.0,"In smart cities, Takayasu's arthritis (TA) is the most dangerous rare cardiac vascular disease and is characterized by a variety of features. So, predicting the disease's nature and effects …",,"https://scholar.google.com/scholar?q=related:JiMaYjFeA5oJ:scholar.google.com/&scioq=&hl=en&as_sdt=80005&sciodt=0,11",Federated Learning for Heart Disease Detection Using a Grey Wolf Transfer Learning Model Based on Multi-perceptron Neural Networks,"I Janani, GG Deepa, B Dhiyanesh…",2024,"In smart cities, Takayasu's arthritis (TA) is the most dangerous rare cardiac vascular disease and is characterized by a variety of features. So, predicting the disease's nature and effects …",… to Secure Futuristic …,Unknown,Unknown,Unclassified,2026-08-23 16:42:34,error,
P5,Ensembled transfer learning and multiple kernel learning for phonocardiogram based atherosclerotic coronary artery disease detection,2022,"Pathak, Akanksha; Mandana, Kayapanda; Saha, Goutam",0,"E Thirumagal, K Thanuja, HA Basha…",Cardio Vascular Disease Diagnosis using Deep Learning Models,2025.0,… Mining in Electronic …,api.taylorfrancis.com,https://api.taylorfrancis.com/content/chapters/edit/download?identifierName=doi&identifierValue=10.1201/9781003408376-5&type=chapterpdf,,54,2026-08-23 16:42:34,,,,,,,,,0,0.0,0,4,1.0,"In recent times, deep neural networks have gained more attention, as they have shown outstanding performance in various fields, especially in medical diagnoses. This chapter …",,"https://scholar.google.com/scholar?q=related:W51KfBZh6R4J:scholar.google.com/&scioq=&hl=en&as_sdt=80005&sciodt=0,11",Cardio Vascular Disease Diagnosis using Deep Learning Models,"E Thirumagal, K Thanuja, HA Basha…",2025,"In recent times, deep neural networks have gained more attention, as they have shown outstanding performance in various fields, especially in medical diagnoses. This chapter …",… Mining in Electronic …,Unknown,Unknown,Unclassified,2026-08-23 16:42:34,error,
P5,Ensembled transfer learning and multiple kernel learning for phonocardiogram based atherosclerotic coronary artery disease detection,2022,"Pathak, Akanksha; Mandana, Kayapanda; Saha, Goutam",0,"X Wang, H Zhang, L Li, Y Li, J Wang, L Yao…",Noninvasive Detection of Patients with Varying Degrees of Coronary Stenosis Based on Refined Joint Recurrence Plots,,Available at SSRN …,papers.ssrn.com,https://papers.ssrn.com/sol3/papers.cfm?abstract_id=4780992,,55,2026-08-23 16:42:34,,,,,,,,,0,0.0,0,7,,"Abstract Background and Objective: Coronary artery disease (CAD) is the main cause of cardiovascular death. Clinically, the accurate identification of patients with varying degrees …",https://papers.ssrn.com/sol3/Delivery.cfm?abstractid=4780992,"https://scholar.google.com/scholar?q=related:CI9YfmTLKiYJ:scholar.google.com/&scioq=&hl=en&as_sdt=80005&sciodt=0,11",Noninvasive Detection of Patients with Varying Degrees of Coronary Stenosis Based on Refined Joint Recurrence Plots,"X Wang, H Zhang, L Li, Y Li, J Wang, L Yao…",0,"Abstract Background and Objective: Coronary artery disease (CAD) is the main cause of cardiovascular death. Clinically, the accurate identification of patients with varying degrees …",Available at SSRN …,Unknown,Unknown,Unclassified,2026-08-23 16:42:34,error,
P5,Ensembled transfer learning and multiple kernel learning for phonocardiogram based atherosclerotic coronary artery disease detection,2022,"Pathak, Akanksha; Mandana, Kayapanda; Saha, Goutam",0,"仁泉大輔, 竹内大起, 大石康智, 原田登…",汎用音響信号表現の心雑音検出への応用,2024.0,… 学会全国大会論文集 第 …,jstage.jst.go.jp,https://www.jstage.jst.go.jp/article/pjsai/JSAI2024/0/JSAI2024_3Xin2115/_article/-char/ja/,,56,2026-08-23 16:42:34,,,,,,,,,0,0.0,0,5,2.0,"抄録 汎用音響信号表現は大規模データセットを事前学習し, 幅広い音のタスクに有効な表現として近年活発に提案されている. 一方で心音聴診において深層学習による自動化が研究されているが …",https://www.jstage.jst.go.jp/article/pjsai/JSAI2024/0/JSAI2024_3Xin2115/_pdf,"https://scholar.google.com/scholar?q=related:uFiddytMTtQJ:scholar.google.com/&scioq=&hl=en&as_sdt=80005&sciodt=0,11",汎用音響信号表現の心雑音検出への応用,"仁泉大輔, 竹内大起, 大石康智, 原田登…",2024,"抄録 汎用音響信号表現は大規模データセットを事前学習し, 幅広い音のタスクに有効な表現として近年活発に提案されている. 一方で心音聴診において深層学習による自動化が研究されているが …",… 学会全国大会論文集 第 …,Unknown,Unknown,Unclassified,2026-08-23 16:42:34,error,
P6,Evaluation of handcrafted features and learned representations for the classification of arrhythmia and congestive heart failure in ECG,2023,"Nahak, Sudestna; Pathak, Akanksha; Saha, Goutam",119,"Z Wu, C Guo",Deep learning and electrocardiography: systematic review of current techniques in cardiovascular disease diagnosis and management,2025.0,BioMedical Engineering OnLine,Springer,https://link.springer.com/article/10.1186/s12938-025-01349-w,"https://scholar.google.com/scholar?cites=9203430781978312175&as_sdt=80005&sciodt=0,11&hl=en",1,2026-08-23 16:43:30,HTML,10.1186/s12938-025-01349-w,,,,,,,119,119.0,60,2,1.0,"This paper reviews the recent advancements in the application of deep learning combined with electrocardiography (ECG) within the domain of cardiovascular diseases, systematically …",https://link.springer.com/article/10.1186/s12938-025-01349-w,"https://scholar.google.com/scholar?q=related:7322yognuX8J:scholar.google.com/&scioq=&hl=en&as_sdt=80005&sciodt=0,11",Deep learning and electrocardiography: systematic review of current techniques in cardiovascular disease diagnosis and management,"Z Wu, C Guo",2025,"This paper reviews the recent advancements in the application of deep learning combined with electrocardiography (ECG) within the domain of cardiovascular diseases, systematically …",BioMedical Engineering OnLine,Unknown,Unknown,Unclassified,2026-08-23 16:43:30,error,
P6,Evaluation of handcrafted features and learned representations for the classification of arrhythmia and congestive heart failure in ECG,2023,"Nahak, Sudestna; Pathak, Akanksha; Saha, Goutam",32,"M Jafari, X Tao, P Barua, RS Tan, UR Acharya",Application of transfer learning for biomedical signals: A comprehensive review of the last decade (2014–2024),2025.0,Information Fusion,Elsevier,https://www.sciencedirect.com/science/article/pii/S1566253525000557,"https://scholar.google.com/scholar?cites=859787519003830301&as_sdt=80005&sciodt=0,11&hl=en",2,2026-08-23 16:43:30,HTML,,,,,,,,32,32.0,6,5,1.0,Precise and timely disease diagnosis is essential for making effective treatment decisions and halting disease progression. Biomedical signals offer the potential for non-invasive …,https://www.sciencedirect.com/science/article/pii/S1566253525000557,"https://scholar.google.com/scholar?q=related:HaiJdDGU7gsJ:scholar.google.com/&scioq=&hl=en&as_sdt=80005&sciodt=0,11",Application of transfer learning for biomedical signals: A comprehensive review of the last decade (2014–2024),"M Jafari, X Tao, P Barua, RS Tan, UR Acharya",2025,Precise and timely disease diagnosis is essential for making effective treatment decisions and halting disease progression. Biomedical signals offer the potential for non-invasive …,Information Fusion,Unknown,Unknown,Unclassified,2026-08-23 16:43:30,error,
P6,Evaluation of handcrafted features and learned representations for the classification of arrhythmia and congestive heart failure in ECG,2023,"Nahak, Sudestna; Pathak, Akanksha; Saha, Goutam",56,"G Petmezas, VE Papageorgiou, V Vassilikos…",Recent advancements and applications of deep learning in heart failure: Α systematic review,2024.0,Computers in Biology …,Elsevier,https://www.sciencedirect.com/science/article/pii/S0010482524006413,"https://scholar.google.com/scholar?cites=3232076421014123160&as_sdt=80005&sciodt=0,11&hl=en",3,2026-08-23 16:43:30,,,,,,,,,56,28.0,14,4,2.0,"Background Heart failure (HF), a global health challenge, requires innovative diagnostic and management approaches. The rapid evolution of deep learning (DL) in healthcare …",,"https://scholar.google.com/scholar?q=related:mHJ2cWGk2iwJ:scholar.google.com/&scioq=&hl=en&as_sdt=80005&sciodt=0,11",Recent advancements and applications of deep learning in heart failure: Α systematic review,"G Petmezas, VE Papageorgiou, V Vassilikos…",2024,"Background Heart failure (HF), a global health challenge, requires innovative diagnostic and management approaches. The rapid evolution of deep learning (DL) in healthcare …",Computers in Biology …,Unknown,Unknown,Unclassified,2026-08-23 16:43:30,error,
P6,Evaluation of handcrafted features and learned representations for the classification of arrhythmia and congestive heart failure in ECG,2023,"Nahak, Sudestna; Pathak, Akanksha; Saha, Goutam",30,"T Anitha, S Aanjankumar, RK Dhanaraj…",A deep bi-capsnet for analysing ecg signals to classify cardiac arrhythmia,2025.0,Computers in Biology …,Elsevier,https://www.sciencedirect.com/science/article/pii/S0010482525002756,"https://scholar.google.com/scholar?cites=4957299487289368999&as_sdt=80005&sciodt=0,11&hl=en",4,2026-08-23 16:43:30,,,,,,,,,30,30.0,8,4,1.0,"In recent times, the electrocardiogram (ECG) has been considered as a significant and effective screening mode in clinical practice to assess cardiac arrhythmias. Precise feature …",,"https://scholar.google.com/scholar?q=related:p-EbaZ7dy0QJ:scholar.google.com/&scioq=&hl=en&as_sdt=80005&sciodt=0,11",A deep bi-capsnet for analysing ecg signals to classify cardiac arrhythmia,"T Anitha, S Aanjankumar, RK Dhanaraj…",2025,"In recent times, the electrocardiogram (ECG) has been considered as a significant and effective screening mode in clinical practice to assess cardiac arrhythmias. Precise feature …",Computers in Biology …,Unknown,Unknown,Unclassified,2026-08-23 16:43:30,error,
P6,Evaluation of handcrafted features and learned representations for the classification of arrhythmia and congestive heart failure in ECG,2023,"Nahak, Sudestna; Pathak, Akanksha; Saha, Goutam",27,"J Rahul, LD Sharma",Advancements in AI for cardiac arrhythmia detection: a comprehensive overview,2025.0,Computer Science Review,Elsevier,https://www.sciencedirect.com/science/article/pii/S1574013724001023,"https://scholar.google.com/scholar?cites=12337191947319635695&as_sdt=80005&sciodt=0,11&hl=en",5,2026-08-23 16:43:30,HTML,,,,,,,,27,27.0,14,2,1.0,"Cardiovascular diseases (CVDs) are a global health concern, demanding advanced healthcare solutions. Accurate identification of CVDs via electrocardiogram (ECG) analysis …",https://www.sciencedirect.com/science/article/pii/S1574013724001023,"https://scholar.google.com/scholar?q=related:7-7L-bWCNqsJ:scholar.google.com/&scioq=&hl=en&as_sdt=80005&sciodt=0,11",Advancements in AI for cardiac arrhythmia detection: a comprehensive overview,"J Rahul, LD Sharma",2025,"Cardiovascular diseases (CVDs) are a global health concern, demanding advanced healthcare solutions. Accurate identification of CVDs via electrocardiogram (ECG) analysis …",Computer Science Review,Unknown,Unknown,Unclassified,2026-08-23 16:43:30,error,
P6,Evaluation of handcrafted features and learned representations for the classification of arrhythmia and congestive heart failure in ECG,2023,"Nahak, Sudestna; Pathak, Akanksha; Saha, Goutam",53,"S Nahak, A Pathak, G Saha",Fragment-level classification of ECG arrhythmia using wavelet scattering transform,2023.0,Expert Systems with Applications,Elsevier,https://www.sciencedirect.com/science/article/pii/S0957417423005213,"https://scholar.google.com/scholar?cites=13396760557528799533&as_sdt=80005&sciodt=0,11&hl=en",6,2026-08-23 16:43:30,,,,,,,,,53,17.67,18,3,3.0,"Cardiovascular disease detection and its prevention are among the most demanding tasks in the healthcare system nowadays, as around 50 million people worldwide are at risk of …",,"https://scholar.google.com/scholar?q=related:Ldl3fL_a6rkJ:scholar.google.com/&scioq=&hl=en&as_sdt=80005&sciodt=0,11",Fragment-level classification of ECG arrhythmia using wavelet scattering transform,"S Nahak, A Pathak, G Saha",2023,"Cardiovascular disease detection and its prevention are among the most demanding tasks in the healthcare system nowadays, as around 50 million people worldwide are at risk of …",Expert Systems with Applications,Unknown,Unknown,Unclassified,2026-08-23 16:43:30,error,
P6,Evaluation of handcrafted features and learned representations for the classification of arrhythmia and congestive heart failure in ECG,2023,"Nahak, Sudestna; Pathak, Akanksha; Saha, Goutam",24,"A Daliri, R Sadeghi, N Sedighian, A Karimi…",Heptagonal Reinforcement Learning (HRL): a novel algorithm for early prevention of non-sinus cardiac arrhythmia,2024.0,Journal of Ambient …,Springer,https://link.springer.com/article/10.1007/s12652-024-04776-0,"https://scholar.google.com/scholar?cites=6594757802582078816&as_sdt=80005&sciodt=0,11&hl=en",7,2026-08-23 16:43:30,,10.1007/s12652-024-04776-0,,,,,,,24,12.0,5,5,2.0,There have been many connections between medical science and artificial intelligence in recent years. Many problems arise with the integrity of communication. Cardiac arrhythmia …,,"https://scholar.google.com/scholar?q=related:YPWj6kdJhVsJ:scholar.google.com/&scioq=&hl=en&as_sdt=80005&sciodt=0,11",Heptagonal Reinforcement Learning (HRL): a novel algorithm for early prevention of non-sinus cardiac arrhythmia,"A Daliri, R Sadeghi, N Sedighian, A Karimi…",2024,There have been many connections between medical science and artificial intelligence in recent years. Many problems arise with the integrity of communication. Cardiac arrhythmia …,Journal of Ambient …,Unknown,Unknown,Unclassified,2026-08-23 16:43:30,error,
P6,Evaluation of handcrafted features and learned representations for the classification of arrhythmia and congestive heart failure in ECG,2023,"Nahak, Sudestna; Pathak, Akanksha; Saha, Goutam",11,"S Nahak, G Saha",Analysis and classification of beat-level ECG arrhythmia using WST-inspired CNN framework,2025.0,Biomedical Signal Processing and Control,Elsevier,https://www.sciencedirect.com/science/article/pii/S1746809425005427,"https://scholar.google.com/scholar?cites=18249724844809179797&as_sdt=80005&sciodt=0,11&hl=en",8,2026-08-23 16:43:30,,,,,,,,,11,11.0,6,2,1.0,Cardiac arrhythmia (ARR) is a major contributor to cardiovascular disease (CVD)-related fatalities worldwide. Electrocardiogram (ECG) signals play a crucial role in diagnosing and …,,"https://scholar.google.com/scholar?q=related:ldJ4Hw4MRP0J:scholar.google.com/&scioq=&hl=en&as_sdt=80005&sciodt=0,11",Analysis and classification of beat-level ECG arrhythmia using WST-inspired CNN framework,"S Nahak, G Saha",2025,Cardiac arrhythmia (ARR) is a major contributor to cardiovascular disease (CVD)-related fatalities worldwide. Electrocardiogram (ECG) signals play a crucial role in diagnosing and …,Biomedical Signal Processing and Control,Unknown,Unknown,Unclassified,2026-08-23 16:43:30,error,
P6,Evaluation of handcrafted features and learned representations for the classification of arrhythmia and congestive heart failure in ECG,2023,"Nahak, Sudestna; Pathak, Akanksha; Saha, Goutam",20,"JP Allam, SP Sahoo, S Ari",Multi-stream Bi-GRU network to extract a comprehensive feature set for ECG signal classification,2024.0,Biomedical Signal Processing and Control,Elsevier,https://www.sciencedirect.com/science/article/pii/S1746809424001551,"https://scholar.google.com/scholar?cites=14418614121213713923&as_sdt=80005&sciodt=0,11&hl=en",9,2026-08-23 16:43:30,,,,,,,,,20,10.0,7,3,2.0,Electrocardiogram (ECG) signal analysis plays a crucial role in diagnosing and monitoring various cardiac diseases. Automatic ECG beat classification is necessary to analyze long …,,"https://scholar.google.com/scholar?q=related:A95fcCY1GcgJ:scholar.google.com/&scioq=&hl=en&as_sdt=80005&sciodt=0,11",Multi-stream Bi-GRU network to extract a comprehensive feature set for ECG signal classification,"JP Allam, SP Sahoo, S Ari",2024,Electrocardiogram (ECG) signal analysis plays a crucial role in diagnosing and monitoring various cardiac diseases. Automatic ECG beat classification is necessary to analyze long …,Biomedical Signal Processing and Control,Unknown,Unknown,Unclassified,2026-08-23 16:43:30,error,
P6,Evaluation of handcrafted features and learned representations for the classification of arrhythmia and congestive heart failure in ECG,2023,"Nahak, Sudestna; Pathak, Akanksha; Saha, Goutam",11,"K Lee, J Lee, M Shin",Lightweight beat score map method for electrocardiogram-based arrhythmia classification,2024.0,Biocybernetics and Biomedical Engineering,Elsevier,https://www.sciencedirect.com/science/article/pii/S0208521624000858,"https://scholar.google.com/scholar?cites=16497438273683064719&as_sdt=80005&sciodt=0,11&hl=en",10,2026-08-23 16:43:30,HTML,,,,,,,,11,5.5,4,3,2.0,We recently investigated beat score map (BSM)-based methods for electrocardiogram (ECG)-based arrhythmia classification. Although BSM-based methods show impressive …,https://www.sciencedirect.com/science/article/pii/S0208521624000858,"https://scholar.google.com/scholar?q=related:jwfQ5rOs8uQJ:scholar.google.com/&scioq=&hl=en&as_sdt=80005&sciodt=0,11",Lightweight beat score map method for electrocardiogram-based arrhythmia classification,"K Lee, J Lee, M Shin",2024,We recently investigated beat score map (BSM)-based methods for electrocardiogram (ECG)-based arrhythmia classification. Although BSM-based methods show impressive …,Biocybernetics and Biomedical Engineering,Unknown,Unknown,Unclassified,2026-08-23 16:43:30,error,
P6,Evaluation of handcrafted features and learned representations for the classification of arrhythmia and congestive heart failure in ECG,2023,"Nahak, Sudestna; Pathak, Akanksha; Saha, Goutam",3,"H Deng, B Ma, G Chen, J Chi, J Tong, F Yu, B Lu…",Artificial Intelligence-Driven Wearable Sensors for Cardiovascular Health Monitoring,2026.0,ACS …,ACS Publications,https://pubs.acs.org/doi/abs/10.1021/acssensors.5c04840,"https://scholar.google.com/scholar?cites=480217366511667835&as_sdt=80005&sciodt=0,11&hl=en",11,2026-08-23 16:43:30,,10.1021/acssensors.5c04840,,,,,,,3,3.0,0,8,1.0,"Wearable sensing technologies hold great promise for continuous and non-invasive monitoring of cardiovascular health, offering new avenues for early detection and effective …",,"https://scholar.google.com/scholar?q=related:e8rmiSYTqgYJ:scholar.google.com/&scioq=&hl=en&as_sdt=80005&sciodt=0,11",Artificial Intelligence-Driven Wearable Sensors for Cardiovascular Health Monitoring,"H Deng, B Ma, G Chen, J Chi, J Tong, F Yu, B Lu…",2026,"Wearable sensing technologies hold great promise for continuous and non-invasive monitoring of cardiovascular health, offering new avenues for early detection and effective …",ACS …,Unknown,Unknown,Unclassified,2026-08-23 16:43:30,error,
P6,Evaluation of handcrafted features and learned representations for the classification of arrhythmia and congestive heart failure in ECG,2023,"Nahak, Sudestna; Pathak, Akanksha; Saha, Goutam",13,"Z Khatar, D Bentaleb",Enhanced ECG signal features transformation to RGB matrix imaging for advanced deep learning classification of myocardial infarction and cardiac arrhythmia,2025.0,Multimedia Tools and Applications,Springer,https://link.springer.com/article/10.1007/s11042-024-19352-z,"https://scholar.google.com/scholar?cites=15834703991764176908&as_sdt=80005&sciodt=0,11&hl=en",12,2026-08-23 16:43:30,,10.1007/s11042-024-19352-z,,,,,,,13,13.0,7,2,1.0,"Identifying and accurately classifying cardiac abnormalities, including myocardial infarction (MI) and cardiac arrhythmia (CA), remains a significant challenge in the field of cardiology …",,"https://scholar.google.com/scholar?q=related:DFCQeGIrwNsJ:scholar.google.com/&scioq=&hl=en&as_sdt=80005&sciodt=0,11",Enhanced ECG signal features transformation to RGB matrix imaging for advanced deep learning classification of myocardial infarction and cardiac arrhythmia,"Z Khatar, D Bentaleb",2025,"Identifying and accurately classifying cardiac abnormalities, including myocardial infarction (MI) and cardiac arrhythmia (CA), remains a significant challenge in the field of cardiology …",Multimedia Tools and Applications,Unknown,Unknown,Unclassified,2026-08-23 16:43:30,error,
P6,Evaluation of handcrafted features and learned representations for the classification of arrhythmia and congestive heart failure in ECG,2023,"Nahak, Sudestna; Pathak, Akanksha; Saha, Goutam",26,S Lahmiri,A nonlinear analysis of cardiovascular diseases using multi-scale analysis and generalized hurst exponent,2023.0,Healthcare Analytics,Elsevier,https://www.sciencedirect.com/science/article/pii/S2772442523000096,"https://scholar.google.com/scholar?cites=6029466178152225634&as_sdt=80005&sciodt=0,11&hl=en",13,2026-08-23 16:43:30,HTML,,,,,,,,26,8.67,26,1,3.0,"Congestive heart failure (CHF) and arrhythmia (ARR) are common heart diseases that affect a growing population of patients worldwide. In this work, we employ multi-scale analysis …",https://www.sciencedirect.com/science/article/pii/S2772442523000096,"https://scholar.google.com/scholar?q=related:Ytv-JYv3rFMJ:scholar.google.com/&scioq=&hl=en&as_sdt=80005&sciodt=0,11",A nonlinear analysis of cardiovascular diseases using multi-scale analysis and generalized hurst exponent,S Lahmiri,2023,"Congestive heart failure (CHF) and arrhythmia (ARR) are common heart diseases that affect a growing population of patients worldwide. In this work, we employ multi-scale analysis …",Healthcare Analytics,Unknown,Unknown,Unclassified,2026-08-23 16:43:30,error,
P6,Evaluation of handcrafted features and learned representations for the classification of arrhythmia and congestive heart failure in ECG,2023,"Nahak, Sudestna; Pathak, Akanksha; Saha, Goutam",2,"ME Ait Bourkha, D Nasir",Investigating the impact of the stationarity hypothesis on heart failure detection using deep convolutional scattering networks and machine learning,2025.0,Scientific Reports,nature.com,https://www.nature.com/articles/s41598-025-13510-5,"https://scholar.google.com/scholar?cites=16706042518713851161&as_sdt=80005&sciodt=0,11&hl=en",14,2026-08-23 16:43:30,HTML,,,,,,,,2,2.0,1,2,1.0,"Abstract Detection of Cardiovascular Diseases (CVDs) has become crucial nowadays, as the World Health Organization (WHO) declares CVDs as the major leading causes of death …",https://www.nature.com/articles/s41598-025-13510-5,"https://scholar.google.com/scholar?q=related:Gd2CiijJ1-cJ:scholar.google.com/&scioq=&hl=en&as_sdt=80005&sciodt=0,11",Investigating the impact of the stationarity hypothesis on heart failure detection using deep convolutional scattering networks and machine learning,"ME Ait Bourkha, D Nasir",2025,"Abstract Detection of Cardiovascular Diseases (CVDs) has become crucial nowadays, as the World Health Organization (WHO) declares CVDs as the major leading causes of death …",Scientific Reports,Unknown,Unknown,Unclassified,2026-08-23 16:43:30,error,
P6,Evaluation of handcrafted features and learned representations for the classification of arrhythmia and congestive heart failure in ECG,2023,"Nahak, Sudestna; Pathak, Akanksha; Saha, Goutam",8,"KSN Kumari, S Vijayabaskar, E Praynlin…",Advanced ECG classification with improved optimized feature selection and attention CNN-BILSTM technique,2025.0,… Signal Processing and …,Elsevier,https://www.sciencedirect.com/science/article/pii/S1746809425008109,"https://scholar.google.com/scholar?cites=14125413342989281820&as_sdt=80005&sciodt=0,11&hl=en",15,2026-08-23 16:43:30,,,,,,,,,8,8.0,2,4,1.0,"Accurate prediction and classification of ECG signals are crucial for effective cardiac disease diagnosis due to their role in early detection, personalized treatment, and ongoing disease …",,"https://scholar.google.com/scholar?q=related:HGpwhpiMB8QJ:scholar.google.com/&scioq=&hl=en&as_sdt=80005&sciodt=0,11",Advanced ECG classification with improved optimized feature selection and attention CNN-BILSTM technique,"KSN Kumari, S Vijayabaskar, E Praynlin…",2025,"Accurate prediction and classification of ECG signals are crucial for effective cardiac disease diagnosis due to their role in early detection, personalized treatment, and ongoing disease …",… Signal Processing and …,Unknown,Unknown,Unclassified,2026-08-23 16:43:30,error,
P6,Evaluation of handcrafted features and learned representations for the classification of arrhythmia and congestive heart failure in ECG,2023,"Nahak, Sudestna; Pathak, Akanksha; Saha, Goutam",5,"AS Escalante-Martínez, M García-Pérez…",Artificial Intelligence in Assistive Technologies for Rehabilitation and Healthcare,2025.0,Digital Transformation in …,Springer,https://link.springer.com/chapter/10.1007/978-3-031-95044-5_5,"https://scholar.google.com/scholar?cites=11959287132669642848&as_sdt=80005&sciodt=0,11&hl=en",16,2026-08-23 16:43:30,,10.1007/978-3-031-95044-5_5,,,,,,,5,5.0,2,3,1.0,"Assistive Technology (AT) encompasses devices and systems that enhance functioning and independence for individuals with physical, cognitive, sensory, or developmental disabilities …",,"https://scholar.google.com/scholar?q=related:YIisvUjs96UJ:scholar.google.com/&scioq=&hl=en&as_sdt=80005&sciodt=0,11",Artificial Intelligence in Assistive Technologies for Rehabilitation and Healthcare,"AS Escalante-Martínez, M García-Pérez…",2025,"Assistive Technology (AT) encompasses devices and systems that enhance functioning and independence for individuals with physical, cognitive, sensory, or developmental disabilities …",Digital Transformation in …,Unknown,Unknown,Unclassified,2026-08-23 16:43:30,error,
P6,Evaluation of handcrafted features and learned representations for the classification of arrhythmia and congestive heart failure in ECG,2023,"Nahak, Sudestna; Pathak, Akanksha; Saha, Goutam",0,"H Zhou, DA Nguyen, NA Le-Khac",Deep learning for heart disease anomaly detection: performance factors and algorithms,2026.0,Artificial Intelligence Review,Springer,https://link.springer.com/content/pdf/10.1007/s10462-026-11633-3_reference.pdf,,17,2026-08-23 16:43:30,PDF,10.1007/s10462-026-11633-3_reference,,,,,,,0,0.0,0,3,1.0,"Heart disease is a prevalent concern for individuals in every age group, as it significantly impacts their health and remains a leading cause of mortality today. An effective heart …",https://link.springer.com/content/pdf/10.1007/s10462-026-11633-3_reference.pdf,"https://scholar.google.com/scholar?q=related:JNfssguvIlkJ:scholar.google.com/&scioq=&hl=en&as_sdt=80005&sciodt=0,11",Deep learning for heart disease anomaly detection: performance factors and algorithms,"H Zhou, DA Nguyen, NA Le-Khac",2026,"Heart disease is a prevalent concern for individuals in every age group, as it significantly impacts their health and remains a leading cause of mortality today. An effective heart …",Artificial Intelligence Review,Unknown,Unknown,Unclassified,2026-08-23 16:43:30,error,
P6,Evaluation of handcrafted features and learned representations for the classification of arrhythmia and congestive heart failure in ECG,2023,"Nahak, Sudestna; Pathak, Akanksha; Saha, Goutam",3,"MZA Hadba, AJ Zaylaa…",ECG Signal Classification for Heart Disease Detection: A Systematic Review and Future Directions,2025.0,2025 Eighth International …,ieeexplore.ieee.org,https://ieeexplore.ieee.org/abstract/document/11211641/,"https://scholar.google.com/scholar?cites=10331253652950456730&as_sdt=80005&sciodt=0,11&hl=en",18,2026-08-23 16:43:30,,,,,,,,,3,3.0,1,3,1.0,"Heart disease remains the leading cause of mortality globally, and early diagnosis is critical. Electrocardiography (ECG) is a primary diagnostic tool for heart conditions, and recent …",,"https://scholar.google.com/scholar?q=related:mpmRxHX8X48J:scholar.google.com/&scioq=&hl=en&as_sdt=80005&sciodt=0,11",ECG Signal Classification for Heart Disease Detection: A Systematic Review and Future Directions,"MZA Hadba, AJ Zaylaa…",2025,"Heart disease remains the leading cause of mortality globally, and early diagnosis is critical. Electrocardiography (ECG) is a primary diagnostic tool for heart conditions, and recent …",2025 Eighth International …,Unknown,Unknown,Unclassified,2026-08-23 16:43:30,error,
P6,Evaluation of handcrafted features and learned representations for the classification of arrhythmia and congestive heart failure in ECG,2023,"Nahak, Sudestna; Pathak, Akanksha; Saha, Goutam",0,"G Wei, C Zhang, D Li, J Lou, R Jin, Z Chen…",MECKA: A Multimodal ECG Classification Framework via Knowledge Augmentation,2026.0,… Signal Processing and …,Elsevier,https://www.sciencedirect.com/science/article/pii/S1746809426012929,,19,2026-08-23 16:43:30,,,,,,,,,0,0.0,0,7,1.0,Electrocardiogram (ECG) classification plays a vital role in the early diagnosis of cardiovascular diseases. While recent deep learning (DL) methods enable automated …,,"https://scholar.google.com/scholar?q=related:CuMgnxH2Rv4J:scholar.google.com/&scioq=&hl=en&as_sdt=80005&sciodt=0,11",MECKA: A Multimodal ECG Classification Framework via Knowledge Augmentation,"G Wei, C Zhang, D Li, J Lou, R Jin, Z Chen…",2026,Electrocardiogram (ECG) classification plays a vital role in the early diagnosis of cardiovascular diseases. While recent deep learning (DL) methods enable automated …,… Signal Processing and …,Unknown,Unknown,Unclassified,2026-08-23 16:43:30,error,
P6,Evaluation of handcrafted features and learned representations for the classification of arrhythmia and congestive heart failure in ECG,2023,"Nahak, Sudestna; Pathak, Akanksha; Saha, Goutam",8,"S Majumder, S Bhattacharya, P Debnath…",Identification and classification of arrhythmic heartbeats from electrocardiogram signals using feature induced optimal extreme gradient boosting algorithm,2024.0,Computer Methods in …,Taylor &Francis,https://www.tandfonline.com/doi/abs/10.1080/10255842.2023.2265009,"https://scholar.google.com/scholar?cites=6504517761943276431&as_sdt=80005&sciodt=0,11&hl=en",20,2026-08-23 16:43:30,,10.1080/10255842.2023.2265009,,,,,,,8,4.0,2,4,2.0,Arrhythmic heartbeat classification has gained a lot of attention to accelerate the detection of cardiovascular diseases and mitigating the potential cause of one-third of deaths worldwide …,,"https://scholar.google.com/scholar?q=related:jwvZK3GwRFoJ:scholar.google.com/&scioq=&hl=en&as_sdt=80005&sciodt=0,11",Identification and classification of arrhythmic heartbeats from electrocardiogram signals using feature induced optimal extreme gradient boosting algorithm,"S Majumder, S Bhattacharya, P Debnath…",2024,Arrhythmic heartbeat classification has gained a lot of attention to accelerate the detection of cardiovascular diseases and mitigating the potential cause of one-third of deaths worldwide …,Computer Methods in …,Unknown,Unknown,Unclassified,2026-08-23 16:43:30,error,
P6,Evaluation of handcrafted features and learned representations for the classification of arrhythmia and congestive heart failure in ECG,2023,"Nahak, Sudestna; Pathak, Akanksha; Saha, Goutam",4,"N Katal, H Garg, B Sharma",A comparative analysis of CNNs and LSTMs for ECG-based diagnosis of arrythmia and congestive heart failure,2026.0,Computer Methods in Biomechanics …,Taylor &Francis,https://www.tandfonline.com/doi/abs/10.1080/10255842.2025.2456487,"https://scholar.google.com/scholar?cites=10194392270417706465&as_sdt=80005&sciodt=0,11&hl=en",21,2026-08-23 16:43:30,,10.1080/10255842.2025.2456487,,,,,,,4,4.0,1,3,1.0,Cardiac arrhythmias are major global health concern and their early detection is critical for diagnosis. This study comprehensively evaluates the effectiveness of CNNs and LSTMs for …,,"https://scholar.google.com/scholar?q=related:4T08-8HBeY0J:scholar.google.com/&scioq=&hl=en&as_sdt=80005&sciodt=0,11",A comparative analysis of CNNs and LSTMs for ECG-based diagnosis of arrythmia and congestive heart failure,"N Katal, H Garg, B Sharma",2026,Cardiac arrhythmias are major global health concern and their early detection is critical for diagnosis. This study comprehensively evaluates the effectiveness of CNNs and LSTMs for …,Computer Methods in Biomechanics …,Unknown,Unknown,Unclassified,2026-08-23 16:43:30,error,
P6,Evaluation of handcrafted features and learned representations for the classification of arrhythmia and congestive heart failure in ECG,2023,"Nahak, Sudestna; Pathak, Akanksha; Saha, Goutam",0,"W Fan, Q Wang, X Shu, W Yang…",CHF Detection From Long-Term ECGs Using Dual-View Class-Specific Broad Aggregation Network,2026.0,IEEE Transactions on …,ieeexplore.ieee.org,https://ieeexplore.ieee.org/abstract/document/11506315/,,22,2026-08-23 16:43:30,,,,,,,,,0,0.0,0,5,1.0,"Congestive heart failure (CHF) is a chronic heart condition with high morbidity and mortality, manifesting as persistent abnormal rhythms and electrophysiological disturbances across …",,"https://scholar.google.com/scholar?q=related:_TN0N9mt_woJ:scholar.google.com/&scioq=&hl=en&as_sdt=80005&sciodt=0,11",CHF Detection From Long-Term ECGs Using Dual-View Class-Specific Broad Aggregation Network,"W Fan, Q Wang, X Shu, W Yang…",2026,"Congestive heart failure (CHF) is a chronic heart condition with high morbidity and mortality, manifesting as persistent abnormal rhythms and electrophysiological disturbances across …",IEEE Transactions on …,Unknown,Unknown,Unclassified,2026-08-23 16:43:30,error,
P6,Evaluation of handcrafted features and learned representations for the classification of arrhythmia and congestive heart failure in ECG,2023,"Nahak, Sudestna; Pathak, Akanksha; Saha, Goutam",1,"C Yan, G Feng, M Ma, J Pan, Z Meng, D Zhen",ECGyolo: An end-to-end model combining transformer and 1D YOLO for arrhythmia detection,2026.0,… Signal Processing and …,Elsevier,https://www.sciencedirect.com/science/article/pii/S1746809426004970,"https://scholar.google.com/scholar?cites=6767844730168139620&as_sdt=80005&sciodt=0,11&hl=en",23,2026-08-23 16:43:30,,,,,,,,,1,1.0,0,6,1.0,"Cardiovascular diseases (CVDs) are among the leading causes of global mortality, and electrocardiograms (ECGs) plays a critical role in diagnosing arrhythmias. Current …",,"https://scholar.google.com/scholar?q=related:ZN-rrOw27F0J:scholar.google.com/&scioq=&hl=en&as_sdt=80005&sciodt=0,11",ECGyolo: An end-to-end model combining transformer and 1D YOLO for arrhythmia detection,"C Yan, G Feng, M Ma, J Pan, Z Meng, D Zhen",2026,"Cardiovascular diseases (CVDs) are among the leading causes of global mortality, and electrocardiograms (ECGs) plays a critical role in diagnosing arrhythmias. Current …",… Signal Processing and …,Unknown,Unknown,Unclassified,2026-08-23 16:43:30,error,
P6,Evaluation of handcrafted features and learned representations for the classification of arrhythmia and congestive heart failure in ECG,2023,"Nahak, Sudestna; Pathak, Akanksha; Saha, Goutam",6,"R Pashikanti, CY Patil, SA Anirudhe",An adaptive marine predator optimization algorithm (mpoa) integrated gated recurrent neural network (grnn) classifier model for arrhythmia detection,2024.0,Biomedical Signal Processing and …,Elsevier,https://www.sciencedirect.com/science/article/pii/S1746809424003860,"https://scholar.google.com/scholar?cites=16940276372234286098&as_sdt=80005&sciodt=0,11&hl=en",24,2026-08-23 16:43:30,,,,,,,,,6,3.0,2,3,2.0,Cardiovascular disorders are typically diagnosed using an Electrocardiogram (ECG). It is a painless method that mimics the cyclical contraction and relaxation of the heart's muscles …,,"https://scholar.google.com/scholar?q=related:ErT3a5vzF-sJ:scholar.google.com/&scioq=&hl=en&as_sdt=80005&sciodt=0,11",An adaptive marine predator optimization algorithm (mpoa) integrated gated recurrent neural network (grnn) classifier model for arrhythmia detection,"R Pashikanti, CY Patil, SA Anirudhe",2024,Cardiovascular disorders are typically diagnosed using an Electrocardiogram (ECG). It is a painless method that mimics the cyclical contraction and relaxation of the heart's muscles …,Biomedical Signal Processing and …,Unknown,Unknown,Unclassified,2026-08-23 16:43:30,error,
P6,Evaluation of handcrafted features and learned representations for the classification of arrhythmia and congestive heart failure in ECG,2023,"Nahak, Sudestna; Pathak, Akanksha; Saha, Goutam",3,"J Wang, X Guo",A deep learning strategy for automatic congestive heart failure detection using novel bottleneck attention module: J. Wang and X. Guo,2024.0,Applied Intelligence,Springer,https://link.springer.com/article/10.1007/s10489-024-05364-7,"https://scholar.google.com/scholar?cites=15292279693122776494&as_sdt=80005&sciodt=0,11&hl=en",25,2026-08-23 16:43:30,,10.1007/s10489-024-05364-7,,,,,,,3,1.5,2,2,2.0,Congestive heart failure (CHF) is a sort of common cardiovascular disease. Artificial vision inspection on electrocardiogram (ECG) has turned into the mainstream diagnosis strategy …,,"https://scholar.google.com/scholar?q=related:rq2A4lsXOdQJ:scholar.google.com/&scioq=&hl=en&as_sdt=80005&sciodt=0,11",A deep learning strategy for automatic congestive heart failure detection using novel bottleneck attention module: J. Wang and X. Guo,"J Wang, X Guo",2024,Congestive heart failure (CHF) is a sort of common cardiovascular disease. Artificial vision inspection on electrocardiogram (ECG) has turned into the mainstream diagnosis strategy …,Applied Intelligence,Unknown,Unknown,Unclassified,2026-08-23 16:43:30,error,
P6,Evaluation of handcrafted features and learned representations for the classification of arrhythmia and congestive heart failure in ECG,2023,"Nahak, Sudestna; Pathak, Akanksha; Saha, Goutam",5,"P Bharath, S Nahak, G Saha",A ResNet-attention approach for detection of congestive heart failure from ECG signals,2024.0,2024 National conference on …,ieeexplore.ieee.org,https://ieeexplore.ieee.org/abstract/document/10485847/,"https://scholar.google.com/scholar?cites=4514610124347095157&as_sdt=80005&sciodt=0,11&hl=en",26,2026-08-23 16:43:30,,,,,,,,,5,2.5,2,3,2.0,Congestive Heart Failure (CHF) is a prevalent and potentially life-threatening cardiovascular condition affecting millions worldwide. Early and accurate diagnosis of CHF is crucial for …,,"https://scholar.google.com/scholar?q=related:dTgXGf0dpz4J:scholar.google.com/&scioq=&hl=en&as_sdt=80005&sciodt=0,11",A ResNet-attention approach for detection of congestive heart failure from ECG signals,"P Bharath, S Nahak, G Saha",2024,Congestive Heart Failure (CHF) is a prevalent and potentially life-threatening cardiovascular condition affecting millions worldwide. Early and accurate diagnosis of CHF is crucial for …,2024 National conference on …,Unknown,Unknown,Unclassified,2026-08-23 16:43:30,error,
P6,Evaluation of handcrafted features and learned representations for the classification of arrhythmia and congestive heart failure in ECG,2023,"Nahak, Sudestna; Pathak, Akanksha; Saha, Goutam",6,"S Nahak, G Saha",Ensembled feature based multi-label ECG arrhythmia classification,2023.0,… 45th Annual International Conference of the …,ieeexplore.ieee.org,https://ieeexplore.ieee.org/abstract/document/10340005/,"https://scholar.google.com/scholar?cites=5613114954458625365&as_sdt=80005&sciodt=0,11&hl=en",27,2026-08-23 16:43:30,,,,,,,,,6,2.0,3,2,3.0,"Arrhythmia is one of the major contributors to sudden cardiac death. Compared to single-label arrhythmia classification, multi-label classification provides the advantage of …",https://microsites.arinex.com.au/EMBC/pdf/full-paper_729.pdf,"https://scholar.google.com/scholar?q=related:VXXwv0_K5U0J:scholar.google.com/&scioq=&hl=en&as_sdt=80005&sciodt=0,11",Ensembled feature based multi-label ECG arrhythmia classification,"S Nahak, G Saha",2023,"Arrhythmia is one of the major contributors to sudden cardiac death. Compared to single-label arrhythmia classification, multi-label classification provides the advantage of …",… 45th Annual International Conference of the …,Unknown,Unknown,Unclassified,2026-08-23 16:43:30,error,
P6,Evaluation of handcrafted features and learned representations for the classification of arrhythmia and congestive heart failure in ECG,2023,"Nahak, Sudestna; Pathak, Akanksha; Saha, Goutam",1,"B Ashraf, H Ali, MA Khan…",EffNet: an efficient one-dimensional convolutional neural networks for efficient classification of long-term ECG fragments,2025.0,Biomedical Physics & …,iopscience.iop.org,https://iopscience.iop.org/article/10.1088/2057-1976/adb58a/meta,"https://scholar.google.com/scholar?cites=12688424299837430927&as_sdt=80005&sciodt=0,11&hl=en",28,2026-08-23 16:43:30,,10.1088/2057-1976/adb58a,,,,,,,1,1.0,0,4,1.0,Abstract Early Diagnosis of Cardiovascular disease (CVD) is essential to prevent a person from death in case of a cardiac arrhythmia. Automated ECG classification is required …,,"https://scholar.google.com/scholar?q=related:j5w-r6xWFrAJ:scholar.google.com/&scioq=&hl=en&as_sdt=80005&sciodt=0,11",EffNet: an efficient one-dimensional convolutional neural networks for efficient classification of long-term ECG fragments,"B Ashraf, H Ali, MA Khan…",2025,Abstract Early Diagnosis of Cardiovascular disease (CVD) is essential to prevent a person from death in case of a cardiac arrhythmia. Automated ECG classification is required …,Biomedical Physics & …,Unknown,Unknown,Unclassified,2026-08-23 16:43:30,error,
P6,Evaluation of handcrafted features and learned representations for the classification of arrhythmia and congestive heart failure in ECG,2023,"Nahak, Sudestna; Pathak, Akanksha; Saha, Goutam",0,"J Lin, W Sun, SV Kalmady, A Khalafbeigi…",Harmonized Interpretable ECG Waveform Features for Robust Cross-Dataset Clinical Prediction,2026.0,arXiv preprint arXiv …,arxiv.org,https://arxiv.org/abs/2607.23412,,29,2026-08-23 16:43:30,,,,,,,,,0,0.0,0,5,1.0,"Electrocardiograms (ECGs) are widely used for cardiovascular risk prediction, yet models often fail to transfer across hospitals because of protocol, population, and measurement …",https://arxiv.org/pdf/2607.23412,"https://scholar.google.com/scholar?q=related:-hx1SveK02gJ:scholar.google.com/&scioq=&hl=en&as_sdt=80005&sciodt=0,11",Harmonized Interpretable ECG Waveform Features for Robust Cross-Dataset Clinical Prediction,"J Lin, W Sun, SV Kalmady, A Khalafbeigi…",2026,"Electrocardiograms (ECGs) are widely used for cardiovascular risk prediction, yet models often fail to transfer across hospitals because of protocol, population, and measurement …",arXiv preprint arXiv …,Unknown,Unknown,Unclassified,2026-08-23 16:43:30,error,
P6,Evaluation of handcrafted features and learned representations for the classification of arrhythmia and congestive heart failure in ECG,2023,"Nahak, Sudestna; Pathak, Akanksha; Saha, Goutam",4,"A Sufian, NR Chakraborty, SA Shammi…",Exploring the relationship between cardiac disease and patterns of 12-lead ECG through neural network: a comprehensive review,2024.0,Advances in Systems …,ijassa.ipu.ru,https://ijassa.ipu.ru/index.php/ijassa/article/view/1601,"https://scholar.google.com/scholar?cites=13404262651110792234&as_sdt=80005&sciodt=0,11&hl=en",30,2026-08-23 16:43:30,,,,,,,,,4,2.0,1,4,2.0,"Heart disease is a significant public health concern, affecting a large number of people worldwide daily. With a shortage of qualified cardiologists, particularly in low-income …",https://ijassa.ipu.ru/index.php/ijassa/article/download/1601/742,"https://scholar.google.com/scholar?q=related:Kpx-w9yBBboJ:scholar.google.com/&scioq=&hl=en&as_sdt=80005&sciodt=0,11",Exploring the relationship between cardiac disease and patterns of 12-lead ECG through neural network: a comprehensive review,"A Sufian, NR Chakraborty, SA Shammi…",2024,"Heart disease is a significant public health concern, affecting a large number of people worldwide daily. With a shortage of qualified cardiologists, particularly in low-income …",Advances in Systems …,Unknown,Unknown,Unclassified,2026-08-23 16:43:30,error,
P6,Evaluation of handcrafted features and learned representations for the classification of arrhythmia and congestive heart failure in ECG,2023,"Nahak, Sudestna; Pathak, Akanksha; Saha, Goutam",2,"KR Febeena, C Kurian",MAB-Net: An enhanced MobileNet with attention and BiLSTM model for arrhythmia detection using electrocardiogram signals,2025.0,Iran Journal of Computer Science,Springer,https://link.springer.com/article/10.1007/s42044-025-00238-8,"https://scholar.google.com/scholar?cites=166998394313789591&as_sdt=80005&sciodt=0,11&hl=en",31,2026-08-23 16:43:30,,10.1007/s42044-025-00238-8,,,,,,,2,2.0,1,2,1.0,"Electrocardiogram (ECG) analysis is an essential tool for detecting cardiac arrhythmias due to its affordability and simplicity. However, manual review of ECG data is both time …",,"https://scholar.google.com/scholar?q=related:l1AioydMUQIJ:scholar.google.com/&scioq=&hl=en&as_sdt=80005&sciodt=0,11",MAB-Net: An enhanced MobileNet with attention and BiLSTM model for arrhythmia detection using electrocardiogram signals,"KR Febeena, C Kurian",2025,"Electrocardiogram (ECG) analysis is an essential tool for detecting cardiac arrhythmias due to its affordability and simplicity. However, manual review of ECG data is both time …",Iran Journal of Computer Science,Unknown,Unknown,Unclassified,2026-08-23 16:43:30,error,
P6,Evaluation of handcrafted features and learned representations for the classification of arrhythmia and congestive heart failure in ECG,2023,"Nahak, Sudestna; Pathak, Akanksha; Saha, Goutam",2,"T Skopal, L Peška, D Hoksza, I Sixtová…",Visualizations for universal deep-feature representations: survey and taxonomy: T. Skopal et al.,2024.0,… and Information Systems,Springer,https://link.springer.com/article/10.1007/s10115-023-01933-3,"https://scholar.google.com/scholar?cites=2786124050469040096&as_sdt=80005&sciodt=0,11&hl=en",32,2026-08-23 16:43:30,HTML,10.1007/s10115-023-01933-3,,,,,,,2,1.0,0,5,2.0,"In data science and content-based retrieval, we find many domain-specific techniques that employ a data processing pipeline with two fundamental steps. First, data entities are …",https://link.springer.com/article/10.1007/s10115-023-01933-3,"https://scholar.google.com/scholar?q=related:4C9h-A9NqiYJ:scholar.google.com/&scioq=&hl=en&as_sdt=80005&sciodt=0,11",Visualizations for universal deep-feature representations: survey and taxonomy: T. Skopal et al.,"T Skopal, L Peška, D Hoksza, I Sixtová…",2024,"In data science and content-based retrieval, we find many domain-specific techniques that employ a data processing pipeline with two fundamental steps. First, data entities are …",… and Information Systems,Unknown,Unknown,Unclassified,2026-08-23 16:43:30,error,
P6,Evaluation of handcrafted features and learned representations for the classification of arrhythmia and congestive heart failure in ECG,2023,"Nahak, Sudestna; Pathak, Akanksha; Saha, Goutam",1,"S Nagini, C Suresh, V Divya",Enhancing arrhythmia classification and prediction using deep learning,2024.0,2024 International conference on …,ieeexplore.ieee.org,https://ieeexplore.ieee.org/abstract/document/10743637/,"https://scholar.google.com/scholar?cites=664124396121925756&as_sdt=80005&sciodt=0,11&hl=en",33,2026-08-23 16:43:30,,,,,,,,,1,0.5,0,3,2.0,Arrhythmia is a condition that develops when the heart's electromagnetic impulses do not function properly. The heart has an irregular rhythm during an arrhythmia. An …,,"https://scholar.google.com/scholar?q=related:fKiEnZ5xNwkJ:scholar.google.com/&scioq=&hl=en&as_sdt=80005&sciodt=0,11",Enhancing arrhythmia classification and prediction using deep learning,"S Nagini, C Suresh, V Divya",2024,Arrhythmia is a condition that develops when the heart's electromagnetic impulses do not function properly. The heart has an irregular rhythm during an arrhythmia. An …,2024 International conference on …,Unknown,Unknown,Unclassified,2026-08-23 16:43:30,error,
P6,Evaluation of handcrafted features and learned representations for the classification of arrhythmia and congestive heart failure in ECG,2023,"Nahak, Sudestna; Pathak, Akanksha; Saha, Goutam",0,"S Nahak, G Saha",Time-Frequency Analysis of ECG Signals,2026.0,Cardio-Respiratory Signal Processing and …,api.taylorfrancis.com,https://api.taylorfrancis.com/content/chapters/edit/download?identifierName=doi&identifierValue=10.1201/9781003797524-1&type=chapterpdf,,34,2026-08-23 16:43:30,,,,,,,,,0,0.0,0,2,1.0,"Electrocardiogram (ECG) signals are inherently nonstationary, reflecting complex interactions between cardiac electrophysiology and autonomic regulation. Traditional time …",,"https://scholar.google.com/scholar?q=related:QWiXCXVFDXEJ:scholar.google.com/&scioq=&hl=en&as_sdt=80005&sciodt=0,11",Time-Frequency Analysis of ECG Signals,"S Nahak, G Saha",2026,"Electrocardiogram (ECG) signals are inherently nonstationary, reflecting complex interactions between cardiac electrophysiology and autonomic regulation. Traditional time …",Cardio-Respiratory Signal Processing and …,Unknown,Unknown,Unclassified,2026-08-23 16:43:30,error,
P6,Evaluation of handcrafted features and learned representations for the classification of arrhythmia and congestive heart failure in ECG,2023,"Nahak, Sudestna; Pathak, Akanksha; Saha, Goutam",1,"王永威, 魏德健, 曹慧, 姜良",深度学习在心力衰竭检测中的应用综述.,2025.0,… of Frontiers of Computer Science & …,sciengine.com,https://www.sciengine.com/doi/10.3778/j.issn.1673-9418.2403063,"https://scholar.google.com/scholar?cites=14222275385198437054&as_sdt=80005&sciodt=0,11&hl=en",35,2026-08-23 16:43:30,,10.3778/j.issn.1673-9418.2403063,,,,,,,1,1.0,0,4,1.0,"随着生物医学技术的发展, 利用生物信号进行心力衰竭的早期诊断已成为提高患者生存率和降低治疗成本的关键策略. 在此背景下, 深度学习技术的迅猛发展为心力衰竭检测开辟了新路径 …",https://www.sciengine.com/doi/pdf/21B446BEF7974C1099B30C879F3D78D2,"https://scholar.google.com/scholar?q=related:vuKIKBysX8UJ:scholar.google.com/&scioq=&hl=en&as_sdt=80005&sciodt=0,11",深度学习在心力衰竭检测中的应用综述.,"王永威, 魏德健, 曹慧, 姜良",2025,"随着生物医学技术的发展, 利用生物信号进行心力衰竭的早期诊断已成为提高患者生存率和降低治疗成本的关键策略. 在此背景下, 深度学习技术的迅猛发展为心力衰竭检测开辟了新路径 …",… of Frontiers of Computer Science & …,Unknown,Unknown,Unclassified,2026-08-23 16:43:30,error,
P6,Evaluation of handcrafted features and learned representations for the classification of arrhythmia and congestive heart failure in ECG,2023,"Nahak, Sudestna; Pathak, Akanksha; Saha, Goutam",0,"Z Khatar, D Bentaleb, H Dhhouz…",Transforming Multi-lead ECG Signals into Gramian Angular Field Images for Enhanced Cardiovascular Disease Classification with Hybrid Deep Learning Models: A …,2024.0,… Conference on Advances …,Springer,https://link.springer.com/chapter/10.1007/978-3-031-94623-3_5,,36,2026-08-23 16:43:30,,10.1007/978-3-031-94623-3_5,,,,,,,0,0.0,0,4,2.0,"Accurate classification of cardiovascular diseases, particularly arrhythmias, remains a critical challenge in medical diagnostics. This paper presents a novel approach that transforms …",,"https://scholar.google.com/scholar?q=related:np93RFOKfkIJ:scholar.google.com/&scioq=&hl=en&as_sdt=80005&sciodt=0,11",Transforming Multi-lead ECG Signals into Gramian Angular Field Images for Enhanced Cardiovascular Disease Classification with Hybrid Deep Learning Models: A …,"Z Khatar, D Bentaleb, H Dhhouz…",2024,"Accurate classification of cardiovascular diseases, particularly arrhythmias, remains a critical challenge in medical diagnostics. This paper presents a novel approach that transforms …",… Conference on Advances …,Unknown,Unknown,Unclassified,2026-08-23 16:43:30,error,
P6,Evaluation of handcrafted features and learned representations for the classification of arrhythmia and congestive heart failure in ECG,2023,"Nahak, Sudestna; Pathak, Akanksha; Saha, Goutam",0,"NP Das, D Hazarika, N Acharjee…",Automated ECG-Based Diagnosis of Cardiac Disorders Using an Effective Deep Learning Model,2026.0,… Conference on Smart …,Springer,https://link.springer.com/chapter/10.1007/978-3-032-27160-0_29,,37,2026-08-23 16:43:30,,10.1007/978-3-032-27160-0_29,,,,,,,0,0.0,0,4,1.0,"Cardiovascular diseases, such as Arrhythmia and Congestive Heart Failure, are the leading cause of global mortality among the working population. While electrocardiogram remains …",,"https://scholar.google.com/scholar?q=related:93DMdIxpSdIJ:scholar.google.com/&scioq=&hl=en&as_sdt=80005&sciodt=0,11",Automated ECG-Based Diagnosis of Cardiac Disorders Using an Effective Deep Learning Model,"NP Das, D Hazarika, N Acharjee…",2026,"Cardiovascular diseases, such as Arrhythmia and Congestive Heart Failure, are the leading cause of global mortality among the working population. While electrocardiogram remains …",… Conference on Smart …,Unknown,Unknown,Unclassified,2026-08-23 16:43:30,error,
P6,Evaluation of handcrafted features and learned representations for the classification of arrhythmia and congestive heart failure in ECG,2023,"Nahak, Sudestna; Pathak, Akanksha; Saha, Goutam",0,"F Faccin, EH Djermoune, P Guyot, L Bougrain",Deep Learning Techniques for ECG-based Disease Detection: A Structured Narrative Review,2023.0,,hal.science,https://hal.science/hal-05578131/,,38,2026-08-23 16:43:30,,,,,,,,,0,0.0,0,4,3.0,The surge of Artificial Intelligence-related new technologies combined with the growing amount of available health data has led to many advances in modern medicine. In particular …,https://hal.science/hal-05578131v1/file/Pr%C3%A9publication.pdf,"https://scholar.google.com/scholar?q=related:vt5xe1tkuWAJ:scholar.google.com/&scioq=&hl=en&as_sdt=80005&sciodt=0,11",Deep Learning Techniques for ECG-based Disease Detection: A Structured Narrative Review,"F Faccin, EH Djermoune, P Guyot, L Bougrain",2023,The surge of Artificial Intelligence-related new technologies combined with the growing amount of available health data has led to many advances in modern medicine. In particular …,Unknown,Unknown,Unknown,Unclassified,2026-08-23 16:43:30,error,
P6,Evaluation of handcrafted features and learned representations for the classification of arrhythmia and congestive heart failure in ECG,2023,"Nahak, Sudestna; Pathak, Akanksha; Saha, Goutam",0,"MEMA Bourkha, A Hatim, D Nasir, E Said",Gabor Wavelet Scattering Network and KNN-Based Arrhythmia Classification Model,2023.0,International Conference on …,Springer,https://link.springer.com/chapter/10.1007/978-3-031-52388-5_18,,39,2026-08-23 16:43:30,,10.1007/978-3-031-52388-5_18,,,,,,,0,0.0,0,4,3.0,"This study presents an automated method for enhancing the precision and speed of electrocardiogram (ECG) interpretation, aiming to assist in the early identification of …",,"https://scholar.google.com/scholar?q=related:6qW98pkeNdMJ:scholar.google.com/&scioq=&hl=en&as_sdt=80005&sciodt=0,11",Gabor Wavelet Scattering Network and KNN-Based Arrhythmia Classification Model,"MEMA Bourkha, A Hatim, D Nasir, E Said",2023,"This study presents an automated method for enhancing the precision and speed of electrocardiogram (ECG) interpretation, aiming to assist in the early identification of …",International Conference on …,Unknown,Unknown,Unclassified,2026-08-23 16:43:30,error,
P6,Evaluation of handcrafted features and learned representations for the classification of arrhythmia and congestive heart failure in ECG,2023,"Nahak, Sudestna; Pathak, Akanksha; Saha, Goutam",0,"J Rahul, LD Sharma",Computer Science Review,,researchgate.net,,https://www.researchgate.net/profile/Lakhan-Sharma-4/publication/387708249_Advancements_in_AI_for_cardiac_arrhythmia_detection_A_comprehensive_overview/links/6778c4b7e74ca64e1f4b8d4d/Advancements-in-AI-for-cardiac-arrhythmia-detection-A-comprehensive-overview.pdf,,40,2026-08-23 16:43:30,PDF,,,,,,,,0,0.0,0,2,,"Cardiovascular diseases (CVDs) are a global health concern, demanding advanced healthcare solutions. Accurate identification of CVDs via electrocardiogram (ECG) analysis …",https://www.researchgate.net/profile/Lakhan-Sharma-4/publication/387708249_Advancements_in_AI_for_cardiac_arrhythmia_detection_A_comprehensive_overview/links/6778c4b7e74ca64e1f4b8d4d/Advancements-in-AI-for-cardiac-arrhythmia-detection-A-comprehensive-overview.pdf,"https://scholar.google.com/scholar?q=related:sd23HdfnxbMJ:scholar.google.com/&scioq=&hl=en&as_sdt=80005&sciodt=0,11",Computer Science Review,"J Rahul, LD Sharma",0,"Cardiovascular diseases (CVDs) are a global health concern, demanding advanced healthcare solutions. Accurate identification of CVDs via electrocardiogram (ECG) analysis …",researchgate.net,Unknown,Unknown,Unclassified,2026-08-23 16:43:30,error,
P6,Evaluation of handcrafted features and learned representations for the classification of arrhythmia and congestive heart failure in ECG,2023,"Nahak, Sudestna; Pathak, Akanksha; Saha, Goutam",0,TO Nogueira,Análise de dados de vibração não-estacionários em aerogeradores usando algoritmos de aprendizagem profunda potencializados por estimadores de …,2026.0,,,,,41,2026-08-23 16:43:30,CITATION,,,,,,,,0,0.0,0,1,1.0,,,"https://scholar.google.com/scholar?q=related:-5ANTqA0BE4J:scholar.google.com/&scioq=&hl=en&as_sdt=80005&sciodt=0,11",Análise de dados de vibração não-estacionários em aerogeradores usando algoritmos de aprendizagem profunda potencializados por estimadores de …,TO Nogueira,2026,,Unknown,Unknown,Unknown,Unclassified,2026-08-23 16:43:30,error,
P6,Evaluation of handcrafted features and learned representations for the classification of arrhythmia and congestive heart failure in ECG,2023,"Nahak, Sudestna; Pathak, Akanksha; Saha, Goutam",0,V Petrauskaitė,EKG požymių išskyrimas Lagranžo rodikliais ir jų klasifikavimas dirbtiniais neuroniniais tinklais,2023.0,,epubl.ktu.edu,https://epubl.ktu.edu/object/elaba:168330670/,,42,2026-08-23 16:43:30,,,,,,,,,0,0.0,0,1,3.0,"Abstract [eng] Heart failure is the main condition of death in the world, and this is the reason why detecting of this disease as early as possible is important. Efforts are being made to aid …",https://epubl.ktu.edu/object/elaba:168330670/168330670.pdf,"https://scholar.google.com/scholar?q=related:zeOIjnmn-joJ:scholar.google.com/&scioq=&hl=en&as_sdt=80005&sciodt=0,11",EKG požymių išskyrimas Lagranžo rodikliais ir jų klasifikavimas dirbtiniais neuroniniais tinklais,V Petrauskaitė,2023,"Abstract [eng] Heart failure is the main condition of death in the world, and this is the reason why detecting of this disease as early as possible is important. Efforts are being made to aid …",Unknown,Unknown,Unknown,Unclassified,2026-08-23 16:43:30,error,
P7,An improved method to detect coronary artery disease using phonocardiogram signals in noisy environment,2020,"Pathak, Akanksha; Samanta, Pranab; Mandana, Kayapanda; Saha, Goutam",130,"F Khozeimeh, D Sharifrazi, NH Izadi, JH Joloudari…",RF-CNN-F: random forest with convolutional neural network features for coronary artery disease diagnosis based on cardiac magnetic resonance,2022.0,Scientific reports,nature.com,https://www.nature.com/articles/s41598-022-15374-5,"https://scholar.google.com/scholar?cites=1764127577190240870&as_sdt=80005&sciodt=0,11&hl=en",1,2026-08-23 16:44:03,HTML,,,,,,,,130,32.5,26,5,4.0,Coronary artery disease (CAD) is a prevalent disease with high morbidity and mortality rates. Invasive coronary angiography is the reference standard for diagnosing CAD but is …,https://www.nature.com/articles/s41598-022-15374-5,"https://scholar.google.com/scholar?q=related:ZhLlSK9wexgJ:scholar.google.com/&scioq=&hl=en&as_sdt=80005&sciodt=0,11",RF-CNN-F: random forest with convolutional neural network features for coronary artery disease diagnosis based on cardiac magnetic resonance,"F Khozeimeh, D Sharifrazi, NH Izadi, JH Joloudari…",2022,Coronary artery disease (CAD) is a prevalent disease with high morbidity and mortality rates. Invasive coronary angiography is the reference standard for diagnosing CAD but is …,Scientific reports,Unknown,Unknown,Unclassified,2026-08-23 16:44:03,error,
P7,An improved method to detect coronary artery disease using phonocardiogram signals in noisy environment,2020,"Pathak, Akanksha; Samanta, Pranab; Mandana, Kayapanda; Saha, Goutam",28,"H Zhang, F Tian, Y Tan, L Shen, J Liu…",An AI-assisted all-in-one integrated coronary artery disease diagnosis system using a portable heart sound sensor with an on-board executable lightweight model,2025.0,IEEE Transactions …,ieeexplore.ieee.org,https://ieeexplore.ieee.org/abstract/document/10909628/,"https://scholar.google.com/scholar?cites=710021318816306512&as_sdt=80005&sciodt=0,11&hl=en",2,2026-08-23 16:44:03,,,,,,,,,28,28.0,5,6,1.0,Heart sounds play a crucial role in assessing Coronary Artery Disease (CAD). The advancement of Artificial Intelligence (AI) technologies has given rise to Computer Audition …,,"https://scholar.google.com/scholar?q=related:UBUAq6CA2gkJ:scholar.google.com/&scioq=&hl=en&as_sdt=80005&sciodt=0,11",An AI-assisted all-in-one integrated coronary artery disease diagnosis system using a portable heart sound sensor with an on-board executable lightweight model,"H Zhang, F Tian, Y Tan, L Shen, J Liu…",2025,Heart sounds play a crucial role in assessing Coronary Artery Disease (CAD). The advancement of Artificial Intelligence (AI) technologies has given rise to Computer Audition …,IEEE Transactions …,Unknown,Unknown,Unclassified,2026-08-23 16:44:03,error,
P7,An improved method to detect coronary artery disease using phonocardiogram signals in noisy environment,2020,"Pathak, Akanksha; Samanta, Pranab; Mandana, Kayapanda; Saha, Goutam",23,"W Zhao, H Ma, N Jin, Y Zheng, X Guo",Detection of coronary heart disease based on heart sound and hybrid vision transformer,2025.0,Applied Acoustics,Elsevier,https://www.sciencedirect.com/science/article/pii/S0003682X24005711,"https://scholar.google.com/scholar?cites=12045783269970538114&as_sdt=80005&sciodt=0,11&hl=en",3,2026-08-23 16:44:03,,,,,,,,,23,23.0,5,5,1.0,"As a non-invasive examination method, phonocardiogram (PCG) has been widely used to assist in the diagnosis of cardiovascular diseases. Coronary heart disease (CHD) is the …",,"https://scholar.google.com/scholar?q=related:gu7vDxA4K6cJ:scholar.google.com/&scioq=&hl=en&as_sdt=80005&sciodt=0,11",Detection of coronary heart disease based on heart sound and hybrid vision transformer,"W Zhao, H Ma, N Jin, Y Zheng, X Guo",2025,"As a non-invasive examination method, phonocardiogram (PCG) has been widely used to assist in the diagnosis of cardiovascular diseases. Coronary heart disease (CHD) is the …",Applied Acoustics,Unknown,Unknown,Unclassified,2026-08-23 16:44:03,error,
P7,An improved method to detect coronary artery disease using phonocardiogram signals in noisy environment,2020,"Pathak, Akanksha; Samanta, Pranab; Mandana, Kayapanda; Saha, Goutam",21,"C Sun, X Liu, C Liu, X Wang, Y Liu, S Zhao, M Zhang","Enhanced cad detection using novel multi-modal learning: Integration of ecg, pcg, and coupling signals",2024.0,Bioengineering,mdpi.com,https://www.mdpi.com/2306-5354/11/11/1093,"https://scholar.google.com/scholar?cites=12973168336302238293&as_sdt=80005&sciodt=0,11&hl=en",4,2026-08-23 16:44:03,HTML,,,,,,,,21,10.5,3,7,2.0,Early and highly precise detection is essential for delaying the progression of coronary artery disease (CAD). Previous methods primarily based on single-modal data inherently …,https://www.mdpi.com/2306-5354/11/11/1093,"https://scholar.google.com/scholar?q=related:Veqj-N3zCbQJ:scholar.google.com/&scioq=&hl=en&as_sdt=80005&sciodt=0,11","Enhanced cad detection using novel multi-modal learning: Integration of ecg, pcg, and coupling signals","C Sun, X Liu, C Liu, X Wang, Y Liu, S Zhao, M Zhang",2024,Early and highly precise detection is essential for delaying the progression of coronary artery disease (CAD). Previous methods primarily based on single-modal data inherently …,Bioengineering,Unknown,Unknown,Unclassified,2026-08-23 16:44:03,error,
P7,An improved method to detect coronary artery disease using phonocardiogram signals in noisy environment,2020,"Pathak, Akanksha; Samanta, Pranab; Mandana, Kayapanda; Saha, Goutam",34,"A Ainiwaer, WQ Hou, Q Qi, K Kadier, L Qin…",Deep learning of heart-sound signals for efficient prediction of obstructive coronary artery disease,2024.0,Heliyon,cell.com,https://www.cell.com/heliyon/fulltext/S2405-8440(23)10562-7?uuid=uuid%3Aeb1869b5-3e1a-4aba-987c-1a50bfe9dd72,"https://scholar.google.com/scholar?cites=7069124292525029992&as_sdt=80005&sciodt=0,11&hl=en",5,2026-08-23 16:44:03,HTML,,,,,,,,34,17.0,6,6,2.0,"Background Due to the limitations of current methods for detecting obstructive coronary artery disease (CAD), many individuals are mistakenly or unnecessarily referred for …",https://www.cell.com/heliyon/fulltext/S2405-8440(23)10562-7?uuid=uuid%3Aeb1869b5-3e1a-4aba-987c-1a50bfe9dd72,"https://scholar.google.com/scholar?q=related:aPoJGReTGmIJ:scholar.google.com/&scioq=&hl=en&as_sdt=80005&sciodt=0,11",Deep learning of heart-sound signals for efficient prediction of obstructive coronary artery disease,"A Ainiwaer, WQ Hou, Q Qi, K Kadier, L Qin…",2024,"Background Due to the limitations of current methods for detecting obstructive coronary artery disease (CAD), many individuals are mistakenly or unnecessarily referred for …",Heliyon,Unknown,Unknown,Unclassified,2026-08-23 16:44:03,error,
P7,An improved method to detect coronary artery disease using phonocardiogram signals in noisy environment,2020,"Pathak, Akanksha; Samanta, Pranab; Mandana, Kayapanda; Saha, Goutam",29,"N Singh, VK Gunjan, F Shaik, S Roy",Detection of Cardio Vascular abnormalities using gradient descent optimization and CNN,2024.0,Health and Technology,Springer,https://link.springer.com/article/10.1007/s12553-023-00807-6,"https://scholar.google.com/scholar?cites=17474854774589719799&as_sdt=80005&sciodt=0,11&hl=en",6,2026-08-23 16:44:03,,10.1007/s12553-023-00807-6,,,,,,,29,14.5,7,4,2.0,Purpose The purpose of this study is to propose an advanced methodology for automated diagnosis and classification of heart conditions using electrocardiography (ECG) in order to …,https://www.researchgate.net/profile/Sudipta-Roy-9/publication/377158082_Detection_of_Cardio_Vascular_abnormalities_using_gradient_descent_optimization_and_CNN/links/65978efc3c472d2e8eb4d342/Detection-of-Cardio-Vascular-abnormalities-using-gradient-descent-optimization-and-CNN.pdf,"https://scholar.google.com/scholar?q=related:94T17NQng_IJ:scholar.google.com/&scioq=&hl=en&as_sdt=80005&sciodt=0,11",Detection of Cardio Vascular abnormalities using gradient descent optimization and CNN,"N Singh, VK Gunjan, F Shaik, S Roy",2024,Purpose The purpose of this study is to propose an advanced methodology for automated diagnosis and classification of heart conditions using electrocardiography (ECG) in order to …,Health and Technology,Unknown,Unknown,Unclassified,2026-08-23 16:44:03,error,
P7,An improved method to detect coronary artery disease using phonocardiogram signals in noisy environment,2020,"Pathak, Akanksha; Samanta, Pranab; Mandana, Kayapanda; Saha, Goutam",56,"A Pathak, K Mandana, G Saha",Ensembled transfer learning and multiple kernel learning for phonocardiogram based atherosclerotic coronary artery disease detection,2022.0,IEEE Journal of Biomedical …,ieeexplore.ieee.org,https://ieeexplore.ieee.org/abstract/document/9669106/,"https://scholar.google.com/scholar?cites=3258735548767970850&as_sdt=80005&sciodt=0,11&hl=en",7,2026-08-23 16:44:03,,,,,,,,,56,14.0,19,3,4.0,"Conventional machine learning has paved the way for a simple, affordable, non-invasive approach for Coronary artery disease (CAD) detection using phonocardiogram (PCG). It …",,"https://scholar.google.com/scholar?q=related:IqZAUbdaOS0J:scholar.google.com/&scioq=&hl=en&as_sdt=80005&sciodt=0,11",Ensembled transfer learning and multiple kernel learning for phonocardiogram based atherosclerotic coronary artery disease detection,"A Pathak, K Mandana, G Saha",2022,"Conventional machine learning has paved the way for a simple, affordable, non-invasive approach for Coronary artery disease (CAD) detection using phonocardiogram (PCG). It …",IEEE Journal of Biomedical …,Unknown,Unknown,Unclassified,2026-08-23 16:44:03,error,
P7,An improved method to detect coronary artery disease using phonocardiogram signals in noisy environment,2020,"Pathak, Akanksha; Samanta, Pranab; Mandana, Kayapanda; Saha, Goutam",56,"K Iqtidar, U Qamar, S Aziz, MU Khan",Phonocardiogram signal analysis for classification of Coronary Artery Diseases using MFCC and 1D adaptive local ternary patterns,2021.0,Computers in Biology and Medicine,Elsevier,https://www.sciencedirect.com/science/article/pii/S0010482521007204,"https://scholar.google.com/scholar?cites=9833873827549311062&as_sdt=80005&sciodt=0,11&hl=en",8,2026-08-23 16:44:03,,,,,,,,,56,11.2,14,4,5.0,Abstract Coronary Artery Diseases (CADs) are a dominant cause of worldwide fatalities. The development of accurate and timely diagnosis routines is imperative to reduce these risks …,https://www.researchgate.net/profile/Sumair-Aziz/publication/355162111_Phonocardiogram_Signal_Analysis_for_Classification_of_Coronary_Artery_Diseases_using_MFCC_and_1D_Adaptive_Local_Ternary_Patterns/links/67a8a4a1645ef274a478a103/Phonocardiogram-Signal-Analysis-for-Classification-of-Coronary-Artery-Diseases-using-MFCC-and-1D-Adaptive-Local-Ternary-Patterns.pdf,"https://scholar.google.com/scholar?q=related:VnAW4STweIgJ:scholar.google.com/&scioq=&hl=en&as_sdt=80005&sciodt=0,11",Phonocardiogram signal analysis for classification of Coronary Artery Diseases using MFCC and 1D adaptive local ternary patterns,"K Iqtidar, U Qamar, S Aziz, MU Khan",2021,Abstract Coronary Artery Diseases (CADs) are a dominant cause of worldwide fatalities. The development of accurate and timely diagnosis routines is imperative to reduce these risks …,Computers in Biology and Medicine,Unknown,Unknown,Unclassified,2026-08-23 16:44:03,error,
P7,An improved method to detect coronary artery disease using phonocardiogram signals in noisy environment,2020,"Pathak, Akanksha; Samanta, Pranab; Mandana, Kayapanda; Saha, Goutam",13,"A Maity, G Saha",Enhancing cross-domain robustness in phonocardiogram signal classification using domain-invariant preprocessing and transfer learning,2024.0,Computer methods and programs in biomedicine,Elsevier,https://www.sciencedirect.com/science/article/pii/S0169260724004553,"https://scholar.google.com/scholar?cites=16002312569823237532&as_sdt=80005&sciodt=0,11&hl=en",9,2026-08-23 16:44:03,,,,,,,,,13,6.5,7,2,2.0,Background and objective: Phonocardiogram (PCG) signal analysis is a non-invasive and cost-efficient approach for diagnosing cardiovascular diseases. Existing PCG-based …,,"https://scholar.google.com/scholar?q=related:nBUVlX-iE94J:scholar.google.com/&scioq=&hl=en&as_sdt=80005&sciodt=0,11",Enhancing cross-domain robustness in phonocardiogram signal classification using domain-invariant preprocessing and transfer learning,"A Maity, G Saha",2024,Background and objective: Phonocardiogram (PCG) signal analysis is a non-invasive and cost-efficient approach for diagnosing cardiovascular diseases. Existing PCG-based …,Computer methods and programs in biomedicine,Unknown,Unknown,Unclassified,2026-08-23 16:44:03,error,
P7,An improved method to detect coronary artery disease using phonocardiogram signals in noisy environment,2020,"Pathak, Akanksha; Samanta, Pranab; Mandana, Kayapanda; Saha, Goutam",66,"T Tuncer, S Dogan, RS Tan, UR Acharya",Application of Petersen graph pattern technique for automated detection of heart valve diseases with PCG signals,2021.0,Information Sciences,Elsevier,https://www.sciencedirect.com/science/article/pii/S0020025521001298,"https://scholar.google.com/scholar?cites=2092331191816234468&as_sdt=80005&sciodt=0,11&hl=en",10,2026-08-23 16:44:03,,,,,,,,,66,13.2,17,4,5.0,"This work aimed to use machine learning to diagnose four heart valve disease conditions and normal heart sounds. This paper proposed the automated classification of normal, aortic …",,"https://scholar.google.com/scholar?q=related:5CWtICJ0CR0J:scholar.google.com/&scioq=&hl=en&as_sdt=80005&sciodt=0,11",Application of Petersen graph pattern technique for automated detection of heart valve diseases with PCG signals,"T Tuncer, S Dogan, RS Tan, UR Acharya",2021,"This work aimed to use machine learning to diagnose four heart valve disease conditions and normal heart sounds. This paper proposed the automated classification of normal, aortic …",Information Sciences,Unknown,Unknown,Unclassified,2026-08-23 16:44:03,error,
P7,An improved method to detect coronary artery disease using phonocardiogram signals in noisy environment,2020,"Pathak, Akanksha; Samanta, Pranab; Mandana, Kayapanda; Saha, Goutam",13,"X Liu, C Lv, L Cao, X Guo",Detection of coronary artery disease using a triplet network and hybrid loss function on heart sound signal,2025.0,Biomedical Signal Processing and Control,Elsevier,https://www.sciencedirect.com/science/article/pii/S1746809425001120,"https://scholar.google.com/scholar?cites=6603573822009975374&as_sdt=80005&sciodt=0,11&hl=en",11,2026-08-23 16:44:03,,,,,,,,,13,13.0,3,4,1.0,Coronary artery disease (CAD) is currently one of the most common cardiovascular diseases. Its high incidence and mortality pose a serious threat to human health and cause …,,"https://scholar.google.com/scholar?q=related:TiL5ZGebpFsJ:scholar.google.com/&scioq=&hl=en&as_sdt=80005&sciodt=0,11",Detection of coronary artery disease using a triplet network and hybrid loss function on heart sound signal,"X Liu, C Lv, L Cao, X Guo",2025,Coronary artery disease (CAD) is currently one of the most common cardiovascular diseases. Its high incidence and mortality pose a serious threat to human health and cause …,Biomedical Signal Processing and Control,Unknown,Unknown,Unclassified,2026-08-23 16:44:03,error,
P7,An improved method to detect coronary artery disease using phonocardiogram signals in noisy environment,2020,"Pathak, Akanksha; Samanta, Pranab; Mandana, Kayapanda; Saha, Goutam",21,"C Yin, Y Zheng, X Ding, Y Shi, J Qin…",Detection of coronary artery disease based on clinical phonocardiogram and multiscale attention convolutional compression network,2024.0,IEEE Journal of …,ieeexplore.ieee.org,https://ieeexplore.ieee.org/abstract/document/10400808/,"https://scholar.google.com/scholar?cites=13231130960341926336&as_sdt=80005&sciodt=0,11&hl=en",12,2026-08-23 16:44:03,,,,,,,,,21,10.5,4,6,2.0,"Heart sound is an important physiological signal that contains rich pathological information related with coronary stenosis. Thus, some machine learning methods are developed to …",,"https://scholar.google.com/scholar?q=related:wIHaw4FrnrcJ:scholar.google.com/&scioq=&hl=en&as_sdt=80005&sciodt=0,11",Detection of coronary artery disease based on clinical phonocardiogram and multiscale attention convolutional compression network,"C Yin, Y Zheng, X Ding, Y Shi, J Qin…",2024,"Heart sound is an important physiological signal that contains rich pathological information related with coronary stenosis. Thus, some machine learning methods are developed to …",IEEE Journal of …,Unknown,Unknown,Unclassified,2026-08-23 16:44:03,error,
P7,An improved method to detect coronary artery disease using phonocardiogram signals in noisy environment,2020,"Pathak, Akanksha; Samanta, Pranab; Mandana, Kayapanda; Saha, Goutam",13,"YF Dai, PF Liu, WQ Hou, K Kadier, ZY Mu, Z Lu…",Deep learning fusion framework for automated coronary artery disease detection using raw heart sound signals,2024.0,Heliyon,cell.com,https://www.cell.com/heliyon/fulltext/S2405-8440(24)11662-3,"https://scholar.google.com/scholar?cites=13406328920877946932&as_sdt=80005&sciodt=0,11&hl=en",13,2026-08-23 16:44:03,HTML,,,,,,,,13,6.5,2,7,2.0,"One of the most common cardiovascular diseases is coronary artery disease (CAD). Thus, it is crucial for early CAD diagnosis to control disease progression. Computer-aided CAD …",https://www.cell.com/heliyon/fulltext/S2405-8440(24)11662-3,"https://scholar.google.com/scholar?q=related:NNj5rh_ZDLoJ:scholar.google.com/&scioq=&hl=en&as_sdt=80005&sciodt=0,11",Deep learning fusion framework for automated coronary artery disease detection using raw heart sound signals,"YF Dai, PF Liu, WQ Hou, K Kadier, ZY Mu, Z Lu…",2024,"One of the most common cardiovascular diseases is coronary artery disease (CAD). Thus, it is crucial for early CAD diagnosis to control disease progression. Computer-aided CAD …",Heliyon,Unknown,Unknown,Unclassified,2026-08-23 16:44:03,error,
P7,An improved method to detect coronary artery disease using phonocardiogram signals in noisy environment,2020,"Pathak, Akanksha; Samanta, Pranab; Mandana, Kayapanda; Saha, Goutam",43,"T Liu, P Li, Y Liu, H Zhang, Y Li, Y Jiao, C Liu…",Detection of coronary artery disease using multi-domain feature fusion of multi-channel heart sound signals,2021.0,Entropy,mdpi.com,https://www.mdpi.com/1099-4300/23/6/642,"https://scholar.google.com/scholar?cites=13682244368645121305&as_sdt=80005&sciodt=0,11&hl=en",14,2026-08-23 16:44:03,HTML,,,,,,,,43,8.6,5,8,5.0,Heart sound signals reflect valuable information about heart condition. Previous studies have suggested that the information contained in single-channel heart sound signals can be …,https://www.mdpi.com/1099-4300/23/6/642,"https://scholar.google.com/scholar?q=related:GWUu-8IY4b0J:scholar.google.com/&scioq=&hl=en&as_sdt=80005&sciodt=0,11",Detection of coronary artery disease using multi-domain feature fusion of multi-channel heart sound signals,"T Liu, P Li, Y Liu, H Zhang, Y Li, Y Jiao, C Liu…",2021,Heart sound signals reflect valuable information about heart condition. Previous studies have suggested that the information contained in single-channel heart sound signals can be …,Entropy,Unknown,Unknown,Unclassified,2026-08-23 16:44:03,error,
P7,An improved method to detect coronary artery disease using phonocardiogram signals in noisy environment,2020,"Pathak, Akanksha; Samanta, Pranab; Mandana, Kayapanda; Saha, Goutam",16,"H Dong, X Wang, Y Li, C Sun, Y Jiao, L Zhao…",Non-destructive detection of CAD stenosis severity using ECG-PCG coupling analysis,2023.0,… Signal Processing and …,Elsevier,https://www.sciencedirect.com/science/article/pii/S1746809423007619,"https://scholar.google.com/scholar?cites=4585388030643176061&as_sdt=80005&sciodt=0,11&hl=en",15,2026-08-23 16:44:03,,,,,,,,,16,5.33,2,7,3.0,Abstract Background and Objective Effectively assessing the coronary stenosis degree is vital for the diagnosis of coronary artery disease (CAD). Electrocardiogram (ECG) and …,,"https://scholar.google.com/scholar?q=related:fYLQkx6Soj8J:scholar.google.com/&scioq=&hl=en&as_sdt=80005&sciodt=0,11",Non-destructive detection of CAD stenosis severity using ECG-PCG coupling analysis,"H Dong, X Wang, Y Li, C Sun, Y Jiao, L Zhao…",2023,Abstract Background and Objective Effectively assessing the coronary stenosis degree is vital for the diagnosis of coronary artery disease (CAD). Electrocardiogram (ECG) and …,… Signal Processing and …,Unknown,Unknown,Unclassified,2026-08-23 16:44:03,error,
P7,An improved method to detect coronary artery disease using phonocardiogram signals in noisy environment,2020,"Pathak, Akanksha; Samanta, Pranab; Mandana, Kayapanda; Saha, Goutam",40,"A Pathak, P Samanta, K Mandana, G Saha",Detection of coronary artery atherosclerotic disease using novel features from synchrosqueezing transform of phonocardiogram,2020.0,Biomedical Signal Processing …,Elsevier,https://www.sciencedirect.com/science/article/pii/S1746809420302111,"https://scholar.google.com/scholar?cites=15418839254571035533&as_sdt=80005&sciodt=0,11&hl=en",16,2026-08-23 16:44:03,,,,,,,,,40,6.67,10,4,6.0,"Objective Atherosclerotic coronary artery disease (CAD) detection through a simple, non-invasive approach will be useful in point-of-care diagnosis. Though numerous studies have …",,"https://scholar.google.com/scholar?q=related:jSuOCZy4-tUJ:scholar.google.com/&scioq=&hl=en&as_sdt=80005&sciodt=0,11",Detection of coronary artery atherosclerotic disease using novel features from synchrosqueezing transform of phonocardiogram,"A Pathak, P Samanta, K Mandana, G Saha",2020,"Objective Atherosclerotic coronary artery disease (CAD) detection through a simple, non-invasive approach will be useful in point-of-care diagnosis. Though numerous studies have …",Biomedical Signal Processing …,Unknown,Unknown,Unclassified,2026-08-23 16:44:03,error,
P7,An improved method to detect coronary artery disease using phonocardiogram signals in noisy environment,2020,"Pathak, Akanksha; Samanta, Pranab; Mandana, Kayapanda; Saha, Goutam",4,"C Yin, J Qin, Y Shi, Y Zheng, X Guo",Detection of severe coronary artery disease based on clinical phonocardiogram and large kernel convolution interaction network,2025.0,Biomedical Signal Processing and …,Elsevier,https://www.sciencedirect.com/science/article/pii/S1746809424012448,"https://scholar.google.com/scholar?cites=7494074689009590753&as_sdt=80005&sciodt=0,11&hl=en",17,2026-08-23 16:44:03,,,,,,,,,4,4.0,1,5,1.0,"Heart sound auscultation coupled with machine learning algorithms is a risk-free and low-cost method for coronary artery disease detection (CAD). However, current studies mainly …",,"https://scholar.google.com/scholar?q=related:4aGpbjlNAGgJ:scholar.google.com/&scioq=&hl=en&as_sdt=80005&sciodt=0,11",Detection of severe coronary artery disease based on clinical phonocardiogram and large kernel convolution interaction network,"C Yin, J Qin, Y Shi, Y Zheng, X Guo",2025,"Heart sound auscultation coupled with machine learning algorithms is a risk-free and low-cost method for coronary artery disease detection (CAD). However, current studies mainly …",Biomedical Signal Processing and …,Unknown,Unknown,Unclassified,2026-08-23 16:44:03,error,
P7,An improved method to detect coronary artery disease using phonocardiogram signals in noisy environment,2020,"Pathak, Akanksha; Samanta, Pranab; Mandana, Kayapanda; Saha, Goutam",4,"Y Fang, H Leng, W Wang, D Liu",Multi-level feature encoding algorithm based on FBPSI for heart sound classification,2024.0,Scientific Reports,nature.com,https://www.nature.com/articles/s41598-024-70230-y,"https://scholar.google.com/scholar?cites=15799039406738727701&as_sdt=80005&sciodt=0,11&hl=en",18,2026-08-23 16:44:03,HTML,,,,,,,,4,2.0,1,4,2.0,Abstract Analysis of heart sound signals plays an essential role in preventing and diagnosing cardiac diseases. This study proposes a multi-level feature encoding algorithm …,https://www.nature.com/articles/s41598-024-70230-y,"https://scholar.google.com/scholar?q=related:FWMPL6J2QdsJ:scholar.google.com/&scioq=&hl=en&as_sdt=80005&sciodt=0,11",Multi-level feature encoding algorithm based on FBPSI for heart sound classification,"Y Fang, H Leng, W Wang, D Liu",2024,Abstract Analysis of heart sound signals plays an essential role in preventing and diagnosing cardiac diseases. This study proposes a multi-level feature encoding algorithm …,Scientific Reports,Unknown,Unknown,Unclassified,2026-08-23 16:44:03,error,
P7,An improved method to detect coronary artery disease using phonocardiogram signals in noisy environment,2020,"Pathak, Akanksha; Samanta, Pranab; Mandana, Kayapanda; Saha, Goutam",21,"H Zhang, X Wang, C Liu, Y Li, Y Liu, Y Jiao, T Liu…",Discrimination of patients with varying degrees of coronary artery stenosis by ECG and PCG signals based on entropy,2021.0,Entropy,mdpi.com,https://www.mdpi.com/1099-4300/23/7/823,"https://scholar.google.com/scholar?cites=14276198054395260789&as_sdt=80005&sciodt=0,11&hl=en",19,2026-08-23 16:44:03,HTML,,,,,,,,21,4.2,3,8,5.0,Coronary heart disease (CHD) is the leading cause of cardiovascular death. This study aimed to propose an effective method for mining cardiac mechano-electric coupling …,https://www.mdpi.com/1099-4300/23/7/823,"https://scholar.google.com/scholar?q=related:dS9a730-H8YJ:scholar.google.com/&scioq=&hl=en&as_sdt=80005&sciodt=0,11",Discrimination of patients with varying degrees of coronary artery stenosis by ECG and PCG signals based on entropy,"H Zhang, X Wang, C Liu, Y Li, Y Liu, Y Jiao, T Liu…",2021,Coronary heart disease (CHD) is the leading cause of cardiovascular death. This study aimed to propose an effective method for mining cardiac mechano-electric coupling …,Entropy,Unknown,Unknown,Unclassified,2026-08-23 16:44:03,error,
P7,An improved method to detect coronary artery disease using phonocardiogram signals in noisy environment,2020,"Pathak, Akanksha; Samanta, Pranab; Mandana, Kayapanda; Saha, Goutam",3,VM Shervegar,Heart sound classification technique for early CVD detection using improved wavelet time scattering and discriminant analysis classifiers,2025.0,Informatics and Health,Elsevier,https://www.sciencedirect.com/science/article/pii/S2949953425000037,"https://scholar.google.com/scholar?cites=18424169949184176906&as_sdt=80005&sciodt=0,11&hl=en",20,2026-08-23 16:44:03,HTML,,,,,,,,3,3.0,3,1,1.0,"Objective PCG represents the acoustic replay of heart sounds from the cardiac structure. To detect and analyse the different conditions of the heart, heart sound signals are essential …",https://www.sciencedirect.com/science/article/pii/S2949953425000037,"https://scholar.google.com/scholar?q=related:CrOMDvTMr_8J:scholar.google.com/&scioq=&hl=en&as_sdt=80005&sciodt=0,11",Heart sound classification technique for early CVD detection using improved wavelet time scattering and discriminant analysis classifiers,VM Shervegar,2025,"Objective PCG represents the acoustic replay of heart sounds from the cardiac structure. To detect and analyse the different conditions of the heart, heart sound signals are essential …",Informatics and Health,Unknown,Unknown,Unclassified,2026-08-23 16:44:03,error,
P7,An improved method to detect coronary artery disease using phonocardiogram signals in noisy environment,2020,"Pathak, Akanksha; Samanta, Pranab; Mandana, Kayapanda; Saha, Goutam",16,"BS Larsen, S Winther, L Nissen…",Spectral analysis of heart sounds associated with coronary artery disease,2021.0,Physiological …,iopscience.iop.org,https://iopscience.iop.org/article/10.1088/1361-6579/ac2fb7/meta,"https://scholar.google.com/scholar?cites=3647403455330059807&as_sdt=80005&sciodt=0,11&hl=en",21,2026-08-23 16:44:03,HTML,10.1088/1361-6579/ac2fb7,,,,,,,16,3.2,4,4,5.0,Objective. The aim of this study was to find spectral differences of diagnostic interest in heart sound recordings of patients with coronary artery disease (CAD) and healthy subjects …,https://iopscience.iop.org/article/10.1088/1361-6579/ac2fb7/meta,"https://scholar.google.com/scholar?q=related:HwZ7Kx4unjIJ:scholar.google.com/&scioq=&hl=en&as_sdt=80005&sciodt=0,11",Spectral analysis of heart sounds associated with coronary artery disease,"BS Larsen, S Winther, L Nissen…",2021,Objective. The aim of this study was to find spectral differences of diagnostic interest in heart sound recordings of patients with coronary artery disease (CAD) and healthy subjects …,Physiological …,Unknown,Unknown,Unclassified,2026-08-23 16:44:03,error,
P7,An improved method to detect coronary artery disease using phonocardiogram signals in noisy environment,2020,"Pathak, Akanksha; Samanta, Pranab; Mandana, Kayapanda; Saha, Goutam",13,"M Fynn, S Nordholm, Y Rong",Coherence function and adaptive noise cancellation performance of an acoustic sensor system for use in detecting coronary artery disease,2022.0,Sensors,mdpi.com,https://www.mdpi.com/1424-8220/22/17/6591,"https://scholar.google.com/scholar?cites=10463380878119767601&as_sdt=80005&sciodt=0,11&hl=en",22,2026-08-23 16:44:03,HTML,,,,,,,,13,3.25,4,3,4.0,"Adaptive noise cancellation is a useful linear technique to attenuate unwanted background noise that cannot be removed using traditional frequency-selective filters. Usually, this is due …",https://www.mdpi.com/1424-8220/22/17/6591,"https://scholar.google.com/scholar?q=related:MY7xpXhlNZEJ:scholar.google.com/&scioq=&hl=en&as_sdt=80005&sciodt=0,11",Coherence function and adaptive noise cancellation performance of an acoustic sensor system for use in detecting coronary artery disease,"M Fynn, S Nordholm, Y Rong",2022,"Adaptive noise cancellation is a useful linear technique to attenuate unwanted background noise that cannot be removed using traditional frequency-selective filters. Usually, this is due …",Sensors,Unknown,Unknown,Unclassified,2026-08-23 16:44:03,error,
P7,An improved method to detect coronary artery disease using phonocardiogram signals in noisy environment,2020,"Pathak, Akanksha; Samanta, Pranab; Mandana, Kayapanda; Saha, Goutam",3,"C Yin, Y Shi, Y Zheng, X Guo",Fast Convolution Compression Network for Coronary Artery Disease Detection Using Auscultation Signal,2025.0,IEEE Sensors Journal,ieeexplore.ieee.org,https://ieeexplore.ieee.org/abstract/document/10937299/,"https://scholar.google.com/scholar?cites=11121180268730888647&as_sdt=80005&sciodt=0,11&hl=en",23,2026-08-23 16:44:03,,,,,,,,,3,3.0,1,4,1.0,"Heart sound auscultation combined with deep learning is a common method for coronary artery disease (CAD) detection. However, current studies predominantly focus on improving …",,"https://scholar.google.com/scholar?q=related:x7HJKIheVpoJ:scholar.google.com/&scioq=&hl=en&as_sdt=80005&sciodt=0,11",Fast Convolution Compression Network for Coronary Artery Disease Detection Using Auscultation Signal,"C Yin, Y Shi, Y Zheng, X Guo",2025,"Heart sound auscultation combined with deep learning is a common method for coronary artery disease (CAD) detection. However, current studies predominantly focus on improving …",IEEE Sensors Journal,Unknown,Unknown,Unclassified,2026-08-23 16:44:03,error,
P7,An improved method to detect coronary artery disease using phonocardiogram signals in noisy environment,2020,"Pathak, Akanksha; Samanta, Pranab; Mandana, Kayapanda; Saha, Goutam",0,"AES Ahmed, MEA Ibrahim, Y Daadaa",Cardio-Dense: Diagnosis of Cardiac Abnormalities Based on Phonocardiogram Using Improved Swin Transformer Through Lightweight Dense Blocks,2026.0,Diagnostics,mdpi.com,https://www.mdpi.com/2075-4418/16/10/1421,,24,2026-08-23 16:44:03,HTML,,,,,,,,0,0.0,0,3,1.0,"Background: Cardiovascular diseases (CVDs) are among the top sources of mortality worldwide. To properly diagnose cardiovascular diseases, a low-cost remedy based on …",https://www.mdpi.com/2075-4418/16/10/1421,"https://scholar.google.com/scholar?q=related:wT6UmH7rKhwJ:scholar.google.com/&scioq=&hl=en&as_sdt=80005&sciodt=0,11",Cardio-Dense: Diagnosis of Cardiac Abnormalities Based on Phonocardiogram Using Improved Swin Transformer Through Lightweight Dense Blocks,"AES Ahmed, MEA Ibrahim, Y Daadaa",2026,"Background: Cardiovascular diseases (CVDs) are among the top sources of mortality worldwide. To properly diagnose cardiovascular diseases, a low-cost remedy based on …",Diagnostics,Unknown,Unknown,Unclassified,2026-08-23 16:44:03,error,
P7,An improved method to detect coronary artery disease using phonocardiogram signals in noisy environment,2020,"Pathak, Akanksha; Samanta, Pranab; Mandana, Kayapanda; Saha, Goutam",0,"T Aswani, JM Gummadi, G Sharada",CardioEnsemNet: An Optimized Ensemble Learning Framework for Accurate Coronary Artery Disease Prediction Across Multiple Datasets,2026.0,International Journal of …,Springer,https://link.springer.com/content/pdf/10.1007/s44196-026-01451-4_reference.pdf,,25,2026-08-23 16:44:03,PDF,10.1007/s44196-026-01451-4_reference,,,,,,,0,0.0,0,3,1.0,"One of the major causes of mortality around the world, poor diagnosis and the early stages of the disease being asymptomatic are the primary reasons for the occurrence of coronary …",https://link.springer.com/content/pdf/10.1007/s44196-026-01451-4_reference.pdf,"https://scholar.google.com/scholar?q=related:LfOzzPG8heoJ:scholar.google.com/&scioq=&hl=en&as_sdt=80005&sciodt=0,11",CardioEnsemNet: An Optimized Ensemble Learning Framework for Accurate Coronary Artery Disease Prediction Across Multiple Datasets,"T Aswani, JM Gummadi, G Sharada",2026,"One of the major causes of mortality around the world, poor diagnosis and the early stages of the disease being asymptomatic are the primary reasons for the occurrence of coronary …",International Journal of …,Unknown,Unknown,Unclassified,2026-08-23 16:44:03,error,
P7,An improved method to detect coronary artery disease using phonocardiogram signals in noisy environment,2020,"Pathak, Akanksha; Samanta, Pranab; Mandana, Kayapanda; Saha, Goutam",1,"S Moghani, H Marvi, Z Mohammadpoory",Enhanced heart sound analysis through hierarchical spectral basis vector extraction using deep orthogonal non-negative matrix factorization,2025.0,The Journal of Supercomputing,Springer,https://link.springer.com/article/10.1007/s11227-025-07350-3,"https://scholar.google.com/scholar?cites=5319016595730359867&as_sdt=80005&sciodt=0,11&hl=en",26,2026-08-23 16:44:03,,10.1007/s11227-025-07350-3,,,,,,,1,1.0,0,3,1.0,Phonocardiogram (PCG) signals contain valuable spectral features that can be levenraged to analyze heart sounds effectively. This study investigates the discriminative power of low …,,"https://scholar.google.com/scholar?q=related:O2bqlmnx0EkJ:scholar.google.com/&scioq=&hl=en&as_sdt=80005&sciodt=0,11",Enhanced heart sound analysis through hierarchical spectral basis vector extraction using deep orthogonal non-negative matrix factorization,"S Moghani, H Marvi, Z Mohammadpoory",2025,Phonocardiogram (PCG) signals contain valuable spectral features that can be levenraged to analyze heart sounds effectively. This study investigates the discriminative power of low …,The Journal of Supercomputing,Unknown,Unknown,Unclassified,2026-08-23 16:44:03,error,
P7,An improved method to detect coronary artery disease using phonocardiogram signals in noisy environment,2020,"Pathak, Akanksha; Samanta, Pranab; Mandana, Kayapanda; Saha, Goutam",8,"Chamundeshwari, N Biradar…",Adaptive despeckling and heart disease diagnosis by echocardiogram using optimized deep learning model,2023.0,Computer Methods in …,Taylor &Francis,https://www.tandfonline.com/doi/abs/10.1080/21681163.2022.2032361,"https://scholar.google.com/scholar?cites=8360979567632049781&as_sdt=80005&sciodt=0,11&hl=en",27,2026-08-23 16:44:03,,10.1080/21681163.2022.2032361,,,,,,,8,2.67,3,3,3.0,Echocardiography is a significant diagnostic tool intended to interpret and identify different categories of heart diseases. The classification of heart condition by utilising the CAD on …,,"https://scholar.google.com/scholar?q=related:deYBT54qCHQJ:scholar.google.com/&scioq=&hl=en&as_sdt=80005&sciodt=0,11",Adaptive despeckling and heart disease diagnosis by echocardiogram using optimized deep learning model,"Chamundeshwari, N Biradar…",2023,Echocardiography is a significant diagnostic tool intended to interpret and identify different categories of heart diseases. The classification of heart condition by utilising the CAD on …,Computer Methods in …,Unknown,Unknown,Unclassified,2026-08-23 16:44:03,error,
P7,An improved method to detect coronary artery disease using phonocardiogram signals in noisy environment,2020,"Pathak, Akanksha; Samanta, Pranab; Mandana, Kayapanda; Saha, Goutam",0,"M Sarkar, B Ganguly, D Dey",Cross-correlation aided feature extraction for automated diagnosis of phonocardiogram signals using attention based Bi-LSTM network,2025.0,"Signal, Image and Video Processing",Springer,https://link.springer.com/article/10.1007/s11760-025-04942-7,,28,2026-08-23 16:44:03,,10.1007/s11760-025-04942-7,,,,,,,0,0.0,0,3,1.0,Phonocardiogram (PCG) signals are valuable non-invasive biomarkers for early cardiovascular disease (CVD) detection. Advances in digital stethoscopes and signal …,https://www.researchgate.net/profile/Biswarup-Ganguly/publication/397454399_Cross-correlation_aided_feature_extraction_for_automated_diagnosis_of_phonocardiogram_signals_using_attention_based_Bi-LSTM_network/links/69ce143c60c0371a60f55ead/Cross-correlation-aided-feature-extraction-for-automated-diagnosis-of-phonocardiogram-signals-using-attention-based-Bi-LSTM-network.pdf,"https://scholar.google.com/scholar?q=related:Dsc-aTOe4OYJ:scholar.google.com/&scioq=&hl=en&as_sdt=80005&sciodt=0,11",Cross-correlation aided feature extraction for automated diagnosis of phonocardiogram signals using attention based Bi-LSTM network,"M Sarkar, B Ganguly, D Dey",2025,Phonocardiogram (PCG) signals are valuable non-invasive biomarkers for early cardiovascular disease (CVD) detection. Advances in digital stethoscopes and signal …,"Signal, Image and Video Processing",Unknown,Unknown,Unclassified,2026-08-23 16:44:03,error,
P7,An improved method to detect coronary artery disease using phonocardiogram signals in noisy environment,2020,"Pathak, Akanksha; Samanta, Pranab; Mandana, Kayapanda; Saha, Goutam",5,VM Shervegar,Heart sound classification using wavelet scattering transform and support vector machine,2023.0,Intelligent Data Analysis,journals.sagepub.com,https://journals.sagepub.com/doi/abs/10.3233/IDA-237432,"https://scholar.google.com/scholar?cites=8112202830323997062&as_sdt=80005&sciodt=0,11&hl=en",29,2026-08-23 16:44:03,,10.3233/IDA-237432,,,,,,,5,1.67,5,1,3.0,OBJECTIVE: A representation of the sound recordings that are associated with the movement of the entire cardiac structure is termed the Phonocardiogram (PCG) signal. In …,,"https://scholar.google.com/scholar?q=related:hllhb35VlHAJ:scholar.google.com/&scioq=&hl=en&as_sdt=80005&sciodt=0,11",Heart sound classification using wavelet scattering transform and support vector machine,VM Shervegar,2023,OBJECTIVE: A representation of the sound recordings that are associated with the movement of the entire cardiac structure is termed the Phonocardiogram (PCG) signal. In …,Intelligent Data Analysis,Unknown,Unknown,Unclassified,2026-08-23 16:44:03,error,
P7,An improved method to detect coronary artery disease using phonocardiogram signals in noisy environment,2020,"Pathak, Akanksha; Samanta, Pranab; Mandana, Kayapanda; Saha, Goutam",0,"M Marocchi, M Fynn, Y Rong",Noise-Robust Contrastive Learning with an MFCC-Conformer for Coronary Artery Disease Detection,2026.0,ICASSP 2026-2026 IEEE …,ieeexplore.ieee.org,https://ieeexplore.ieee.org/abstract/document/11462216/,,30,2026-08-23 16:44:03,,,,,,,,,0,0.0,0,3,1.0,"Cardiovascular diseases (CVD) are the leading cause of death worldwide, with coronary artery disease (CAD) comprising the largest subcategory of CVDs. Recently, there has been …",https://arxiv.org/pdf/2601.18295,"https://scholar.google.com/scholar?q=related:ywSBiyuCDXwJ:scholar.google.com/&scioq=&hl=en&as_sdt=80005&sciodt=0,11",Noise-Robust Contrastive Learning with an MFCC-Conformer for Coronary Artery Disease Detection,"M Marocchi, M Fynn, Y Rong",2026,"Cardiovascular diseases (CVD) are the leading cause of death worldwide, with coronary artery disease (CAD) comprising the largest subcategory of CVDs. Recently, there has been …",ICASSP 2026-2026 IEEE …,Unknown,Unknown,Unclassified,2026-08-23 16:44:03,error,
P7,An improved method to detect coronary artery disease using phonocardiogram signals in noisy environment,2020,"Pathak, Akanksha; Samanta, Pranab; Mandana, Kayapanda; Saha, Goutam",2,"P Chauhan, K Paul",Detection of coronary artery disease using PCG signals for wearable devices: LSTM-based approach,2024.0,2024 IEEE International Conference on E …,ieeexplore.ieee.org,https://ieeexplore.ieee.org/abstract/document/10880793/,"https://scholar.google.com/scholar?cites=5401636039691820011&as_sdt=80005&sciodt=0,11&hl=en",31,2026-08-23 16:44:03,,,,,,,,,2,1.0,1,2,2.0,"It is acknowledged that coronary artery disease (CAD) is the most common type of heart disease. Continuous monitoring to identify the onset of CAD, even before symptoms are …",,"https://scholar.google.com/scholar?q=related:61vH51t39koJ:scholar.google.com/&scioq=&hl=en&as_sdt=80005&sciodt=0,11",Detection of coronary artery disease using PCG signals for wearable devices: LSTM-based approach,"P Chauhan, K Paul",2024,"It is acknowledged that coronary artery disease (CAD) is the most common type of heart disease. Continuous monitoring to identify the onset of CAD, even before symptoms are …",2024 IEEE International Conference on E …,Unknown,Unknown,Unclassified,2026-08-23 16:44:03,error,
P7,An improved method to detect coronary artery disease using phonocardiogram signals in noisy environment,2020,"Pathak, Akanksha; Samanta, Pranab; Mandana, Kayapanda; Saha, Goutam",0,"H Li, Y Zhang, G Ren, Y Tian, Y Chai…",Extraction of Acoustic Features via Empirical Wavelet Transform to Determine Stenosis Degree of the Left Anterior Descending Artery Based on the Diastolic Heart …,2026.0,Annals of Noninvasive …,Wiley Online Library,https://onlinelibrary.wiley.com/doi/abs/10.1111/anec.70195,,32,2026-08-23 16:44:03,,10.1111/anec.70195,,,,,,,0,0.0,0,6,1.0,Objectives This study aimed to develop a method for extracting acoustic features to assess left anterior descending artery (LAD) stenosis severity. Methods Heart sound data were …,https://onlinelibrary.wiley.com/doi/pdf/10.1111/anec.70195,"https://scholar.google.com/scholar?q=related:c2vzzq-0ZtgJ:scholar.google.com/&scioq=&hl=en&as_sdt=80005&sciodt=0,11",Extraction of Acoustic Features via Empirical Wavelet Transform to Determine Stenosis Degree of the Left Anterior Descending Artery Based on the Diastolic Heart …,"H Li, Y Zhang, G Ren, Y Tian, Y Chai…",2026,Objectives This study aimed to develop a method for extracting acoustic features to assess left anterior descending artery (LAD) stenosis severity. Methods Heart sound data were …,Annals of Noninvasive …,Unknown,Unknown,Unclassified,2026-08-23 16:44:03,error,
P7,An improved method to detect coronary artery disease using phonocardiogram signals in noisy environment,2020,"Pathak, Akanksha; Samanta, Pranab; Mandana, Kayapanda; Saha, Goutam",2,"J Li, W Zhang",Heart Sound Classification based on Discriminative Dictionary Learning and Support Vector Machine with Multiple Kernel Learning,2024.0,Proceedings of the 2024 4th International Conference …,dl.acm.org,https://dl.acm.org/doi/abs/10.1145/3690407.3690477,"https://scholar.google.com/scholar?cites=15483399556669204916&as_sdt=80005&sciodt=0,11&hl=en",33,2026-08-23 16:44:03,,10.1145/3690407.3690477,,,,,,,2,1.0,1,2,2.0,"Heart sound classification is critical for the early detection of cardiac diseases, enabling timely medical interventions. This study introduces a novel approach that combines …",https://dl.acm.org/doi/full/10.1145/3690407.3690477,"https://scholar.google.com/scholar?q=related:tGm1utwV4NYJ:scholar.google.com/&scioq=&hl=en&as_sdt=80005&sciodt=0,11",Heart Sound Classification based on Discriminative Dictionary Learning and Support Vector Machine with Multiple Kernel Learning,"J Li, W Zhang",2024,"Heart sound classification is critical for the early detection of cardiac diseases, enabling timely medical interventions. This study introduces a novel approach that combines …",Proceedings of the 2024 4th International Conference …,Unknown,Unknown,Unclassified,2026-08-23 16:44:03,error,
P7,An improved method to detect coronary artery disease using phonocardiogram signals in noisy environment,2020,"Pathak, Akanksha; Samanta, Pranab; Mandana, Kayapanda; Saha, Goutam",2,"S Karimullah, F Shaik, DV Vardhan…",Blockchain-enhanced convolutional neural networks for efficient detection of cardiovascular abnormalities,2024.0,… and Blockchain in …,api.taylorfrancis.com,https://api.taylorfrancis.com/content/chapters/edit/download?identifierName=doi&identifierValue=10.1201/9781003459347-19&type=chapterpdf,"https://scholar.google.com/scholar?cites=3577740622275095265&as_sdt=80005&sciodt=0,11&hl=en",34,2026-08-23 16:44:03,,,,,,,,,2,1.0,1,4,2.0,"This chapter proposes a new strategy to addressing the global burden of cardiovascular diseases (CVDs) by early and precise diagnosis, with the potential for improved patient …",,"https://scholar.google.com/scholar?q=related:4Sox6SOwpjEJ:scholar.google.com/&scioq=&hl=en&as_sdt=80005&sciodt=0,11",Blockchain-enhanced convolutional neural networks for efficient detection of cardiovascular abnormalities,"S Karimullah, F Shaik, DV Vardhan…",2024,"This chapter proposes a new strategy to addressing the global burden of cardiovascular diseases (CVDs) by early and precise diagnosis, with the potential for improved patient …",… and Blockchain in …,Unknown,Unknown,Unclassified,2026-08-23 16:44:03,error,
P7,An improved method to detect coronary artery disease using phonocardiogram signals in noisy environment,2020,"Pathak, Akanksha; Samanta, Pranab; Mandana, Kayapanda; Saha, Goutam",3,"C Venkatesh, M Lavanya, P Naga Swetha…",A neural network-based cardiovascular disease detection using ecg signals,2023.0,… on Communications and …,Springer,https://link.springer.com/chapter/10.1007/978-981-19-8086-2_28,"https://scholar.google.com/scholar?cites=8012938528510577464&as_sdt=80005&sciodt=0,11&hl=en",35,2026-08-23 16:44:03,,10.1007/978-981-19-8086-2_28,,,,,,,3,1.0,1,4,3.0,Heart disease is also known as cardiovascular disease (CVD). It is a type of illness that affects the heart and blood vessels (veins and arteries). Cardiovascular disease (CVD) is the …,,"https://scholar.google.com/scholar?q=related:OAvqJiOtM28J:scholar.google.com/&scioq=&hl=en&as_sdt=80005&sciodt=0,11",A neural network-based cardiovascular disease detection using ecg signals,"C Venkatesh, M Lavanya, P Naga Swetha…",2023,Heart disease is also known as cardiovascular disease (CVD). It is a type of illness that affects the heart and blood vessels (veins and arteries). Cardiovascular disease (CVD) is the …,… on Communications and …,Unknown,Unknown,Unclassified,2026-08-23 16:44:03,error,
P7,An improved method to detect coronary artery disease using phonocardiogram signals in noisy environment,2020,"Pathak, Akanksha; Samanta, Pranab; Mandana, Kayapanda; Saha, Goutam",0,"M Wang, X Wang, P Cong, L Li",Psychological Stress Classification Based on Coupled Analysis of ECG and EEG Signals,2025.0,2025 11th International …,ieeexplore.ieee.org,https://ieeexplore.ieee.org/abstract/document/11345835/,,36,2026-08-23 16:44:03,,,,,,,,,0,0.0,0,4,1.0,Psychological stress detection methods based on objective physiological signals offer distinct advantages. The bidirectional coupling relationship between the heart and brain has …,,"https://scholar.google.com/scholar?q=related:Ouv2PilGndIJ:scholar.google.com/&scioq=&hl=en&as_sdt=80005&sciodt=0,11",Psychological Stress Classification Based on Coupled Analysis of ECG and EEG Signals,"M Wang, X Wang, P Cong, L Li",2025,Psychological stress detection methods based on objective physiological signals offer distinct advantages. The bidirectional coupling relationship between the heart and brain has …,2025 11th International …,Unknown,Unknown,Unclassified,2026-08-23 16:44:03,error,
P7,An improved method to detect coronary artery disease using phonocardiogram signals in noisy environment,2020,"Pathak, Akanksha; Samanta, Pranab; Mandana, Kayapanda; Saha, Goutam",0,"A Maity, S Sinha, M Fynn, M Marocchi…",Multistage Fusion Framework for Coronary Artery Disease Detection from Multichannel Phonocardiogram,2025.0,… Conference on Pattern …,Springer,https://link.springer.com/chapter/10.1007/978-3-032-18480-1_17,,37,2026-08-23 16:44:03,,10.1007/978-3-032-18480-1_17,,,,,,,0,0.0,0,5,1.0,"Coronary artery disease (CAD) remains one of the leading causes of mortality worldwide. Phonocardiogram (PCG) signals offer a non-invasive, affordable, and accessible means for …",https://ddfe.curtin.edu.au/yurong/PReMI.pdf,"https://scholar.google.com/scholar?q=related:Er56hOt3oLAJ:scholar.google.com/&scioq=&hl=en&as_sdt=80005&sciodt=0,11",Multistage Fusion Framework for Coronary Artery Disease Detection from Multichannel Phonocardiogram,"A Maity, S Sinha, M Fynn, M Marocchi…",2025,"Coronary artery disease (CAD) remains one of the leading causes of mortality worldwide. Phonocardiogram (PCG) signals offer a non-invasive, affordable, and accessible means for …",… Conference on Pattern …,Unknown,Unknown,Unclassified,2026-08-23 16:44:03,error,
P7,An improved method to detect coronary artery disease using phonocardiogram signals in noisy environment,2020,"Pathak, Akanksha; Samanta, Pranab; Mandana, Kayapanda; Saha, Goutam",4,"AM Ali, AH Hafez, KI Elkhodary, M El-Morsi",A CFD-FFT approach to hemoacoustics that enables degree of stenosis prediction from stethoscopic signals,2023.0,Heliyon,cell.com,https://www.cell.com/heliyon/fulltext/S2405-8440(23)04851-X,"https://scholar.google.com/scholar?cites=7518351922116557966&as_sdt=80005&sciodt=0,11&hl=en",38,2026-08-23 16:44:03,HTML,,,,,,,,4,1.33,1,4,3.0,"In this paper, we identify a new (acoustic) frequency-stenosis relation whose frequencies lie within the recommended auscultation threshold of stethoscopy (< 120 Hz). We show that this …",https://www.cell.com/heliyon/fulltext/S2405-8440(23)04851-X,"https://scholar.google.com/scholar?q=related:jvwhPj2NVmgJ:scholar.google.com/&scioq=&hl=en&as_sdt=80005&sciodt=0,11",A CFD-FFT approach to hemoacoustics that enables degree of stenosis prediction from stethoscopic signals,"AM Ali, AH Hafez, KI Elkhodary, M El-Morsi",2023,"In this paper, we identify a new (acoustic) frequency-stenosis relation whose frequencies lie within the recommended auscultation threshold of stethoscopy (< 120 Hz). We show that this …",Heliyon,Unknown,Unknown,Unclassified,2026-08-23 16:44:03,error,
P7,An improved method to detect coronary artery disease using phonocardiogram signals in noisy environment,2020,"Pathak, Akanksha; Samanta, Pranab; Mandana, Kayapanda; Saha, Goutam",0,"S Behera, IS Misra",An Approach to Detect CAD with Full Confidence Using Machine Learning Techniques,2023.0,"… on Circuits, Power and Intelligent Systems …",ieeexplore.ieee.org,https://ieeexplore.ieee.org/abstract/document/10291924/,,39,2026-08-23 16:44:03,,,,,,,,,0,0.0,0,2,3.0,The main aim of this paper is to detect the Coronary Artery Disease (CAD) from the phonocardiogram (PCG) signals of human heart sounds using different machine learning …,,"https://scholar.google.com/scholar?q=related:w5bHifgjKoIJ:scholar.google.com/&scioq=&hl=en&as_sdt=80005&sciodt=0,11",An Approach to Detect CAD with Full Confidence Using Machine Learning Techniques,"S Behera, IS Misra",2023,The main aim of this paper is to detect the Coronary Artery Disease (CAD) from the phonocardiogram (PCG) signals of human heart sounds using different machine learning …,"… on Circuits, Power and Intelligent Systems …",Unknown,Unknown,Unclassified,2026-08-23 16:44:03,error,
P7,An improved method to detect coronary artery disease using phonocardiogram signals in noisy environment,2020,"Pathak, Akanksha; Samanta, Pranab; Mandana, Kayapanda; Saha, Goutam",0,VM Shervegar,Informatics and Health,,researchgate.net,,https://www.researchgate.net/profile/Vishwanath-Shervegar/publication/388890162_Heart_sound_classification_technique_for_early_CVD_detection_using_improved_wavelet_time_scattering_and_discriminant_analysis_classifiers/links/67ab9d928311ce680c5e6829/Heart-sound-classification-technique-for-early-CVD-detection-using-improved-wavelet-time-scattering-and-discriminant-analysis-classifiers.pdf,,40,2026-08-23 16:44:03,PDF,,,,,,,,0,0.0,0,1,,"Objective: PCG represents the acoustic replay of heart sounds from the cardiac structure. To detect and analyse the different conditions of the heart, heart sound signals are essential …",https://www.researchgate.net/profile/Vishwanath-Shervegar/publication/388890162_Heart_sound_classification_technique_for_early_CVD_detection_using_improved_wavelet_time_scattering_and_discriminant_analysis_classifiers/links/67ab9d928311ce680c5e6829/Heart-sound-classification-technique-for-early-CVD-detection-using-improved-wavelet-time-scattering-and-discriminant-analysis-classifiers.pdf,"https://scholar.google.com/scholar?q=related:Vq4Vx6nR3m8J:scholar.google.com/&scioq=&hl=en&as_sdt=80005&sciodt=0,11",Informatics and Health,VM Shervegar,0,"Objective: PCG represents the acoustic replay of heart sounds from the cardiac structure. To detect and analyse the different conditions of the heart, heart sound signals are essential …",researchgate.net,Unknown,Unknown,Unclassified,2026-08-23 16:44:03,error,
P7,An improved method to detect coronary artery disease using phonocardiogram signals in noisy environment,2020,"Pathak, Akanksha; Samanta, Pranab; Mandana, Kayapanda; Saha, Goutam",0,"Y Cai, Y Shen, Z Chen, J Fan, X Hong, Y Zhang…",Study on the Applicability of Rating Standard for Traffic Noise Insulation in China Based on Traffic Noise Measurements in Fuzhou,,Available at SSRN …,papers.ssrn.com,https://papers.ssrn.com/sol3/papers.cfm?abstract_id=4986568,,41,2026-08-23 16:44:03,,,,,,,,,0,0.0,0,7,,"The traffic noise model for noise insulation evaluation used in China is established from data of Northern Europe in the 1980s, whose applicability to China's current traffic conditions …",https://papers.ssrn.com/sol3/Delivery.cfm?abstractid=4986568,"https://scholar.google.com/scholar?q=related:Mp6KmbAqj5AJ:scholar.google.com/&scioq=&hl=en&as_sdt=80005&sciodt=0,11",Study on the Applicability of Rating Standard for Traffic Noise Insulation in China Based on Traffic Noise Measurements in Fuzhou,"Y Cai, Y Shen, Z Chen, J Fan, X Hong, Y Zhang…",0,"The traffic noise model for noise insulation evaluation used in China is established from data of Northern Europe in the 1980s, whose applicability to China's current traffic conditions …",Available at SSRN …,Unknown,Unknown,Unclassified,2026-08-23 16:44:03,error,
P7,An improved method to detect coronary artery disease using phonocardiogram signals in noisy environment,2020,"Pathak, Akanksha; Samanta, Pranab; Mandana, Kayapanda; Saha, Goutam",0,"SZZ Ali, MO Ullah, J Mir",Classification of Cardiovascular Disease Using 2D-Image Representations of Phonocardiogram Signals,2022.0,2022 International Conference on …,ieeexplore.ieee.org,https://ieeexplore.ieee.org/abstract/document/10069108/,,42,2026-08-23 16:44:03,,,,,,,,,0,0.0,0,3,4.0,"Auscultation of the heart is a process that refers to listening to heart sounds to detect abnormalities. It is a good way to diagnose multiple cardiac problems. However, this process …",,"https://scholar.google.com/scholar?q=related:qoZ2XaaLAnQJ:scholar.google.com/&scioq=&hl=en&as_sdt=80005&sciodt=0,11",Classification of Cardiovascular Disease Using 2D-Image Representations of Phonocardiogram Signals,"SZZ Ali, MO Ullah, J Mir",2022,"Auscultation of the heart is a process that refers to listening to heart sounds to detect abnormalities. It is a good way to diagnose multiple cardiac problems. However, this process …",2022 International Conference on …,Unknown,Unknown,Unclassified,2026-08-23 16:44:03,error,
P7,An improved method to detect coronary artery disease using phonocardiogram signals in noisy environment,2020,"Pathak, Akanksha; Samanta, Pranab; Mandana, Kayapanda; Saha, Goutam",0,"C Venkatesh, M Lavanya, PN Swetha…",Disease Detection Using ECG Signals,2023.0,… in Cognitive Science …,books.google.com,https://books.google.com/books?hl=en&lr=&id=LSezEAAAQBAJ&oi=fnd&pg=PA290&ots=EJo8_QG-7j&sig=UCzuPIj0P2ECLAU3V_JLAvOewts,,43,2026-08-23 16:44:03,,,,,,,,,0,0.0,0,4,3.0,Heart disease is also known as cardiovascular disease (CVD). It is a type of illness that affects the heart and blood vessels (veins and arteries). Cardiovas-cular disease (CVD) is …,,"https://scholar.google.com/scholar?q=related:vRNJmLQANOEJ:scholar.google.com/&scioq=&hl=en&as_sdt=80005&sciodt=0,11",Disease Detection Using ECG Signals,"C Venkatesh, M Lavanya, PN Swetha…",2023,Heart disease is also known as cardiovascular disease (CVD). It is a type of illness that affects the heart and blood vessels (veins and arteries). Cardiovas-cular disease (CVD) is …,… in Cognitive Science …,Unknown,Unknown,Unclassified,2026-08-23 16:44:03,error,
P7,An improved method to detect coronary artery disease using phonocardiogram signals in noisy environment,2020,"Pathak, Akanksha; Samanta, Pranab; Mandana, Kayapanda; Saha, Goutam",0,"H Zhang, X Wang, C Liu",Spectral analysis of heart sounds associated with coronary artery disease,,vbn.aau.dk,,https://vbn.aau.dk/ws/files/457815878/Larsen_2021_Physiol._Meas._42_105013.pdf,,44,2026-08-23 16:44:03,PDF,,,,,,,,0,0.0,0,3,,Objective. The aim of this study was tofind spectral differences of diagnostic interest in heart sound recordings of patients with coronary artery disease (CAD) and healthy subjects …,https://vbn.aau.dk/ws/files/457815878/Larsen_2021_Physiol._Meas._42_105013.pdf,"https://scholar.google.com/scholar?q=related:Ztlj6jIFrUIJ:scholar.google.com/&scioq=&hl=en&as_sdt=80005&sciodt=0,11",Spectral analysis of heart sounds associated with coronary artery disease,"H Zhang, X Wang, C Liu",0,Objective. The aim of this study was tofind spectral differences of diagnostic interest in heart sound recordings of patients with coronary artery disease (CAD) and healthy subjects …,vbn.aau.dk,Unknown,Unknown,Unclassified,2026-08-23 16:44:03,error,
P8,Detection of coronary artery atherosclerotic disease using novel features from synchrosqueezing transform of phonocardiogram,2020,"Pathak, Akanksha; Samanta, Pranab; Mandana, Kayapanda; Saha, Goutam",17,"A Gudigar, U Raghavendra, M Maithri, J Samanth…",Automated system for the detection of heart anomalies using phonocardiograms: A systematic review,2024.0,IEEE …,ieeexplore.ieee.org,https://ieeexplore.ieee.org/abstract/document/10685373/,"https://scholar.google.com/scholar?cites=8708295670581517125&as_sdt=80005&sciodt=0,11&hl=en",1,2026-08-23 16:46:44,,,,,,,,,17,8.5,3,5,2.0,Phonocardiogram (PCG) signals generated by the heart contain information about heart conditions. This review examines how PCG analysis identifies and diagnoses heart issues …,https://ieeexplore.ieee.org/iel8/6287639/6514899/10685373.pdf,"https://scholar.google.com/scholar?q=related:RVsVHMYU2ngJ:scholar.google.com/&scioq=&hl=en&as_sdt=80005&sciodt=0,11",Automated system for the detection of heart anomalies using phonocardiograms: A systematic review,"A Gudigar, U Raghavendra, M Maithri, J Samanth…",2024,Phonocardiogram (PCG) signals generated by the heart contain information about heart conditions. This review examines how PCG analysis identifies and diagnoses heart issues …,IEEE …,Unknown,Unknown,Unclassified,2026-08-23 16:46:44,error,
P8,Detection of coronary artery atherosclerotic disease using novel features from synchrosqueezing transform of phonocardiogram,2020,"Pathak, Akanksha; Samanta, Pranab; Mandana, Kayapanda; Saha, Goutam",130,"F Khozeimeh, D Sharifrazi, NH Izadi, JH Joloudari…",RF-CNN-F: random forest with convolutional neural network features for coronary artery disease diagnosis based on cardiac magnetic resonance,2022.0,Scientific reports,nature.com,https://www.nature.com/articles/s41598-022-15374-5,"https://scholar.google.com/scholar?cites=1764127577190240870&as_sdt=80005&sciodt=0,11&hl=en",2,2026-08-23 16:46:44,HTML,,,,,,,,130,32.5,26,5,4.0,Coronary artery disease (CAD) is a prevalent disease with high morbidity and mortality rates. Invasive coronary angiography is the reference standard for diagnosing CAD but is …,https://www.nature.com/articles/s41598-022-15374-5,"https://scholar.google.com/scholar?q=related:ZhLlSK9wexgJ:scholar.google.com/&scioq=&hl=en&as_sdt=80005&sciodt=0,11",RF-CNN-F: random forest with convolutional neural network features for coronary artery disease diagnosis based on cardiac magnetic resonance,"F Khozeimeh, D Sharifrazi, NH Izadi, JH Joloudari…",2022,Coronary artery disease (CAD) is a prevalent disease with high morbidity and mortality rates. Invasive coronary angiography is the reference standard for diagnosing CAD but is …,Scientific reports,Unknown,Unknown,Unclassified,2026-08-23 16:46:44,error,
P8,Detection of coronary artery atherosclerotic disease using novel features from synchrosqueezing transform of phonocardiogram,2020,"Pathak, Akanksha; Samanta, Pranab; Mandana, Kayapanda; Saha, Goutam",67,"A Maity, A Pathak, G Saha",Transfer learning based heart valve disease classification from phonocardiogram signal,2023.0,Biomedical signal processing and control,Elsevier,https://www.sciencedirect.com/science/article/pii/S1746809423002380,"https://scholar.google.com/scholar?cites=7124526970628981024&as_sdt=80005&sciodt=0,11&hl=en",3,2026-08-23 16:46:44,,,,,,,,,67,22.33,22,3,3.0,Physiological conditions that prevent heart valves from functioning precisely to ensure proper blood circulation are known as heart valve disorder (HVD). Detection of HVD is …,,"https://scholar.google.com/scholar?q=related:IMEHTYhn32IJ:scholar.google.com/&scioq=&hl=en&as_sdt=80005&sciodt=0,11",Transfer learning based heart valve disease classification from phonocardiogram signal,"A Maity, A Pathak, G Saha",2023,Physiological conditions that prevent heart valves from functioning precisely to ensure proper blood circulation are known as heart valve disorder (HVD). Detection of HVD is …,Biomedical signal processing and control,Unknown,Unknown,Unclassified,2026-08-23 16:46:44,error,
P8,Detection of coronary artery atherosclerotic disease using novel features from synchrosqueezing transform of phonocardiogram,2020,"Pathak, Akanksha; Samanta, Pranab; Mandana, Kayapanda; Saha, Goutam",28,"H Zhang, F Tian, Y Tan, L Shen, J Liu…",An AI-assisted all-in-one integrated coronary artery disease diagnosis system using a portable heart sound sensor with an on-board executable lightweight model,2025.0,IEEE Transactions …,ieeexplore.ieee.org,https://ieeexplore.ieee.org/abstract/document/10909628/,"https://scholar.google.com/scholar?cites=710021318816306512&as_sdt=80005&sciodt=0,11&hl=en",4,2026-08-23 16:46:44,,,,,,,,,28,28.0,5,6,1.0,Heart sounds play a crucial role in assessing Coronary Artery Disease (CAD). The advancement of Artificial Intelligence (AI) technologies has given rise to Computer Audition …,,"https://scholar.google.com/scholar?q=related:UBUAq6CA2gkJ:scholar.google.com/&scioq=&hl=en&as_sdt=80005&sciodt=0,11",An AI-assisted all-in-one integrated coronary artery disease diagnosis system using a portable heart sound sensor with an on-board executable lightweight model,"H Zhang, F Tian, Y Tan, L Shen, J Liu…",2025,Heart sounds play a crucial role in assessing Coronary Artery Disease (CAD). The advancement of Artificial Intelligence (AI) technologies has given rise to Computer Audition …,IEEE Transactions …,Unknown,Unknown,Unclassified,2026-08-23 16:46:44,error,
P8,Detection of coronary artery atherosclerotic disease using novel features from synchrosqueezing transform of phonocardiogram,2020,"Pathak, Akanksha; Samanta, Pranab; Mandana, Kayapanda; Saha, Goutam",23,"C Sun, C Liu, X Wang, Y Liu, S Zhao",Coronary artery disease detection based on a novel multi-modal deep-coding method using ECG and PCG signals,2024.0,Sensors,mdpi.com,https://www.mdpi.com/1424-8220/24/21/6939,"https://scholar.google.com/scholar?cites=5843006524523813666&as_sdt=80005&sciodt=0,11&hl=en",5,2026-08-23 16:46:44,HTML,,,,,,,,23,11.5,5,5,2.0,Coronary artery disease (CAD) is an irreversible and fatal disease. It necessitates timely and precise diagnosis to slow CAD progression. Electrocardiogram (ECG) and …,https://www.mdpi.com/1424-8220/24/21/6939,"https://scholar.google.com/scholar?q=related:IhuI-nmHFlEJ:scholar.google.com/&scioq=&hl=en&as_sdt=80005&sciodt=0,11",Coronary artery disease detection based on a novel multi-modal deep-coding method using ECG and PCG signals,"C Sun, C Liu, X Wang, Y Liu, S Zhao",2024,Coronary artery disease (CAD) is an irreversible and fatal disease. It necessitates timely and precise diagnosis to slow CAD progression. Electrocardiogram (ECG) and …,Sensors,Unknown,Unknown,Unclassified,2026-08-23 16:46:44,error,
P8,Detection of coronary artery atherosclerotic disease using novel features from synchrosqueezing transform of phonocardiogram,2020,"Pathak, Akanksha; Samanta, Pranab; Mandana, Kayapanda; Saha, Goutam",21,"C Sun, X Liu, C Liu, X Wang, Y Liu, S Zhao, M Zhang","Enhanced cad detection using novel multi-modal learning: Integration of ecg, pcg, and coupling signals",2024.0,Bioengineering,mdpi.com,https://www.mdpi.com/2306-5354/11/11/1093,"https://scholar.google.com/scholar?cites=12973168336302238293&as_sdt=80005&sciodt=0,11&hl=en",6,2026-08-23 16:46:44,HTML,,,,,,,,21,10.5,3,7,2.0,Early and highly precise detection is essential for delaying the progression of coronary artery disease (CAD). Previous methods primarily based on single-modal data inherently …,https://www.mdpi.com/2306-5354/11/11/1093,"https://scholar.google.com/scholar?q=related:Veqj-N3zCbQJ:scholar.google.com/&scioq=&hl=en&as_sdt=80005&sciodt=0,11","Enhanced cad detection using novel multi-modal learning: Integration of ecg, pcg, and coupling signals","C Sun, X Liu, C Liu, X Wang, Y Liu, S Zhao, M Zhang",2024,Early and highly precise detection is essential for delaying the progression of coronary artery disease (CAD). Previous methods primarily based on single-modal data inherently …,Bioengineering,Unknown,Unknown,Unclassified,2026-08-23 16:46:44,error,
P8,Detection of coronary artery atherosclerotic disease using novel features from synchrosqueezing transform of phonocardiogram,2020,"Pathak, Akanksha; Samanta, Pranab; Mandana, Kayapanda; Saha, Goutam",0,"A Ainiwaer, TJAJ Konings, K Kadier, X Ma…",Coronary artery disease diagnosis with signal processing and machine learning of heart sound signals: a systematic review,2026.0,npj Digital …,nature.com,https://www.nature.com/articles/s41746-026-02530-8,,7,2026-08-23 16:46:44,,,,,,,,,0,0.0,0,5,1.0,Coronary artery disease (CAD) remains a major contributor to morbidity and mortality worldwide. Heart sound analysis has been investigated as a noninvasive approach to CAD …,https://www.nature.com/articles/s41746-026-02530-8_reference.pdf,"https://scholar.google.com/scholar?q=related:i82T2Kv5W7gJ:scholar.google.com/&scioq=&hl=en&as_sdt=80005&sciodt=0,11",Coronary artery disease diagnosis with signal processing and machine learning of heart sound signals: a systematic review,"A Ainiwaer, TJAJ Konings, K Kadier, X Ma…",2026,Coronary artery disease (CAD) remains a major contributor to morbidity and mortality worldwide. Heart sound analysis has been investigated as a noninvasive approach to CAD …,npj Digital …,Unknown,Unknown,Unclassified,2026-08-23 16:46:44,error,
P8,Detection of coronary artery atherosclerotic disease using novel features from synchrosqueezing transform of phonocardiogram,2020,"Pathak, Akanksha; Samanta, Pranab; Mandana, Kayapanda; Saha, Goutam",4,"MK Nath, SS Dash, K Mookkandi",Towards intelligent phonocardiogram analysis: Advances and future perspectives in cardiovascular disease detection,2026.0,Engineering Applications of Artificial …,Elsevier,https://www.sciencedirect.com/science/article/pii/S0952197625033780,"https://scholar.google.com/scholar?cites=4460205589578286002&as_sdt=80005&sciodt=0,11&hl=en",8,2026-08-23 16:46:44,,,,,,,,,4,4.0,1,3,1.0,"Abstract Phonocardiogram (PCG), electrocardiogram (ECG), and ballistocardiogram (BCG) are the non-stationary digital signals used in clinics for identifying various heart related …",,"https://scholar.google.com/scholar?q=related:soMGQFrV5T0J:scholar.google.com/&scioq=&hl=en&as_sdt=80005&sciodt=0,11",Towards intelligent phonocardiogram analysis: Advances and future perspectives in cardiovascular disease detection,"MK Nath, SS Dash, K Mookkandi",2026,"Abstract Phonocardiogram (PCG), electrocardiogram (ECG), and ballistocardiogram (BCG) are the non-stationary digital signals used in clinics for identifying various heart related …",Engineering Applications of Artificial …,Unknown,Unknown,Unclassified,2026-08-23 16:46:44,error,
P8,Detection of coronary artery atherosclerotic disease using novel features from synchrosqueezing transform of phonocardiogram,2020,"Pathak, Akanksha; Samanta, Pranab; Mandana, Kayapanda; Saha, Goutam",56,"A Pathak, K Mandana, G Saha",Ensembled transfer learning and multiple kernel learning for phonocardiogram based atherosclerotic coronary artery disease detection,2022.0,IEEE Journal of Biomedical …,ieeexplore.ieee.org,https://ieeexplore.ieee.org/abstract/document/9669106/,"https://scholar.google.com/scholar?cites=3258735548767970850&as_sdt=80005&sciodt=0,11&hl=en",9,2026-08-23 16:46:44,,,,,,,,,56,14.0,19,3,4.0,"Conventional machine learning has paved the way for a simple, affordable, non-invasive approach for Coronary artery disease (CAD) detection using phonocardiogram (PCG). It …",,"https://scholar.google.com/scholar?q=related:IqZAUbdaOS0J:scholar.google.com/&scioq=&hl=en&as_sdt=80005&sciodt=0,11",Ensembled transfer learning and multiple kernel learning for phonocardiogram based atherosclerotic coronary artery disease detection,"A Pathak, K Mandana, G Saha",2022,"Conventional machine learning has paved the way for a simple, affordable, non-invasive approach for Coronary artery disease (CAD) detection using phonocardiogram (PCG). It …",IEEE Journal of Biomedical …,Unknown,Unknown,Unclassified,2026-08-23 16:46:44,error,
P8,Detection of coronary artery atherosclerotic disease using novel features from synchrosqueezing transform of phonocardiogram,2020,"Pathak, Akanksha; Samanta, Pranab; Mandana, Kayapanda; Saha, Goutam",56,"K Iqtidar, U Qamar, S Aziz, MU Khan",Phonocardiogram signal analysis for classification of Coronary Artery Diseases using MFCC and 1D adaptive local ternary patterns,2021.0,Computers in Biology and Medicine,Elsevier,https://www.sciencedirect.com/science/article/pii/S0010482521007204,"https://scholar.google.com/scholar?cites=9833873827549311062&as_sdt=80005&sciodt=0,11&hl=en",10,2026-08-23 16:46:44,,,,,,,,,56,11.2,14,4,5.0,Abstract Coronary Artery Diseases (CADs) are a dominant cause of worldwide fatalities. The development of accurate and timely diagnosis routines is imperative to reduce these risks …,https://www.researchgate.net/profile/Sumair-Aziz/publication/355162111_Phonocardiogram_Signal_Analysis_for_Classification_of_Coronary_Artery_Diseases_using_MFCC_and_1D_Adaptive_Local_Ternary_Patterns/links/67a8a4a1645ef274a478a103/Phonocardiogram-Signal-Analysis-for-Classification-of-Coronary-Artery-Diseases-using-MFCC-and-1D-Adaptive-Local-Ternary-Patterns.pdf,"https://scholar.google.com/scholar?q=related:VnAW4STweIgJ:scholar.google.com/&scioq=&hl=en&as_sdt=80005&sciodt=0,11",Phonocardiogram signal analysis for classification of Coronary Artery Diseases using MFCC and 1D adaptive local ternary patterns,"K Iqtidar, U Qamar, S Aziz, MU Khan",2021,Abstract Coronary Artery Diseases (CADs) are a dominant cause of worldwide fatalities. The development of accurate and timely diagnosis routines is imperative to reduce these risks …,Computers in Biology and Medicine,Unknown,Unknown,Unclassified,2026-08-23 16:46:44,error,
P8,Detection of coronary artery atherosclerotic disease using novel features from synchrosqueezing transform of phonocardiogram,2020,"Pathak, Akanksha; Samanta, Pranab; Mandana, Kayapanda; Saha, Goutam",42,"S Nahak, A Pathak, G Saha",Evaluation of handcrafted features and learned representations for the classification of arrhythmia and congestive heart failure in ECG,2023.0,Biomedical Signal Processing and Control,Elsevier,https://www.sciencedirect.com/science/article/pii/S174680942200684X,"https://scholar.google.com/scholar?cites=17760543669472634392&as_sdt=80005&sciodt=0,11&hl=en",11,2026-08-23 16:46:44,,,,,,,,,42,14.0,14,3,3.0,"Electrocardiogram (ECG) is considered as an essential diagnostic tool to investigate life-threatening cardiac abnormalities, such as arrhythmia and congestive heart failure. It is …",,"https://scholar.google.com/scholar?q=related:GKa6NF4gevYJ:scholar.google.com/&scioq=&hl=en&as_sdt=80005&sciodt=0,11",Evaluation of handcrafted features and learned representations for the classification of arrhythmia and congestive heart failure in ECG,"S Nahak, A Pathak, G Saha",2023,"Electrocardiogram (ECG) is considered as an essential diagnostic tool to investigate life-threatening cardiac abnormalities, such as arrhythmia and congestive heart failure. It is …",Biomedical Signal Processing and Control,Unknown,Unknown,Unclassified,2026-08-23 16:46:44,error,
P8,Detection of coronary artery atherosclerotic disease using novel features from synchrosqueezing transform of phonocardiogram,2020,"Pathak, Akanksha; Samanta, Pranab; Mandana, Kayapanda; Saha, Goutam",13,"A Maity, G Saha",Enhancing cross-domain robustness in phonocardiogram signal classification using domain-invariant preprocessing and transfer learning,2024.0,Computer methods and programs in biomedicine,Elsevier,https://www.sciencedirect.com/science/article/pii/S0169260724004553,"https://scholar.google.com/scholar?cites=16002312569823237532&as_sdt=80005&sciodt=0,11&hl=en",12,2026-08-23 16:46:44,,,,,,,,,13,6.5,7,2,2.0,Background and objective: Phonocardiogram (PCG) signal analysis is a non-invasive and cost-efficient approach for diagnosing cardiovascular diseases. Existing PCG-based …,,"https://scholar.google.com/scholar?q=related:nBUVlX-iE94J:scholar.google.com/&scioq=&hl=en&as_sdt=80005&sciodt=0,11",Enhancing cross-domain robustness in phonocardiogram signal classification using domain-invariant preprocessing and transfer learning,"A Maity, G Saha",2024,Background and objective: Phonocardiogram (PCG) signal analysis is a non-invasive and cost-efficient approach for diagnosing cardiovascular diseases. Existing PCG-based …,Computer methods and programs in biomedicine,Unknown,Unknown,Unclassified,2026-08-23 16:46:44,error,
P8,Detection of coronary artery atherosclerotic disease using novel features from synchrosqueezing transform of phonocardiogram,2020,"Pathak, Akanksha; Samanta, Pranab; Mandana, Kayapanda; Saha, Goutam",13,"M Fynn, K Mandana, J Rashid, S Nordholm…",Practicality meets precision: Wearable vest with integrated multi-channel PCG sensors for effective coronary artery disease pre-screening,2025.0,Computers in Biology …,Elsevier,https://www.sciencedirect.com/science/article/pii/S0010482525002550,"https://scholar.google.com/scholar?cites=13177228951394884536&as_sdt=80005&sciodt=0,11&hl=en",13,2026-08-23 16:46:44,HTML,,,,,,,,13,13.0,3,5,1.0,"The leading cause of mortality and morbidity worldwide is cardiovascular disease (CVD), with coronary artery disease (CAD) being the largest sub-category. Unfortunately …",https://www.sciencedirect.com/science/article/pii/S0010482525002550,"https://scholar.google.com/scholar?q=related:uJviU-rr3rYJ:scholar.google.com/&scioq=&hl=en&as_sdt=80005&sciodt=0,11",Practicality meets precision: Wearable vest with integrated multi-channel PCG sensors for effective coronary artery disease pre-screening,"M Fynn, K Mandana, J Rashid, S Nordholm…",2025,"The leading cause of mortality and morbidity worldwide is cardiovascular disease (CVD), with coronary artery disease (CAD) being the largest sub-category. Unfortunately …",Computers in Biology …,Unknown,Unknown,Unclassified,2026-08-23 16:46:44,error,
P8,Detection of coronary artery atherosclerotic disease using novel features from synchrosqueezing transform of phonocardiogram,2020,"Pathak, Akanksha; Samanta, Pranab; Mandana, Kayapanda; Saha, Goutam",32,"N Giordano, S Rosati, G Balestra, M Knaflitz",A wearable multi-sensor array enables the recording of heart sounds in homecare,2023.0,Sensors,mdpi.com,https://www.mdpi.com/1424-8220/23/13/6241,"https://scholar.google.com/scholar?cites=5693566449251539645&as_sdt=80005&sciodt=0,11&hl=en",14,2026-08-23 16:46:44,HTML,,,,,,,,32,10.67,8,4,3.0,"The home monitoring of patients affected by chronic heart failure (CHF) is of key importance in preventing acute episodes. Nevertheless, no wearable technological solution exists to …",https://www.mdpi.com/1424-8220/23/13/6241,"https://scholar.google.com/scholar?q=related:vVq4EIWcA08J:scholar.google.com/&scioq=&hl=en&as_sdt=80005&sciodt=0,11",A wearable multi-sensor array enables the recording of heart sounds in homecare,"N Giordano, S Rosati, G Balestra, M Knaflitz",2023,"The home monitoring of patients affected by chronic heart failure (CHF) is of key importance in preventing acute episodes. Nevertheless, no wearable technological solution exists to …",Sensors,Unknown,Unknown,Unclassified,2026-08-23 16:46:44,error,
P8,Detection of coronary artery atherosclerotic disease using novel features from synchrosqueezing transform of phonocardiogram,2020,"Pathak, Akanksha; Samanta, Pranab; Mandana, Kayapanda; Saha, Goutam",42,"L Zhang, Y Lv, W Huang, C Yi",Bearing fault diagnosis under various operation conditions using synchrosqueezing transform and improved two-dimensional convolutional neural network,2022.0,Measurement Science and …,iopscience.iop.org,https://iopscience.iop.org/article/10.1088/1361-6501/ac69b1/meta,"https://scholar.google.com/scholar?cites=14787055563936649982&as_sdt=80005&sciodt=0,11&hl=en",15,2026-08-23 16:46:44,,10.1088/1361-6501/ac69b1,,,,,,,42,10.5,11,4,4.0,"In real-world industrial applications, bearings are typically operated under variable speeds and loads depending on the production condition, which results in nonstationary vibration …",,"https://scholar.google.com/scholar?q=related:_lJosrAsNs0J:scholar.google.com/&scioq=&hl=en&as_sdt=80005&sciodt=0,11",Bearing fault diagnosis under various operation conditions using synchrosqueezing transform and improved two-dimensional convolutional neural network,"L Zhang, Y Lv, W Huang, C Yi",2022,"In real-world industrial applications, bearings are typically operated under variable speeds and loads depending on the production condition, which results in nonstationary vibration …",Measurement Science and …,Unknown,Unknown,Unclassified,2026-08-23 16:46:44,error,
P8,Detection of coronary artery atherosclerotic disease using novel features from synchrosqueezing transform of phonocardiogram,2020,"Pathak, Akanksha; Samanta, Pranab; Mandana, Kayapanda; Saha, Goutam",24,"SK Prabhakar, DO Won",Phonocardiogram signal classification for the detection of heart valve diseases using robust conglomerated models,2023.0,Expert Systems with Applications,Elsevier,https://www.sciencedirect.com/science/article/pii/S095741742300221X,"https://scholar.google.com/scholar?cites=3044109084090270085&as_sdt=80005&sciodt=0,11&hl=en",16,2026-08-23 16:46:44,,,,,,,,,24,8.0,12,2,3.0,The diagnosis of cardiovascular diseases is quite important in the field of medical community. An important physiological signal of human body is heart sound and it arises …,,"https://scholar.google.com/scholar?q=related:hYG9ZhXZPioJ:scholar.google.com/&scioq=&hl=en&as_sdt=80005&sciodt=0,11",Phonocardiogram signal classification for the detection of heart valve diseases using robust conglomerated models,"SK Prabhakar, DO Won",2023,The diagnosis of cardiovascular diseases is quite important in the field of medical community. An important physiological signal of human body is heart sound and it arises …,Expert Systems with Applications,Unknown,Unknown,Unclassified,2026-08-23 16:46:44,error,
P8,Detection of coronary artery atherosclerotic disease using novel features from synchrosqueezing transform of phonocardiogram,2020,"Pathak, Akanksha; Samanta, Pranab; Mandana, Kayapanda; Saha, Goutam",14,"SA Singh, ND Devi, KN Singh, K Thongam…",An ensemble-based transfer learning model for predicting the imbalance heart sound signal using spectrogram images,2024.0,Multimedia Tools and …,Springer,https://link.springer.com/article/10.1007/s11042-023-17186-9,"https://scholar.google.com/scholar?cites=10849871588719315389&as_sdt=80005&sciodt=0,11&hl=en",17,2026-08-23 16:46:44,,10.1007/s11042-023-17186-9,,,,,,,14,7.0,3,5,2.0,"Heart sound signal analysis is an important area in healthcare, and the detection of imbalanced heart sounds can provide valuable diagnostic information. However, due to …",,"https://scholar.google.com/scholar?q=related:vck3kLl8kpYJ:scholar.google.com/&scioq=&hl=en&as_sdt=80005&sciodt=0,11",An ensemble-based transfer learning model for predicting the imbalance heart sound signal using spectrogram images,"SA Singh, ND Devi, KN Singh, K Thongam…",2024,"Heart sound signal analysis is an important area in healthcare, and the detection of imbalanced heart sounds can provide valuable diagnostic information. However, due to …",Multimedia Tools and …,Unknown,Unknown,Unclassified,2026-08-23 16:46:44,error,
P8,Detection of coronary artery atherosclerotic disease using novel features from synchrosqueezing transform of phonocardiogram,2020,"Pathak, Akanksha; Samanta, Pranab; Mandana, Kayapanda; Saha, Goutam",8,"I Puspasari, N Ahmadi, M Pramudyo…",Automated acute myocardial infarction detection using machine learning from phonocardiogram,2024.0,IEEE …,ieeexplore.ieee.org,https://ieeexplore.ieee.org/abstract/document/10741566/,"https://scholar.google.com/scholar?cites=504504464191025980&as_sdt=80005&sciodt=0,11&hl=en",18,2026-08-23 16:46:44,,,,,,,,,8,4.0,2,4,2.0,"Early detection of myocardial infarction (MI) is critical due to rapid heart muscle deterioration. Current diagnosis relies on electrocardiogram (ECG) and troponin tests, but troponin tests …",https://ieeexplore.ieee.org/iel8/6287639/6514899/10741566.pdf,"https://scholar.google.com/scholar?q=related:PHO0HyNcAAcJ:scholar.google.com/&scioq=&hl=en&as_sdt=80005&sciodt=0,11",Automated acute myocardial infarction detection using machine learning from phonocardiogram,"I Puspasari, N Ahmadi, M Pramudyo…",2024,"Early detection of myocardial infarction (MI) is critical due to rapid heart muscle deterioration. Current diagnosis relies on electrocardiogram (ECG) and troponin tests, but troponin tests …",IEEE …,Unknown,Unknown,Unclassified,2026-08-23 16:46:44,error,
P8,Detection of coronary artery atherosclerotic disease using novel features from synchrosqueezing transform of phonocardiogram,2020,"Pathak, Akanksha; Samanta, Pranab; Mandana, Kayapanda; Saha, Goutam",18,"Y Huang, H Li, R Tao, W Han, P Zhang, X Yu…",A customized framework for coronary artery disease detection using phonocardiogram signals,2022.0,… Signal Processing and …,Elsevier,https://www.sciencedirect.com/science/article/pii/S1746809422004815,"https://scholar.google.com/scholar?cites=13939186648084074634&as_sdt=80005&sciodt=0,11&hl=en",19,2026-08-23 16:46:44,,,,,,,,,18,4.5,3,7,4.0,"Phonocardiogram (PCG) auscultation is one of the most commonly used methods for coronary artery disease (CAD) detection. However, its detection accuracy is influenced by …",https://drive.google.com/file/d/1C8aeQy_Bj9HTZJo0_sxmua48e5n4fpsZ/view,"https://scholar.google.com/scholar?q=related:ilDrSGfwccEJ:scholar.google.com/&scioq=&hl=en&as_sdt=80005&sciodt=0,11",A customized framework for coronary artery disease detection using phonocardiogram signals,"Y Huang, H Li, R Tao, W Han, P Zhang, X Yu…",2022,"Phonocardiogram (PCG) auscultation is one of the most commonly used methods for coronary artery disease (CAD) detection. However, its detection accuracy is influenced by …",… Signal Processing and …,Unknown,Unknown,Unclassified,2026-08-23 16:46:44,error,
P8,Detection of coronary artery atherosclerotic disease using novel features from synchrosqueezing transform of phonocardiogram,2020,"Pathak, Akanksha; Samanta, Pranab; Mandana, Kayapanda; Saha, Goutam",3,VM Shervegar,Heart sound classification technique for early CVD detection using improved wavelet time scattering and discriminant analysis classifiers,2025.0,Informatics and Health,Elsevier,https://www.sciencedirect.com/science/article/pii/S2949953425000037,"https://scholar.google.com/scholar?cites=18424169949184176906&as_sdt=80005&sciodt=0,11&hl=en",20,2026-08-23 16:46:44,HTML,,,,,,,,3,3.0,3,1,1.0,"Objective PCG represents the acoustic replay of heart sounds from the cardiac structure. To detect and analyse the different conditions of the heart, heart sound signals are essential …",https://www.sciencedirect.com/science/article/pii/S2949953425000037,"https://scholar.google.com/scholar?q=related:CrOMDvTMr_8J:scholar.google.com/&scioq=&hl=en&as_sdt=80005&sciodt=0,11",Heart sound classification technique for early CVD detection using improved wavelet time scattering and discriminant analysis classifiers,VM Shervegar,2025,"Objective PCG represents the acoustic replay of heart sounds from the cardiac structure. To detect and analyse the different conditions of the heart, heart sound signals are essential …",Informatics and Health,Unknown,Unknown,Unclassified,2026-08-23 16:46:44,error,
P8,Detection of coronary artery atherosclerotic disease using novel features from synchrosqueezing transform of phonocardiogram,2020,"Pathak, Akanksha; Samanta, Pranab; Mandana, Kayapanda; Saha, Goutam",13,"M Fynn, S Nordholm, Y Rong",Coherence function and adaptive noise cancellation performance of an acoustic sensor system for use in detecting coronary artery disease,2022.0,Sensors,mdpi.com,https://www.mdpi.com/1424-8220/22/17/6591,"https://scholar.google.com/scholar?cites=10463380878119767601&as_sdt=80005&sciodt=0,11&hl=en",21,2026-08-23 16:46:44,HTML,,,,,,,,13,3.25,4,3,4.0,"Adaptive noise cancellation is a useful linear technique to attenuate unwanted background noise that cannot be removed using traditional frequency-selective filters. Usually, this is due …",https://www.mdpi.com/1424-8220/22/17/6591,"https://scholar.google.com/scholar?q=related:MY7xpXhlNZEJ:scholar.google.com/&scioq=&hl=en&as_sdt=80005&sciodt=0,11",Coherence function and adaptive noise cancellation performance of an acoustic sensor system for use in detecting coronary artery disease,"M Fynn, S Nordholm, Y Rong",2022,"Adaptive noise cancellation is a useful linear technique to attenuate unwanted background noise that cannot be removed using traditional frequency-selective filters. Usually, this is due …",Sensors,Unknown,Unknown,Unclassified,2026-08-23 16:46:44,error,
P8,Detection of coronary artery atherosclerotic disease using novel features from synchrosqueezing transform of phonocardiogram,2020,"Pathak, Akanksha; Samanta, Pranab; Mandana, Kayapanda; Saha, Goutam",6,"I Puspasari, TLR Mengko, AW Setiawan…",Automated classification of myocardial infarction based on auscultation position using random forest,2024.0,… in Information and …,ieeexplore.ieee.org,https://ieeexplore.ieee.org/abstract/document/10463493/,"https://scholar.google.com/scholar?cites=16263018057049246311&as_sdt=80005&sciodt=0,11&hl=en",22,2026-08-23 16:46:44,,,,,,,,,6,3.0,2,4,2.0,Myocardial Infarction is a disease requiring immediate treatment. ECG examination has the disadvantage of diagnosing MI signals. This research used phonocardiogram signals to …,,"https://scholar.google.com/scholar?q=related:Zwov-sHYseEJ:scholar.google.com/&scioq=&hl=en&as_sdt=80005&sciodt=0,11",Automated classification of myocardial infarction based on auscultation position using random forest,"I Puspasari, TLR Mengko, AW Setiawan…",2024,Myocardial Infarction is a disease requiring immediate treatment. ECG examination has the disadvantage of diagnosing MI signals. This research used phonocardiogram signals to …,… in Information and …,Unknown,Unknown,Unclassified,2026-08-23 16:46:44,error,
P8,Detection of coronary artery atherosclerotic disease using novel features from synchrosqueezing transform of phonocardiogram,2020,"Pathak, Akanksha; Samanta, Pranab; Mandana, Kayapanda; Saha, Goutam",7,"O Karabiber Cura, A Akan…",Classification of epileptic and psychogenic nonepileptic seizures via time–frequency features of EEG data,2023.0,International Journal of …,World Scientific,https://www.worldscientific.com/doi/abs/10.1142/S0129065723500454,"https://scholar.google.com/scholar?cites=10443271866559213527&as_sdt=80005&sciodt=0,11&hl=en",23,2026-08-23 16:46:44,,10.1142/S0129065723500454,,,,,,,7,2.33,2,3,3.0,"The majority of psychogenic nonepileptic seizures (PNESs) are brought on by psychogenic causes, but because their symptoms resemble those of epilepsy, they are frequently …",,"https://scholar.google.com/scholar?q=related:168Xi2707ZAJ:scholar.google.com/&scioq=&hl=en&as_sdt=80005&sciodt=0,11",Classification of epileptic and psychogenic nonepileptic seizures via time–frequency features of EEG data,"O Karabiber Cura, A Akan…",2023,"The majority of psychogenic nonepileptic seizures (PNESs) are brought on by psychogenic causes, but because their symptoms resemble those of epilepsy, they are frequently …",International Journal of …,Unknown,Unknown,Unclassified,2026-08-23 16:46:44,error,
P8,Detection of coronary artery atherosclerotic disease using novel features from synchrosqueezing transform of phonocardiogram,2020,"Pathak, Akanksha; Samanta, Pranab; Mandana, Kayapanda; Saha, Goutam",5,VM Shervegar,Heart sound classification using wavelet scattering transform and support vector machine,2023.0,Intelligent Data Analysis,journals.sagepub.com,https://journals.sagepub.com/doi/abs/10.3233/IDA-237432,"https://scholar.google.com/scholar?cites=8112202830323997062&as_sdt=80005&sciodt=0,11&hl=en",24,2026-08-23 16:46:44,,10.3233/IDA-237432,,,,,,,5,1.67,5,1,3.0,OBJECTIVE: A representation of the sound recordings that are associated with the movement of the entire cardiac structure is termed the Phonocardiogram (PCG) signal. In …,,"https://scholar.google.com/scholar?q=related:hllhb35VlHAJ:scholar.google.com/&scioq=&hl=en&as_sdt=80005&sciodt=0,11",Heart sound classification using wavelet scattering transform and support vector machine,VM Shervegar,2023,OBJECTIVE: A representation of the sound recordings that are associated with the movement of the entire cardiac structure is termed the Phonocardiogram (PCG) signal. In …,Intelligent Data Analysis,Unknown,Unknown,Unclassified,2026-08-23 16:46:44,error,
P8,Detection of coronary artery atherosclerotic disease using novel features from synchrosqueezing transform of phonocardiogram,2020,"Pathak, Akanksha; Samanta, Pranab; Mandana, Kayapanda; Saha, Goutam",0,"I Puspasari, N Watanabe, M Ohwada, N Ahmadi…",Improved accuracy of PCG signal classification for myocardial infarction biomarker using automatic feature selection and boosting process,2026.0,Scientific Reports,nature.com,https://www.nature.com/articles/s41598-026-63214-7,,25,2026-08-23 16:46:44,,,,,,,,,0,0.0,0,5,1.0,"Myocardial infarction (MI) is a leading global health concern, typically diagnosed using ECG, biomarkers, or imaging, which costly or unavailable in low-resource settings. This study …",https://www.nature.com/articles/s41598-026-63214-7_reference.pdf,"https://scholar.google.com/scholar?q=related:xXHpsFI50bYJ:scholar.google.com/&scioq=&hl=en&as_sdt=80005&sciodt=0,11",Improved accuracy of PCG signal classification for myocardial infarction biomarker using automatic feature selection and boosting process,"I Puspasari, N Watanabe, M Ohwada, N Ahmadi…",2026,"Myocardial infarction (MI) is a leading global health concern, typically diagnosed using ECG, biomarkers, or imaging, which costly or unavailable in low-resource settings. This study …",Scientific Reports,Unknown,Unknown,Unclassified,2026-08-23 16:46:44,error,
P8,Detection of coronary artery atherosclerotic disease using novel features from synchrosqueezing transform of phonocardiogram,2020,"Pathak, Akanksha; Samanta, Pranab; Mandana, Kayapanda; Saha, Goutam",0,"M Fynn, M Marocchi, J Rashid, Y Rong, G Saha…",Non-Invasive Detection of Coronary Artery Disease Using Wearable Vest with Integrated Phonocardiogram Sensors,2026.0,Journal of Vascular …,mdpi.com,https://www.mdpi.com/2813-2475/5/2/11,,26,2026-08-23 16:46:44,HTML,,,,,,,,0,0.0,0,6,1.0,"Background: Cardiovascular disease (CVD) remains the leading cause of death and disability worldwide. Among its subtypes, coronary artery disease (CAD) is the most …",https://www.mdpi.com/2813-2475/5/2/11,"https://scholar.google.com/scholar?q=related:Yomhca-TveIJ:scholar.google.com/&scioq=&hl=en&as_sdt=80005&sciodt=0,11",Non-Invasive Detection of Coronary Artery Disease Using Wearable Vest with Integrated Phonocardiogram Sensors,"M Fynn, M Marocchi, J Rashid, Y Rong, G Saha…",2026,"Background: Cardiovascular disease (CVD) remains the leading cause of death and disability worldwide. Among its subtypes, coronary artery disease (CAD) is the most …",Journal of Vascular …,Unknown,Unknown,Unclassified,2026-08-23 16:46:44,error,
P8,Detection of coronary artery atherosclerotic disease using novel features from synchrosqueezing transform of phonocardiogram,2020,"Pathak, Akanksha; Samanta, Pranab; Mandana, Kayapanda; Saha, Goutam",0,"F Chen, R Wang, P Shi, C Ma, G Wang…",REM-Net: MEMS-Based Synchronized PCG-ECG Analysis Framework for High-Precision CAD Diagnosis,2025.0,IEEE Transactions …,ieeexplore.ieee.org,https://ieeexplore.ieee.org/abstract/document/11082491/,,27,2026-08-23 16:46:44,,,,,,,,,0,0.0,0,6,1.0,Early detection of coronary artery disease (CAD) demands both high-fidelity signal acquisition and sophisticated analysis methods to capture subtle cardiac abnormalities …,,"https://scholar.google.com/scholar?q=related:1_0uGym1HJ0J:scholar.google.com/&scioq=&hl=en&as_sdt=80005&sciodt=0,11",REM-Net: MEMS-Based Synchronized PCG-ECG Analysis Framework for High-Precision CAD Diagnosis,"F Chen, R Wang, P Shi, C Ma, G Wang…",2025,Early detection of coronary artery disease (CAD) demands both high-fidelity signal acquisition and sophisticated analysis methods to capture subtle cardiac abnormalities …,IEEE Transactions …,Unknown,Unknown,Unclassified,2026-08-23 16:46:44,error,
P8,Detection of coronary artery atherosclerotic disease using novel features from synchrosqueezing transform of phonocardiogram,2020,"Pathak, Akanksha; Samanta, Pranab; Mandana, Kayapanda; Saha, Goutam",4,"Y Rong, M Fynn, S Nordholm",9 A Pre-Screening,2024.0,Non-invasive health systems …,books.google.com,https://books.google.com/books?hl=en&lr=&id=oubvEAAAQBAJ&oi=fnd&pg=PA172&ots=zofu-YG4RZ&sig=TzSyF9zUCmsp-45Wukd2t4oaVfw,"https://scholar.google.com/scholar?cites=6131195564503021974&as_sdt=80005&sciodt=0,11&hl=en",28,2026-08-23 16:46:44,,,,,,,,,4,2.0,1,3,2.0,"Cardiovascular disease (CVD) including coronary artery disease (CAD) is the leading cause of mortality and morbidity in the world [1], contributing 31% towards all global deaths. Early …",https://ddfe.curtin.edu.au/yurong/CRC_Book_Chapter.pdf,"https://scholar.google.com/scholar?q=related:ljmnpuFhFlUJ:scholar.google.com/&scioq=&hl=en&as_sdt=80005&sciodt=0,11",9 A Pre-Screening,"Y Rong, M Fynn, S Nordholm",2024,"Cardiovascular disease (CVD) including coronary artery disease (CAD) is the leading cause of mortality and morbidity in the world [1], contributing 31% towards all global deaths. Early …",Non-invasive health systems …,Unknown,Unknown,Unclassified,2026-08-23 16:46:44,error,
P8,Detection of coronary artery atherosclerotic disease using novel features from synchrosqueezing transform of phonocardiogram,2020,"Pathak, Akanksha; Samanta, Pranab; Mandana, Kayapanda; Saha, Goutam",0,"A Maity, S Sinha, M Fynn, M Marocchi…",Multistage Fusion Framework for Coronary Artery Disease Detection from Multichannel Phonocardiogram,2025.0,… Conference on Pattern …,Springer,https://link.springer.com/chapter/10.1007/978-3-032-18480-1_17,,29,2026-08-23 16:46:44,,10.1007/978-3-032-18480-1_17,,,,,,,0,0.0,0,5,1.0,"Coronary artery disease (CAD) remains one of the leading causes of mortality worldwide. Phonocardiogram (PCG) signals offer a non-invasive, affordable, and accessible means for …",https://ddfe.curtin.edu.au/yurong/PReMI.pdf,"https://scholar.google.com/scholar?q=related:Er56hOt3oLAJ:scholar.google.com/&scioq=&hl=en&as_sdt=80005&sciodt=0,11",Multistage Fusion Framework for Coronary Artery Disease Detection from Multichannel Phonocardiogram,"A Maity, S Sinha, M Fynn, M Marocchi…",2025,"Coronary artery disease (CAD) remains one of the leading causes of mortality worldwide. Phonocardiogram (PCG) signals offer a non-invasive, affordable, and accessible means for …",… Conference on Pattern …,Unknown,Unknown,Unclassified,2026-08-23 16:46:44,error,
P8,Detection of coronary artery atherosclerotic disease using novel features from synchrosqueezing transform of phonocardiogram,2020,"Pathak, Akanksha; Samanta, Pranab; Mandana, Kayapanda; Saha, Goutam",0,"N Giordano, S Cannone, M Knaflitz…",Impact of the auscultation area on heart sound waveforms for the estimation of Cardiac Time Intervals,2025.0,2025 47th Annual …,ieeexplore.ieee.org,https://ieeexplore.ieee.org/abstract/document/11254057/,,30,2026-08-23 16:46:44,,,,,,,,,0,0.0,0,4,1.0,"Although clinicians still regard traditional auscultation as a key bedside assessment tool, interest in its digital counterpart has recently grown. Digitalizing heart sounds enables the …",,"https://scholar.google.com/scholar?q=related:BBWs9iLIOd0J:scholar.google.com/&scioq=&hl=en&as_sdt=80005&sciodt=0,11",Impact of the auscultation area on heart sound waveforms for the estimation of Cardiac Time Intervals,"N Giordano, S Cannone, M Knaflitz…",2025,"Although clinicians still regard traditional auscultation as a key bedside assessment tool, interest in its digital counterpart has recently grown. Digitalizing heart sounds enables the …",2025 47th Annual …,Unknown,Unknown,Unclassified,2026-08-23 16:46:44,error,
P8,Detection of coronary artery atherosclerotic disease using novel features from synchrosqueezing transform of phonocardiogram,2020,"Pathak, Akanksha; Samanta, Pranab; Mandana, Kayapanda; Saha, Goutam",0,"M Fynn, M Marocchi, A Maity…",Non-Invasive Detection of Coronary Artery Disease and Valvular Disorders Using a Multichannel PCG Vest,2025.0,2025 47th Annual …,ieeexplore.ieee.org,https://ieeexplore.ieee.org/abstract/document/11254510/,,31,2026-08-23 16:46:44,,,,,,,,,0,0.0,0,4,1.0,"Coronary artery disease (CAD) and valvular heart disorder (VHD) are major categories of cardiovascular disease (CVD), the leading cause of mortality and morbidity worldwide. CAD …",https://ddfe.curtin.edu.au/yurong/EMBC_Fynn.pdf,"https://scholar.google.com/scholar?q=related:4sD5EdYcbscJ:scholar.google.com/&scioq=&hl=en&as_sdt=80005&sciodt=0,11",Non-Invasive Detection of Coronary Artery Disease and Valvular Disorders Using a Multichannel PCG Vest,"M Fynn, M Marocchi, A Maity…",2025,"Coronary artery disease (CAD) and valvular heart disorder (VHD) are major categories of cardiovascular disease (CVD), the leading cause of mortality and morbidity worldwide. CAD …",2025 47th Annual …,Unknown,Unknown,Unclassified,2026-08-23 16:46:44,error,
P8,Detection of coronary artery atherosclerotic disease using novel features from synchrosqueezing transform of phonocardiogram,2020,"Pathak, Akanksha; Samanta, Pranab; Mandana, Kayapanda; Saha, Goutam",1,"A Souidi, SMEA Debbal…",The study of the impact of murmurs on heart sounds by using multiple signal classification pseudo-spectrum,2024.0,Polish Journal of Medical …,reference-global.com,https://reference-global.com/article/10.2478/pjmpe-2024-0011,"https://scholar.google.com/scholar?cites=335961571394180551&as_sdt=80005&sciodt=0,11&hl=en",32,2026-08-23 16:46:44,,10.2478/pjmpe-2024-0011,,,,,,,1,0.5,0,3,2.0,The aim of this study was to present a novel framework for the analysis of the impact of murmurs on heart sounds recorded in real clinical environment. Heart sound records were …,https://reference-global.com/download/article/10.2478/pjmpe-2024-0011.pdf,"https://scholar.google.com/scholar?q=related:x9Uh6USTqQQJ:scholar.google.com/&scioq=&hl=en&as_sdt=80005&sciodt=0,11",The study of the impact of murmurs on heart sounds by using multiple signal classification pseudo-spectrum,"A Souidi, SMEA Debbal…",2024,The aim of this study was to present a novel framework for the analysis of the impact of murmurs on heart sounds recorded in real clinical environment. Heart sound records were …,Polish Journal of Medical …,Unknown,Unknown,Unclassified,2026-08-23 16:46:44,error,
P8,Detection of coronary artery atherosclerotic disease using novel features from synchrosqueezing transform of phonocardiogram,2020,"Pathak, Akanksha; Samanta, Pranab; Mandana, Kayapanda; Saha, Goutam",2,"N Giordano, S Rosati, M Knaflitz…",Comparison of hierarchical and partitional clustering in multi-source phonocardiography,2022.0,2022 IEEE International …,ieeexplore.ieee.org,https://ieeexplore.ieee.org/abstract/document/9856547/,"https://scholar.google.com/scholar?cites=10260153027740340590&as_sdt=80005&sciodt=0,11&hl=en",33,2026-08-23 16:46:44,,,,,,,,,2,0.5,1,4,4.0,"Phonocardiography (PCG) has proved a valuable tool over the years to monitor the status of at-risk patients for some cardiovascular diseases. Its multi-source version, consisting of the …",,"https://scholar.google.com/scholar?q=related:bpGcb9FiY44J:scholar.google.com/&scioq=&hl=en&as_sdt=80005&sciodt=0,11",Comparison of hierarchical and partitional clustering in multi-source phonocardiography,"N Giordano, S Rosati, M Knaflitz…",2022,"Phonocardiography (PCG) has proved a valuable tool over the years to monitor the status of at-risk patients for some cardiovascular diseases. Its multi-source version, consisting of the …",2022 IEEE International …,Unknown,Unknown,Unclassified,2026-08-23 16:46:44,error,
P8,Detection of coronary artery atherosclerotic disease using novel features from synchrosqueezing transform of phonocardiogram,2020,"Pathak, Akanksha; Samanta, Pranab; Mandana, Kayapanda; Saha, Goutam",0,"M Saraswat, CLP Gupta",An Intelligent Systems for Heart Sound Signal Analysis,2025.0,2025 International Conference on …,ieeexplore.ieee.org,https://ieeexplore.ieee.org/abstract/document/11052108/,,34,2026-08-23 16:46:44,,,,,,,,,0,0.0,0,2,1.0,"Globally, heart failure is the leading cause of death. One of the first diagnostic techniques for examining the state of the heart is cardiac auscultation. The heart's mechanical activity …",,"https://scholar.google.com/scholar?q=related:FK3zpuCTbZwJ:scholar.google.com/&scioq=&hl=en&as_sdt=80005&sciodt=0,11",An Intelligent Systems for Heart Sound Signal Analysis,"M Saraswat, CLP Gupta",2025,"Globally, heart failure is the leading cause of death. One of the first diagnostic techniques for examining the state of the heart is cardiac auscultation. The heart's mechanical activity …",2025 International Conference on …,Unknown,Unknown,Unclassified,2026-08-23 16:46:44,error,
P8,Detection of coronary artery atherosclerotic disease using novel features from synchrosqueezing transform of phonocardiogram,2020,"Pathak, Akanksha; Samanta, Pranab; Mandana, Kayapanda; Saha, Goutam",0,"A Supani, S Nurmaini, RU Partan…",Deep Learning for Coronary Artery Stenosis Segmentation: A Preliminary Study,2025.0,… des Systemes d' …,researchgate.net,https://www.researchgate.net/profile/Ahyar-Supani/publication/395625353_Deep_Learning_for_Coronary_Artery_Stenosis_Segmentation_A_Preliminary_Study/links/691b5901de8143098271db34/Deep-Learning-for-Coronary-Artery-Stenosis-Segmentation-A-Preliminary-Study.pdf,,35,2026-08-23 16:46:44,PDF,,,,,,,,0,0.0,0,4,1.0,"Manual stenosis interpretation in X-ray Coronary Angiography (XCA) is often subjective and prone to high inter-observer variability, primarily due to the small diameter of coronary …",https://www.researchgate.net/profile/Ahyar-Supani/publication/395625353_Deep_Learning_for_Coronary_Artery_Stenosis_Segmentation_A_Preliminary_Study/links/691b5901de8143098271db34/Deep-Learning-for-Coronary-Artery-Stenosis-Segmentation-A-Preliminary-Study.pdf,"https://scholar.google.com/scholar?q=related:bFTJtjhhF7oJ:scholar.google.com/&scioq=&hl=en&as_sdt=80005&sciodt=0,11",Deep Learning for Coronary Artery Stenosis Segmentation: A Preliminary Study,"A Supani, S Nurmaini, RU Partan…",2025,"Manual stenosis interpretation in X-ray Coronary Angiography (XCA) is often subjective and prone to high inter-observer variability, primarily due to the small diameter of coronary …",… des Systemes d' …,Unknown,Unknown,Unclassified,2026-08-23 16:46:44,error,
P8,Detection of coronary artery atherosclerotic disease using novel features from synchrosqueezing transform of phonocardiogram,2020,"Pathak, Akanksha; Samanta, Pranab; Mandana, Kayapanda; Saha, Goutam",0,"M Adamopoulou, M Jiang, CJ Nnonyelu…",Improving Cardiac Auscultation Signal Quality by using 4-Channel Stethoscope Array,2024.0,2024 IEEE …,ieeexplore.ieee.org,https://ieeexplore.ieee.org/abstract/document/10560871/,,36,2026-08-23 16:46:44,,,,,,,,,0,0.0,0,4,2.0,"In cardiac auscultation, the ability to clearly hear any existing murmur sounds in heart sounds is crucial for proper diagnosis. This work aims to improve heart sound by the use of a …",,"https://scholar.google.com/scholar?q=related:fTIYXqjaEj4J:scholar.google.com/&scioq=&hl=en&as_sdt=80005&sciodt=0,11",Improving Cardiac Auscultation Signal Quality by using 4-Channel Stethoscope Array,"M Adamopoulou, M Jiang, CJ Nnonyelu…",2024,"In cardiac auscultation, the ability to clearly hear any existing murmur sounds in heart sounds is crucial for proper diagnosis. This work aims to improve heart sound by the use of a …",2024 IEEE …,Unknown,Unknown,Unclassified,2026-08-23 16:46:44,error,
P8,Detection of coronary artery atherosclerotic disease using novel features from synchrosqueezing transform of phonocardiogram,2020,"Pathak, Akanksha; Samanta, Pranab; Mandana, Kayapanda; Saha, Goutam",1,"Z Sabouri, A Ghadimi…",Effective features extraction by analyzing heart sound for identifying cardiovascular diseases related to COVID-19: A diagnostic model,2022.0,Proceedings of the …,journals.sagepub.com,https://journals.sagepub.com/doi/abs/10.1177/09544119221112523,"https://scholar.google.com/scholar?cites=12926149806649001149&as_sdt=80005&sciodt=0,11&hl=en",37,2026-08-23 16:46:44,,10.1177/09544119221112523,,,,,,,1,0.25,0,3,4.0,"Incidence and exacerbation of some of the cardiovascular diseases in the presence of the coronavirus will lead to an increase in the mortality rate among patients. Therefore, early …",,"https://scholar.google.com/scholar?q=related:vUTMcsPoYrMJ:scholar.google.com/&scioq=&hl=en&as_sdt=80005&sciodt=0,11",Effective features extraction by analyzing heart sound for identifying cardiovascular diseases related to COVID-19: A diagnostic model,"Z Sabouri, A Ghadimi…",2022,"Incidence and exacerbation of some of the cardiovascular diseases in the presence of the coronavirus will lead to an increase in the mortality rate among patients. Therefore, early …",Proceedings of the …,Unknown,Unknown,Unclassified,2026-08-23 16:46:44,error,
P8,Detection of coronary artery atherosclerotic disease using novel features from synchrosqueezing transform of phonocardiogram,2020,"Pathak, Akanksha; Samanta, Pranab; Mandana, Kayapanda; Saha, Goutam",1,"J Li, K Wang, C Ni, TR Lin",A multi-synchrosqueezing ridge extraction transform for the analysis of non-stationary multi-component signals,2021.0,2021 Global Reliability and …,ieeexplore.ieee.org,https://ieeexplore.ieee.org/abstract/document/9613112/,"https://scholar.google.com/scholar?cites=4221657928683586477&as_sdt=80005&sciodt=0,11&hl=en",38,2026-08-23 16:46:44,,,,,,,,,1,0.2,0,4,5.0,Condition monitoring (CM) signals of rotating machines operating under varying speed condition typically exhibit amplitude modulation and frequency modulation characteristics. A …,,"https://scholar.google.com/scholar?q=related:rYNl0oRXljoJ:scholar.google.com/&scioq=&hl=en&as_sdt=80005&sciodt=0,11",A multi-synchrosqueezing ridge extraction transform for the analysis of non-stationary multi-component signals,"J Li, K Wang, C Ni, TR Lin",2021,Condition monitoring (CM) signals of rotating machines operating under varying speed condition typically exhibit amplitude modulation and frequency modulation characteristics. A …,2021 Global Reliability and …,Unknown,Unknown,Unclassified,2026-08-23 16:46:44,error,
P8,Detection of coronary artery atherosclerotic disease using novel features from synchrosqueezing transform of phonocardiogram,2020,"Pathak, Akanksha; Samanta, Pranab; Mandana, Kayapanda; Saha, Goutam",0,VM Shervegar,Informatics and Health,,researchgate.net,,https://www.researchgate.net/profile/Vishwanath-Shervegar/publication/388890162_Heart_sound_classification_technique_for_early_CVD_detection_using_improved_wavelet_time_scattering_and_discriminant_analysis_classifiers/links/67ab9d928311ce680c5e6829/Heart-sound-classification-technique-for-early-CVD-detection-using-improved-wavelet-time-scattering-and-discriminant-analysis-classifiers.pdf,,39,2026-08-23 16:46:44,PDF,,,,,,,,0,0.0,0,1,,"Objective: PCG represents the acoustic replay of heart sounds from the cardiac structure. To detect and analyse the different conditions of the heart, heart sound signals are essential …",https://www.researchgate.net/profile/Vishwanath-Shervegar/publication/388890162_Heart_sound_classification_technique_for_early_CVD_detection_using_improved_wavelet_time_scattering_and_discriminant_analysis_classifiers/links/67ab9d928311ce680c5e6829/Heart-sound-classification-technique-for-early-CVD-detection-using-improved-wavelet-time-scattering-and-discriminant-analysis-classifiers.pdf,"https://scholar.google.com/scholar?q=related:Vq4Vx6nR3m8J:scholar.google.com/&scioq=&hl=en&as_sdt=80005&sciodt=0,11",Informatics and Health,VM Shervegar,0,"Objective: PCG represents the acoustic replay of heart sounds from the cardiac structure. To detect and analyse the different conditions of the heart, heart sound signals are essential …",researchgate.net,Unknown,Unknown,Unclassified,2026-08-23 16:46:44,error,
P8,Detection of coronary artery atherosclerotic disease using novel features from synchrosqueezing transform of phonocardiogram,2020,"Pathak, Akanksha; Samanta, Pranab; Mandana, Kayapanda; Saha, Goutam",0,"O Karabiber Cura, A Akan, HS TURE",Classification of Epileptic and Psychogenic Non-Epileptic Seizures by Using Time-Frequency Features of Eeg Signals,,Available at SSRN 4240637,,,,40,2026-08-23 16:46:44,CITATION,,,,,,,,0,0.0,0,3,,,,"https://scholar.google.com/scholar?q=related:p_IQC5bAbsoJ:scholar.google.com/&scioq=&hl=en&as_sdt=80005&sciodt=0,11",Classification of Epileptic and Psychogenic Non-Epileptic Seizures by Using Time-Frequency Features of Eeg Signals,"O Karabiber Cura, A Akan, HS TURE",0,,Available at SSRN 4240637,Unknown,Unknown,Unclassified,2026-08-23 16:46:44,error,
P9,A study on gait entropy image analysis for clothing invariant human identification,2017,"Nandy, Anup; Pathak, Akanksha; Chakraborty, Pavan",258,"JP Singh, S Jain, S Arora, UP Singh",Vision-based gait recognition: A survey,2018.0,Ieee Access,ieeexplore.ieee.org,https://ieeexplore.ieee.org/abstract/document/8528404/,"https://scholar.google.com/scholar?cites=9164831496959427764&as_sdt=80005&sciodt=0,11&hl=en",1,2026-08-23 16:47:24,,,,,,,,,258,32.25,65,4,8.0,"In the digital world of today, global security issues have given rise to video surveillance devices. Gait-based human recognition is an emerging behavioral biometric trait for …",https://ieeexplore.ieee.org/iel7/6287639/8274985/08528404.pdf,"https://scholar.google.com/scholar?q=related:tASUarAFMH8J:scholar.google.com/&scioq=&hl=en&as_sdt=80005&sciodt=0,11",Vision-based gait recognition: A survey,"JP Singh, S Jain, S Arora, UP Singh",2018,"In the digital world of today, global security issues have given rise to video surveillance devices. Gait-based human recognition is an emerging behavioral biometric trait for …",Ieee Access,Unknown,Unknown,Unclassified,2026-08-23 16:47:24,error,
P9,A study on gait entropy image analysis for clothing invariant human identification,2017,"Nandy, Anup; Pathak, Akanksha; Chakraborty, Pavan",74,"JP Singh, S Jain, S Arora, UP Singh",A Survey of Behavioral Biometric Gait Recognition: Current Success and Future Perspectives: JP Singh et al.,2021.0,Archives of Computational Methods …,Springer,https://link.springer.com/article/10.1007/s11831-019-09375-3,"https://scholar.google.com/scholar?cites=1522776536340440941&as_sdt=80005&sciodt=0,11&hl=en",2,2026-08-23 16:47:24,,10.1007/s11831-019-09375-3,,,,,,,74,14.8,19,4,5.0,"In today digital society, vulnerability to person authentication is a serious issue in real time scenarios like (airport, hospital, metro stations, etc.). This issue has increased the growth of …",,"https://scholar.google.com/scholar?q=related:bSffGDH9IRUJ:scholar.google.com/&scioq=&hl=en&as_sdt=80005&sciodt=0,11",A Survey of Behavioral Biometric Gait Recognition: Current Success and Future Perspectives: JP Singh et al.,"JP Singh, S Jain, S Arora, UP Singh",2021,"In today digital society, vulnerability to person authentication is a serious issue in real time scenarios like (airport, hospital, metro stations, etc.). This issue has increased the growth of …",Archives of Computational Methods …,Unknown,Unknown,Unclassified,2026-08-23 16:47:24,error,
P9,A study on gait entropy image analysis for clothing invariant human identification,2017,"Nandy, Anup; Pathak, Akanksha; Chakraborty, Pavan",66,"CC Charalambous, AA Bharath",A data augmentation methodology for training machine/deep learning gait recognition algorithms,2016.0,arXiv preprint arXiv:1610.07570,arxiv.org,https://arxiv.org/abs/1610.07570,"https://scholar.google.com/scholar?cites=2328976617136669959&as_sdt=80005&sciodt=0,11&hl=en",3,2026-08-23 16:47:24,,,,,,,,,66,6.6,33,2,10.0,"There are several confounding factors that can reduce the accuracy of gait recognition systems. These factors can reduce the distinctiveness, or alter the features used to …",https://arxiv.org/pdf/1610.07570,"https://scholar.google.com/scholar?q=related:B0Wf0uQvUiAJ:scholar.google.com/&scioq=&hl=en&as_sdt=80005&sciodt=0,11",A data augmentation methodology for training machine/deep learning gait recognition algorithms,"CC Charalambous, AA Bharath",2016,"There are several confounding factors that can reduce the accuracy of gait recognition systems. These factors can reduce the distinctiveness, or alter the features used to …",arXiv preprint arXiv:1610.07570,Unknown,Unknown,Unclassified,2026-08-23 16:47:24,error,
P9,A study on gait entropy image analysis for clothing invariant human identification,2017,"Nandy, Anup; Pathak, Akanksha; Chakraborty, Pavan",33,"R Anusha, CD Jaidhar",Clothing invariant human gait recognition using modified local optimal oriented pattern binary descriptor,2020.0,Multimedia Tools and Applications,Springer,https://link.springer.com/article/10.1007/s11042-019-08400-8,"https://scholar.google.com/scholar?cites=5207326006574438223&as_sdt=80005&sciodt=0,11&hl=en",4,2026-08-23 16:47:24,,10.1007/s11042-019-08400-8,,,,,,,33,5.5,17,2,6.0,Human gait is a behavioral characteristic which has received a large amount of consideration in recent times as a biometric identifier. The clothing variance is one of the …,,"https://scholar.google.com/scholar?q=related:T9eF02kjREgJ:scholar.google.com/&scioq=&hl=en&as_sdt=80005&sciodt=0,11",Clothing invariant human gait recognition using modified local optimal oriented pattern binary descriptor,"R Anusha, CD Jaidhar",2020,Human gait is a behavioral characteristic which has received a large amount of consideration in recent times as a biometric identifier. The clothing variance is one of the …,Multimedia Tools and Applications,Unknown,Unknown,Unclassified,2026-08-23 16:47:24,error,
P9,A study on gait entropy image analysis for clothing invariant human identification,2017,"Nandy, Anup; Pathak, Akanksha; Chakraborty, Pavan",18,"J Zhang, C Liu",A study of a clothing image segmentation method in complex conditions using a features fusion model,2020.0,Automatika,Taylor &Francis,https://www.tandfonline.com/doi/abs/10.1080/00051144.2019.1691835,"https://scholar.google.com/scholar?cites=18022070090476084813&as_sdt=80005&sciodt=0,11&hl=en",5,2026-08-23 16:47:24,,10.1080/00051144.2019.1691835,,,,,,,18,3.0,9,2,6.0,"According to a priori knowledge in complex conditions, this paper proposes an unsupervised image segmentation algorithm to be used for clothing images that combines …",https://www.tandfonline.com/doi/pdf/10.1080/00051144.2019.1691835,"https://scholar.google.com/scholar?q=related:Td4EJENBG_oJ:scholar.google.com/&scioq=&hl=en&as_sdt=80005&sciodt=0,11",A study of a clothing image segmentation method in complex conditions using a features fusion model,"J Zhang, C Liu",2020,"According to a priori knowledge in complex conditions, this paper proposes an unsupervised image segmentation algorithm to be used for clothing images that combines …",Automatika,Unknown,Unknown,Unclassified,2026-08-23 16:47:24,error,
P9,A study on gait entropy image analysis for clothing invariant human identification,2017,"Nandy, Anup; Pathak, Akanksha; Chakraborty, Pavan",18,"E Fendri, I Chtourou, M Hammami",Gait-based person re-identification under covariate factors,2019.0,Pattern Analysis and Applications,Springer,https://link.springer.com/article/10.1007/s10044-019-00793-4,"https://scholar.google.com/scholar?cites=4435473290697914647&as_sdt=80005&sciodt=0,11&hl=en",6,2026-08-23 16:47:24,,10.1007/s10044-019-00793-4,,,,,,,18,2.57,6,3,7.0,Gait is recognized as an effective behavioral biometric trait. Gait pattern information can be captured and perceived from a distance thanks to its noninvasive and less intrusive nature …,https://webusers.i3s.unice.fr/~ichtourou/documents/publications/revues/paa2019.pdf,"https://scholar.google.com/scholar?q=related:FznILnX3jT0J:scholar.google.com/&scioq=&hl=en&as_sdt=80005&sciodt=0,11",Gait-based person re-identification under covariate factors,"E Fendri, I Chtourou, M Hammami",2019,Gait is recognized as an effective behavioral biometric trait. Gait pattern information can be captured and perceived from a distance thanks to its noninvasive and less intrusive nature …,Pattern Analysis and Applications,Unknown,Unknown,Unclassified,2026-08-23 16:47:24,error,
P9,A study on gait entropy image analysis for clothing invariant human identification,2017,"Nandy, Anup; Pathak, Akanksha; Chakraborty, Pavan",10,"R Anusha, CD Jaidhar",Frontal gait recognition based on hierarchical centroid shape descriptor and similarity measurement,2019.0,2019 International Conference on …,ieeexplore.ieee.org,https://ieeexplore.ieee.org/abstract/document/8971477/,"https://scholar.google.com/scholar?cites=1704465424693681184&as_sdt=80005&sciodt=0,11&hl=en",7,2026-08-23 16:47:24,,,,,,,,,10,1.43,5,2,7.0,"Gait recognition is an expanding stream in biometrics, intended to recognize individuals through the investigation of their walking pattern. This pattern is obtained from a distance …",,"https://scholar.google.com/scholar?q=related:IFzN6kV6pxcJ:scholar.google.com/&scioq=&hl=en&as_sdt=80005&sciodt=0,11",Frontal gait recognition based on hierarchical centroid shape descriptor and similarity measurement,"R Anusha, CD Jaidhar",2019,"Gait recognition is an expanding stream in biometrics, intended to recognize individuals through the investigation of their walking pattern. This pattern is obtained from a distance …",2019 International Conference on …,Unknown,Unknown,Unclassified,2026-08-23 16:47:24,error,
P9,A study on gait entropy image analysis for clothing invariant human identification,2017,"Nandy, Anup; Pathak, Akanksha; Chakraborty, Pavan",14,"J Medikonda, H Madasu, P Bijaya Ketan",Information set based features for the speed invariant gait recognition,2018.0,IET Biometrics,Wiley Online Library,https://ietresearch.onlinelibrary.wiley.com/doi/abs/10.1049/iet-bmt.2016.0136,"https://scholar.google.com/scholar?cites=8591051561484796540&as_sdt=80005&sciodt=0,11&hl=en",8,2026-08-23 16:47:24,,10.1049/iet-bmt.2016.0136,,,,,,,14,1.75,5,3,8.0,A novel speed‐invariant gait features called two‐fold information set (2FInS) features that capture both spatial and temporal variations in a gait cycle are proposed in this study. These …,https://ietresearch.onlinelibrary.wiley.com/doi/pdf/10.1049/iet-bmt.2016.0136,"https://scholar.google.com/scholar?q=related:fMJdueCLOXcJ:scholar.google.com/&scioq=&hl=en&as_sdt=80005&sciodt=0,11",Information set based features for the speed invariant gait recognition,"J Medikonda, H Madasu, P Bijaya Ketan",2018,A novel speed‐invariant gait features called two‐fold information set (2FInS) features that capture both spatial and temporal variations in a gait cycle are proposed in this study. These …,IET Biometrics,Unknown,Unknown,Unclassified,2026-08-23 16:47:24,error,
P9,A study on gait entropy image analysis for clothing invariant human identification,2017,"Nandy, Anup; Pathak, Akanksha; Chakraborty, Pavan",10,"ERHP Isaac, S Elias, S Rajagopalan…",Template-based gait authentication through Bayesian thresholding,2019.0,IEEE/CAA Journal of …,ieeexplore.ieee.org,https://ieeexplore.ieee.org/abstract/document/8600797/,"https://scholar.google.com/scholar?cites=5268623772065973744&as_sdt=80005&sciodt=0,11&hl=en",9,2026-08-23 16:47:24,,,,,,,,,10,1.43,3,4,7.0,"While gait recognition is the mapping of a gait sequence to an identity known to the system, gait authentication refers to the problem of identifying whether a given gait sequence …",https://www.academia.edu/download/58193506/Template-Based_Gait_Authentication_Through_Bayesian_Thresholding.pdf,"https://scholar.google.com/scholar?q=related:8MUrBWjpHUkJ:scholar.google.com/&scioq=&hl=en&as_sdt=80005&sciodt=0,11",Template-based gait authentication through Bayesian thresholding,"ERHP Isaac, S Elias, S Rajagopalan…",2019,"While gait recognition is the mapping of a gait sequence to an identity known to the system, gait authentication refers to the problem of identifying whether a given gait sequence …",IEEE/CAA Journal of …,Unknown,Unknown,Unclassified,2026-08-23 16:47:24,error,
P9,A study on gait entropy image analysis for clothing invariant human identification,2017,"Nandy, Anup; Pathak, Akanksha; Chakraborty, Pavan",1,"B Li, J Zhu, W Li",Railway contactless checkout process with identification assisted by gait recognition,2024.0,Scientific Reports,nature.com,https://www.nature.com/articles/s41598-024-64637-w,"https://scholar.google.com/scholar?cites=10335591238419223225&as_sdt=80005&sciodt=0,11&hl=en",10,2026-08-23 16:47:24,HTML,,,,,,,,1,0.5,0,3,2.0,"With business process optimization, technological advancement, equipment capability enhancement, and other means, the Railway Passenger Service Department in China is …",https://www.nature.com/articles/s41598-024-64637-w,"https://scholar.google.com/scholar?q=related:uRKelXhlb48J:scholar.google.com/&scioq=&hl=en&as_sdt=80005&sciodt=0,11",Railway contactless checkout process with identification assisted by gait recognition,"B Li, J Zhu, W Li",2024,"With business process optimization, technological advancement, equipment capability enhancement, and other means, the Railway Passenger Service Department in China is …",Scientific Reports,Unknown,Unknown,Unclassified,2026-08-23 16:47:24,error,
P9,A study on gait entropy image analysis for clothing invariant human identification,2017,"Nandy, Anup; Pathak, Akanksha; Chakraborty, Pavan",6,"R Zhang, L Zhang, T Yu, J Huang…",Feature fusion CNN-LSTM network based gait recognition on covariate of clothing and bag,2021.0,2021 3rd International …,ieeexplore.ieee.org,https://ieeexplore.ieee.org/abstract/document/9695860/,"https://scholar.google.com/scholar?cites=6850194866436790629&as_sdt=80005&sciodt=0,11&hl=en",11,2026-08-23 16:47:24,,,,,,,,,6,1.2,1,5,5.0,"Gait, a ubiquitous but distinctive depiction of how people walk, has received growing attention due to it can gather individual characteristics in a noninteractive way without …",,"https://scholar.google.com/scholar?q=related:ZVkr6O_HEF8J:scholar.google.com/&scioq=&hl=en&as_sdt=80005&sciodt=0,11",Feature fusion CNN-LSTM network based gait recognition on covariate of clothing and bag,"R Zhang, L Zhang, T Yu, J Huang…",2021,"Gait, a ubiquitous but distinctive depiction of how people walk, has received growing attention due to it can gather individual characteristics in a noninteractive way without …",2021 3rd International …,Unknown,Unknown,Unclassified,2026-08-23 16:47:24,error,
P9,A study on gait entropy image analysis for clothing invariant human identification,2017,"Nandy, Anup; Pathak, Akanksha; Chakraborty, Pavan",4,"B Amogha, R Deshpande",A review on behavioural biometric GAIT recognition,2023.0,… of 3rd International Conference on Recent …,Springer,https://link.springer.com/chapter/10.1007/978-981-19-6088-8_9,"https://scholar.google.com/scholar?cites=15960177448887315865&as_sdt=80005&sciodt=0,11&hl=en",12,2026-08-23 16:47:24,,10.1007/978-981-19-6088-8_9,,,,,,,4,1.33,2,2,3.0,"Vulnerability to individual authentication is a major concern in a number of real time contexts, for example: airport, hospital, workplace, vehicle registrations, metro stations, etc …",https://www.researchgate.net/profile/Manjula-Dalabanjan-2/publication/368762163_Estimation_of_the_Variance_of_Parameters_in_a_Model_Proposed_to_Study_Prognosis_of_Lung_Cancer/links/6420647566f8522c38d6c932/Estimation-of-the-Variance-of-Parameters-in-a-Model-Proposed-to-Study-Prognosis-of-Lung-Cancer.pdf#page=108,"https://scholar.google.com/scholar?q=related:me0gQdTwfd0J:scholar.google.com/&scioq=&hl=en&as_sdt=80005&sciodt=0,11",A review on behavioural biometric GAIT recognition,"B Amogha, R Deshpande",2023,"Vulnerability to individual authentication is a major concern in a number of real time contexts, for example: airport, hospital, workplace, vehicle registrations, metro stations, etc …",… of 3rd International Conference on Recent …,Unknown,Unknown,Unclassified,2026-08-23 16:47:24,error,
P9,A study on gait entropy image analysis for clothing invariant human identification,2017,"Nandy, Anup; Pathak, Akanksha; Chakraborty, Pavan",5,"R Liu, B Zhang, Z Yu, Z Han, J Wu, T Wang",Vibration-based terrain classification recognition using a six-axis accelerometer,2021.0,Computers &Electrical …,Elsevier,https://www.sciencedirect.com/science/article/pii/S0045790621005000,"https://scholar.google.com/scholar?cites=12039626903346336409&as_sdt=80005&sciodt=0,11&hl=en",13,2026-08-23 16:47:24,,,,,,,,,5,1.0,1,6,5.0,"Aging is a key problem in our daily life which demands more technology such as the terrain classification recognition for the detailed path planning. In this article, a six-axis …",https://hal.science/hal-04317498/document,"https://scholar.google.com/scholar?q=related:mdIxQuFYFacJ:scholar.google.com/&scioq=&hl=en&as_sdt=80005&sciodt=0,11",Vibration-based terrain classification recognition using a six-axis accelerometer,"R Liu, B Zhang, Z Yu, Z Han, J Wu, T Wang",2021,"Aging is a key problem in our daily life which demands more technology such as the terrain classification recognition for the detailed path planning. In this article, a six-axis …",Computers &Electrical …,Unknown,Unknown,Unclassified,2026-08-23 16:47:24,error,
P9,A study on gait entropy image analysis for clothing invariant human identification,2017,"Nandy, Anup; Pathak, Akanksha; Chakraborty, Pavan",4,"M Kathing, RK Brahma…",Effective method to reduce covariate issues in gait-based human identification,2022.0,2022 2nd International …,ieeexplore.ieee.org,https://ieeexplore.ieee.org/abstract/document/9847713/,"https://scholar.google.com/scholar?cites=14868185544440305527&as_sdt=80005&sciodt=0,11&hl=en",14,2026-08-23 16:47:24,,,,,,,,,4,1.0,1,3,4.0,Current research on gait-based human identification is increasingly interested in improving the performance of various existing gait recognition algorithms using various gait templates …,,"https://scholar.google.com/scholar?q=related:d1f2RvpnVs4J:scholar.google.com/&scioq=&hl=en&as_sdt=80005&sciodt=0,11",Effective method to reduce covariate issues in gait-based human identification,"M Kathing, RK Brahma…",2022,Current research on gait-based human identification is increasingly interested in improving the performance of various existing gait recognition algorithms using various gait templates …,2022 2nd International …,Unknown,Unknown,Unclassified,2026-08-23 16:47:24,error,
P9,A study on gait entropy image analysis for clothing invariant human identification,2017,"Nandy, Anup; Pathak, Akanksha; Chakraborty, Pavan",0,"M Ghosh, S Biswas, A Nandy",DGE2I-Net: Exploring Depth Gait Energy and Entropy-Based Image Features for Human Gait Classification Using Deep Neural Networks,2025.0,TENCON 2025-2025 IEEE …,ieeexplore.ieee.org,https://ieeexplore.ieee.org/abstract/document/11375066/,,15,2026-08-23 16:47:24,,,,,,,,,0,0.0,0,3,1.0,"Image-based gait analysis has become an important research area for extracting comprehensive features for classification of gait abnormality. However, traditional Image …",,"https://scholar.google.com/scholar?q=related:S9a6usDUrxgJ:scholar.google.com/&scioq=&hl=en&as_sdt=80005&sciodt=0,11",DGE2I-Net: Exploring Depth Gait Energy and Entropy-Based Image Features for Human Gait Classification Using Deep Neural Networks,"M Ghosh, S Biswas, A Nandy",2025,"Image-based gait analysis has become an important research area for extracting comprehensive features for classification of gait abnormality. However, traditional Image …",TENCON 2025-2025 IEEE …,Unknown,Unknown,Unclassified,2026-08-23 16:47:24,error,
P9,A study on gait entropy image analysis for clothing invariant human identification,2017,"Nandy, Anup; Pathak, Akanksha; Chakraborty, Pavan",4,"Y Huang, Y Liang, Z Han, M Du",Two-stream convolutional network extracting effective spatiotemporal information for gait recognition,2019.0,… International Conference on …,ieeexplore.ieee.org,https://ieeexplore.ieee.org/abstract/document/9084872/,"https://scholar.google.com/scholar?cites=3546482236636437016&as_sdt=80005&sciodt=0,11&hl=en",16,2026-08-23 16:47:24,,,,,,,,,4,0.57,1,4,7.0,Gait recognition identifies a person based on gait feature which is a kind of unique biometric feature that can be acquired at a distance and needn't cooperation. Gait features consist of …,,"https://scholar.google.com/scholar?q=related:GJry3M2iNzEJ:scholar.google.com/&scioq=&hl=en&as_sdt=80005&sciodt=0,11",Two-stream convolutional network extracting effective spatiotemporal information for gait recognition,"Y Huang, Y Liang, Z Han, M Du",2019,Gait recognition identifies a person based on gait feature which is a kind of unique biometric feature that can be acquired at a distance and needn't cooperation. Gait features consist of …,… International Conference on …,Unknown,Unknown,Unclassified,2026-08-23 16:47:24,error,
P9,A study on gait entropy image analysis for clothing invariant human identification,2017,"Nandy, Anup; Pathak, Akanksha; Chakraborty, Pavan",1,"M Kathing, RK Brahma, S Saharia",Comparative study on different classifiers for gait-based human identification,2022.0,Advanced Machine Intelligence and …,Springer,https://link.springer.com/chapter/10.1007/978-981-19-0840-8_10,"https://scholar.google.com/scholar?cites=10779908868379291349&as_sdt=80005&sciodt=0,11&hl=en",17,2026-08-23 16:47:24,,10.1007/978-981-19-0840-8_10,,,,,,,1,0.25,0,3,4.0,Gait pattern classification is a way of classifying the human walking pattern for identification purposes. The paper aims to compare different classifiers for gait-based human …,https://www.researchgate.net/profile/Rishang-Brahma/publication/361549725_Comparative_Study_on_Different_Classifiers_for_Gait-Based_Human_Identification/links/6423d0fe92cfd54f84388d62/Comparative-Study-on-Different-Classifiers-for-Gait-Based-Human-Identification.pdf,"https://scholar.google.com/scholar?q=related:1a7UWgDumZUJ:scholar.google.com/&scioq=&hl=en&as_sdt=80005&sciodt=0,11",Comparative study on different classifiers for gait-based human identification,"M Kathing, RK Brahma, S Saharia",2022,Gait pattern classification is a way of classifying the human walking pattern for identification purposes. The paper aims to compare different classifiers for gait-based human …,Advanced Machine Intelligence and …,Unknown,Unknown,Unclassified,2026-08-23 16:47:24,error,
P9,A study on gait entropy image analysis for clothing invariant human identification,2017,"Nandy, Anup; Pathak, Akanksha; Chakraborty, Pavan",0,"B Amogha, R Deshpande",GAIT Recognition,2023.0,Proceedings of 3rd International …,books.google.com,https://books.google.com/books?hl=en&lr=&id=XBSwEAAAQBAJ&oi=fnd&pg=PA89&ots=O8g-4-Q0pt&sig=P613BOWneOp6QFOfHJz5-Y3JkQs,,18,2026-08-23 16:47:24,,,,,,,,,0,0.0,0,2,3.0,"Vulnerability to individual authentication is a major concern in a number of real time contexts, for example: airport, hospital, workplace, vehicle registrations, metro stations, etc …",,"https://scholar.google.com/scholar?q=related:cCj4at3E3tAJ:scholar.google.com/&scioq=&hl=en&as_sdt=80005&sciodt=0,11",GAIT Recognition,"B Amogha, R Deshpande",2023,"Vulnerability to individual authentication is a major concern in a number of real time contexts, for example: airport, hospital, workplace, vehicle registrations, metro stations, etc …",Proceedings of 3rd International …,Unknown,Unknown,Unclassified,2026-08-23 16:47:24,error,
P9,A study on gait entropy image analysis for clothing invariant human identification,2017,"Nandy, Anup; Pathak, Akanksha; Chakraborty, Pavan",1,"C Prakash, U Mishra, M Jain, R Kumar…",Automated kinematic analysis using holistic based human gait motion for biomedical applications,2018.0,2018 8th International …,ieeexplore.ieee.org,https://ieeexplore.ieee.org/abstract/document/8442947/,"https://scholar.google.com/scholar?cites=6625958904250421754&as_sdt=80005&sciodt=0,11&hl=en",19,2026-08-23 16:47:24,,,,,,,,,1,0.13,0,5,8.0,"Gait analysis is a valuable tool that can be used in human motion tracking in rehabilitation, biometrics, sports, surveillance, animation and other application areas. Vision-based gait …",,"https://scholar.google.com/scholar?q=related:-tEugIQi9FsJ:scholar.google.com/&scioq=&hl=en&as_sdt=80005&sciodt=0,11",Automated kinematic analysis using holistic based human gait motion for biomedical applications,"C Prakash, U Mishra, M Jain, R Kumar…",2018,"Gait analysis is a valuable tool that can be used in human motion tracking in rehabilitation, biometrics, sports, surveillance, animation and other application areas. Vision-based gait …",2018 8th International …,Unknown,Unknown,Unclassified,2026-08-23 16:47:24,error,
P9,A study on gait entropy image analysis for clothing invariant human identification,2017,"Nandy, Anup; Pathak, Akanksha; Chakraborty, Pavan",0,"M Kathing, RK Brahma, S Saharia",Comparative Study on Different,2022.0,… Machine Intelligence and …,books.google.com,https://books.google.com/books?hl=en&lr=&id=SUp3EAAAQBAJ&oi=fnd&pg=PA137&ots=G4Hc1JBx2P&sig=0-_jOp1d_DRwLD1MeSMtFJNJ7aE,,20,2026-08-23 16:47:24,,,,,,,,,0,0.0,0,3,4.0,Gait pattern classification is a way of classifying the human walking pattern for identification purposes. The paper aims to compare different classifiers for gait-based human …,,"https://scholar.google.com/scholar?q=related:7vkNBwAKUmQJ:scholar.google.com/&scioq=&hl=en&as_sdt=80005&sciodt=0,11",Comparative Study on Different,"M Kathing, RK Brahma, S Saharia",2022,Gait pattern classification is a way of classifying the human walking pattern for identification purposes. The paper aims to compare different classifiers for gait-based human …,… Machine Intelligence and …,Unknown,Unknown,Unclassified,2026-08-23 16:47:24,error,
P9,A study on gait entropy image analysis for clothing invariant human identification,2017,"Nandy, Anup; Pathak, Akanksha; Chakraborty, Pavan",0,"Z Li, F Yang, J Fu",Research on Gait Recognition Method Based on Gait Frame Difference Entropy Image,2016.0,2nd International Conference on Electronics …,atlantis-press.com,https://www.atlantis-press.com/proceedings/icence-16/25860944,,21,2026-08-23 16:47:24,,,,,,,,,0,0.0,0,3,10.0,"To the relatively low recognition rate of gait frame difference energy image (GFDEI), this paper proposes gait frame difference entropy image (GFDEnI) to describe gait feature based …",https://www.atlantis-press.com/article/25860944.pdf,"https://scholar.google.com/scholar?q=related:rSBLAwr1LY8J:scholar.google.com/&scioq=&hl=en&as_sdt=80005&sciodt=0,11",Research on Gait Recognition Method Based on Gait Frame Difference Entropy Image,"Z Li, F Yang, J Fu",2016,"To the relatively low recognition rate of gait frame difference energy image (GFDEI), this paper proposes gait frame difference entropy image (GFDEnI) to describe gait feature based …",2nd International Conference on Electronics …,Unknown,Unknown,Unclassified,2026-08-23 16:47:24,error,
P9,A study on gait entropy image analysis for clothing invariant human identification,2017,"Nandy, Anup; Pathak, Akanksha; Chakraborty, Pavan",0,MKH Moussa,ﻲﻤﻠﻌﻟا ﺚﺤﺒﻟا و ﻲﻟﺎﻌﻟا ﻢﻴﻠﻌﺘﻟا ةرازو‎,2009.0,,biblio.univ-annaba.dz,https://biblio.univ-annaba.dz/wp-content/uploads/2014/05/These-Khati-Hadj-moussa-W.pdf,,22,2026-08-23 16:47:24,PDF,,,,,,,,0,0.0,0,1,17.0,Le monde marin a toujours été pour moi un univers attractif qui a baigné ma jeunesse et qui fera toujours partie intégrante de ma vie. Lorsque j'ai commencé mes études supérieures …,https://biblio.univ-annaba.dz/wp-content/uploads/2014/05/These-Khati-Hadj-moussa-W.pdf,"https://scholar.google.com/scholar?q=related:oMOJn5lHQV8J:scholar.google.com/&scioq=&hl=en&as_sdt=80005&sciodt=0,11",ﻲﻤﻠﻌﻟا ﺚﺤﺒﻟا و ﻲﻟﺎﻌﻟا ﻢﻴﻠﻌﺘﻟا ةرازو‎,MKH Moussa,2009,Le monde marin a toujours été pour moi un univers attractif qui a baigné ma jeunesse et qui fera toujours partie intégrante de ma vie. Lorsque j'ai commencé mes études supérieures …,Unknown,Unknown,Unknown,Unclassified,2026-08-23 16:47:24,error,
P10,Identification of coronary artery diseased subjects using spectral featuries,2018,"Samanta, Pranab; Pathak, Akanksha; Mandana, Kayapanda; Saha, Goutam",67,"A Maity, A Pathak, G Saha",Transfer learning based heart valve disease classification from phonocardiogram signal,2023.0,Biomedical signal processing and control,Elsevier,https://www.sciencedirect.com/science/article/pii/S1746809423002380,"https://scholar.google.com/scholar?cites=7124526970628981024&as_sdt=80005&sciodt=0,11&hl=en",1,2026-08-23 16:48:14,,,,,,,,,67,22.33,22,3,3.0,Physiological conditions that prevent heart valves from functioning precisely to ensure proper blood circulation are known as heart valve disorder (HVD). Detection of HVD is …,,"https://scholar.google.com/scholar?q=related:IMEHTYhn32IJ:scholar.google.com/&scioq=&hl=en&as_sdt=80005&sciodt=0,11",Transfer learning based heart valve disease classification from phonocardiogram signal,"A Maity, A Pathak, G Saha",2023,Physiological conditions that prevent heart valves from functioning precisely to ensure proper blood circulation are known as heart valve disorder (HVD). Detection of HVD is …,Biomedical signal processing and control,Unknown,Unknown,Unclassified,2026-08-23 16:48:14,error,
P10,Identification of coronary artery diseased subjects using spectral featuries,2018,"Samanta, Pranab; Pathak, Akanksha; Mandana, Kayapanda; Saha, Goutam",4,"MK Nath, SS Dash, K Mookkandi",Towards intelligent phonocardiogram analysis: Advances and future perspectives in cardiovascular disease detection,2026.0,Engineering Applications of Artificial …,Elsevier,https://www.sciencedirect.com/science/article/pii/S0952197625033780,"https://scholar.google.com/scholar?cites=4460205589578286002&as_sdt=80005&sciodt=0,11&hl=en",2,2026-08-23 16:48:14,,,,,,,,,4,4.0,1,3,1.0,"Abstract Phonocardiogram (PCG), electrocardiogram (ECG), and ballistocardiogram (BCG) are the non-stationary digital signals used in clinics for identifying various heart related …",,"https://scholar.google.com/scholar?q=related:soMGQFrV5T0J:scholar.google.com/&scioq=&hl=en&as_sdt=80005&sciodt=0,11",Towards intelligent phonocardiogram analysis: Advances and future perspectives in cardiovascular disease detection,"MK Nath, SS Dash, K Mookkandi",2026,"Abstract Phonocardiogram (PCG), electrocardiogram (ECG), and ballistocardiogram (BCG) are the non-stationary digital signals used in clinics for identifying various heart related …",Engineering Applications of Artificial …,Unknown,Unknown,Unclassified,2026-08-23 16:48:14,error,
P10,Identification of coronary artery diseased subjects using spectral featuries,2018,"Samanta, Pranab; Pathak, Akanksha; Mandana, Kayapanda; Saha, Goutam",76,"MU Khan, S Aziz, K Iqtidar, GF Zaher…",A two-stage classification model integrating feature fusion for coronary artery disease detection and classification,2022.0,Multimedia Tools and …,Springer,https://link.springer.com/article/10.1007/s11042-021-10805-3,"https://scholar.google.com/scholar?cites=13512091376412304309&as_sdt=80005&sciodt=0,11&hl=en",3,2026-08-23 16:48:14,,10.1007/s11042-021-10805-3,,,,,,,76,19.0,15,5,4.0,"Abstract According to the World Health Organization, Coronary Artery Disease (CAD) is a leading cause of death globally. CAD is categorized into three types, namely Single Vessel …",,"https://scholar.google.com/scholar?q=related:taOsR4SXhLsJ:scholar.google.com/&scioq=&hl=en&as_sdt=80005&sciodt=0,11",A two-stage classification model integrating feature fusion for coronary artery disease detection and classification,"MU Khan, S Aziz, K Iqtidar, GF Zaher…",2022,"Abstract According to the World Health Organization, Coronary Artery Disease (CAD) is a leading cause of death globally. CAD is categorized into three types, namely Single Vessel …",Multimedia Tools and …,Unknown,Unknown,Unclassified,2026-08-23 16:48:14,error,
P10,Identification of coronary artery diseased subjects using spectral featuries,2018,"Samanta, Pranab; Pathak, Akanksha; Mandana, Kayapanda; Saha, Goutam",56,"K Iqtidar, U Qamar, S Aziz, MU Khan",Phonocardiogram signal analysis for classification of Coronary Artery Diseases using MFCC and 1D adaptive local ternary patterns,2021.0,Computers in Biology and Medicine,Elsevier,https://www.sciencedirect.com/science/article/pii/S0010482521007204,"https://scholar.google.com/scholar?cites=9833873827549311062&as_sdt=80005&sciodt=0,11&hl=en",4,2026-08-23 16:48:14,,,,,,,,,56,11.2,14,4,5.0,Abstract Coronary Artery Diseases (CADs) are a dominant cause of worldwide fatalities. The development of accurate and timely diagnosis routines is imperative to reduce these risks …,https://www.researchgate.net/profile/Sumair-Aziz/publication/355162111_Phonocardiogram_Signal_Analysis_for_Classification_of_Coronary_Artery_Diseases_using_MFCC_and_1D_Adaptive_Local_Ternary_Patterns/links/67a8a4a1645ef274a478a103/Phonocardiogram-Signal-Analysis-for-Classification-of-Coronary-Artery-Diseases-using-MFCC-and-1D-Adaptive-Local-Ternary-Patterns.pdf,"https://scholar.google.com/scholar?q=related:VnAW4STweIgJ:scholar.google.com/&scioq=&hl=en&as_sdt=80005&sciodt=0,11",Phonocardiogram signal analysis for classification of Coronary Artery Diseases using MFCC and 1D adaptive local ternary patterns,"K Iqtidar, U Qamar, S Aziz, MU Khan",2021,Abstract Coronary Artery Diseases (CADs) are a dominant cause of worldwide fatalities. The development of accurate and timely diagnosis routines is imperative to reduce these risks …,Computers in Biology and Medicine,Unknown,Unknown,Unclassified,2026-08-23 16:48:14,error,
P10,Identification of coronary artery diseased subjects using spectral featuries,2018,"Samanta, Pranab; Pathak, Akanksha; Mandana, Kayapanda; Saha, Goutam",43,"MU Khan, S Aziz, SZH Naqvi…",Classification of coronary artery diseases using electrocardiogram signals,2020.0,… on Emerging Trends in …,ieeexplore.ieee.org,https://ieeexplore.ieee.org/abstract/document/9080694/,"https://scholar.google.com/scholar?cites=8854372494025720782&as_sdt=80005&sciodt=0,11&hl=en",5,2026-08-23 16:48:14,,,,,,,,,43,7.17,11,4,6.0,Coronary Artery Diseases (CAD) are the leading cause of adult mortality and morbidity globally. Eelectrocardiogram (ECG) is the most promising biophysical signature for the study …,https://www.researchgate.net/profile/Sumair-Aziz/publication/341077669_Classification_of_Coronary_Artery_Diseases_using_Electrocardiogram_Signals/links/5ec02344299bf1c09ac0da4c/Classification-of-Coronary-Artery-Diseases-using-Electrocardiogram-Signals.pdf,"https://scholar.google.com/scholar?q=related:zoNk794M4XoJ:scholar.google.com/&scioq=&hl=en&as_sdt=80005&sciodt=0,11",Classification of coronary artery diseases using electrocardiogram signals,"MU Khan, S Aziz, SZH Naqvi…",2020,Coronary Artery Diseases (CAD) are the leading cause of adult mortality and morbidity globally. Eelectrocardiogram (ECG) is the most promising biophysical signature for the study …,… on Emerging Trends in …,Unknown,Unknown,Unclassified,2026-08-23 16:48:14,error,
P10,Identification of coronary artery diseased subjects using spectral featuries,2018,"Samanta, Pranab; Pathak, Akanksha; Mandana, Kayapanda; Saha, Goutam",3,VM Shervegar,Heart sound classification technique for early CVD detection using improved wavelet time scattering and discriminant analysis classifiers,2025.0,Informatics and Health,Elsevier,https://www.sciencedirect.com/science/article/pii/S2949953425000037,"https://scholar.google.com/scholar?cites=18424169949184176906&as_sdt=80005&sciodt=0,11&hl=en",6,2026-08-23 16:48:14,HTML,,,,,,,,3,3.0,3,1,1.0,"Objective PCG represents the acoustic replay of heart sounds from the cardiac structure. To detect and analyse the different conditions of the heart, heart sound signals are essential …",https://www.sciencedirect.com/science/article/pii/S2949953425000037,"https://scholar.google.com/scholar?q=related:CrOMDvTMr_8J:scholar.google.com/&scioq=&hl=en&as_sdt=80005&sciodt=0,11",Heart sound classification technique for early CVD detection using improved wavelet time scattering and discriminant analysis classifiers,VM Shervegar,2025,"Objective PCG represents the acoustic replay of heart sounds from the cardiac structure. To detect and analyse the different conditions of the heart, heart sound signals are essential …",Informatics and Health,Unknown,Unknown,Unclassified,2026-08-23 16:48:14,error,
P10,Identification of coronary artery diseased subjects using spectral featuries,2018,"Samanta, Pranab; Pathak, Akanksha; Mandana, Kayapanda; Saha, Goutam",5,VM Shervegar,Heart sound classification using wavelet scattering transform and support vector machine,2023.0,Intelligent Data Analysis,journals.sagepub.com,https://journals.sagepub.com/doi/abs/10.3233/IDA-237432,"https://scholar.google.com/scholar?cites=8112202830323997062&as_sdt=80005&sciodt=0,11&hl=en",7,2026-08-23 16:48:14,,10.3233/IDA-237432,,,,,,,5,1.67,5,1,3.0,OBJECTIVE: A representation of the sound recordings that are associated with the movement of the entire cardiac structure is termed the Phonocardiogram (PCG) signal. In …,,"https://scholar.google.com/scholar?q=related:hllhb35VlHAJ:scholar.google.com/&scioq=&hl=en&as_sdt=80005&sciodt=0,11",Heart sound classification using wavelet scattering transform and support vector machine,VM Shervegar,2023,OBJECTIVE: A representation of the sound recordings that are associated with the movement of the entire cardiac structure is termed the Phonocardiogram (PCG) signal. In …,Intelligent Data Analysis,Unknown,Unknown,Unclassified,2026-08-23 16:48:14,error,
P10,Identification of coronary artery diseased subjects using spectral featuries,2018,"Samanta, Pranab; Pathak, Akanksha; Mandana, Kayapanda; Saha, Goutam",2,"GM Rizky, S Mandala…",Detection of Myocardial Infarction in Coronary Artery Disease Patients Based on Phonocardiogram Signal Using Ensemble Learning,2023.0,2023 11th International …,ieeexplore.ieee.org,https://ieeexplore.ieee.org/abstract/document/10262540/,"https://scholar.google.com/scholar?cites=9404499472528861681&as_sdt=80005&sciodt=0,11&hl=en",8,2026-08-23 16:48:14,,,,,,,,,2,0.67,1,3,3.0,Coronary Artery Disease (CAD) is one of the most deadly types of heart disease in the world. CAD is triggered by narrowing or blockage of the coronary arteries by plaque. CAD can lead …,,"https://scholar.google.com/scholar?q=related:8WlubnF-g4IJ:scholar.google.com/&scioq=&hl=en&as_sdt=80005&sciodt=0,11",Detection of Myocardial Infarction in Coronary Artery Disease Patients Based on Phonocardiogram Signal Using Ensemble Learning,"GM Rizky, S Mandala…",2023,Coronary Artery Disease (CAD) is one of the most deadly types of heart disease in the world. CAD is triggered by narrowing or blockage of the coronary arteries by plaque. CAD can lead …,2023 11th International …,Unknown,Unknown,Unclassified,2026-08-23 16:48:14,error,
P10,Identification of coronary artery diseased subjects using spectral featuries,2018,"Samanta, Pranab; Pathak, Akanksha; Mandana, Kayapanda; Saha, Goutam",1,K Iqtidar,Classification of Cardiac Disorders using PCG Signal Analysis,2021.0,,researchgate.net,https://www.researchgate.net/profile/Khushbakht-Iqtidar/publication/382221306_Classification_of_Cardiac_Disorders_using_PCG_Signal_Analysis/links/66927b633e0edb1e0fe111d8/Classification-of-Cardiac-Disorders-using-PCG-Signal-Analysis.pdf,"https://scholar.google.com/scholar?cites=9429152840737403607&as_sdt=80005&sciodt=0,11&hl=en",9,2026-08-23 16:48:14,PDF,,,,,,,,1,0.2,1,1,5.0,ABSTRACT Coronary Artery Diseases (CADs) are a dominant cause of worldwide fatalities. The development of accurate and timely diagnosis routines is imperative to reduce these …,https://www.researchgate.net/profile/Khushbakht-Iqtidar/publication/382221306_Classification_of_Cardiac_Disorders_using_PCG_Signal_Analysis/links/66927b633e0edb1e0fe111d8/Classification-of-Cardiac-Disorders-using-PCG-Signal-Analysis.pdf,"https://scholar.google.com/scholar?q=related:17IEBY0U24IJ:scholar.google.com/&scioq=&hl=en&as_sdt=80005&sciodt=0,11",Classification of Cardiac Disorders using PCG Signal Analysis,K Iqtidar,2021,ABSTRACT Coronary Artery Diseases (CADs) are a dominant cause of worldwide fatalities. The development of accurate and timely diagnosis routines is imperative to reduce these …,Unknown,Unknown,Unknown,Unclassified,2026-08-23 16:48:14,error,
P10,Identification of coronary artery diseased subjects using spectral featuries,2018,"Samanta, Pranab; Pathak, Akanksha; Mandana, Kayapanda; Saha, Goutam",0,VM Shervegar,Informatics and Health,,researchgate.net,,https://www.researchgate.net/profile/Vishwanath-Shervegar/publication/388890162_Heart_sound_classification_technique_for_early_CVD_detection_using_improved_wavelet_time_scattering_and_discriminant_analysis_classifiers/links/67ab9d928311ce680c5e6829/Heart-sound-classification-technique-for-early-CVD-detection-using-improved-wavelet-time-scattering-and-discriminant-analysis-classifiers.pdf,,10,2026-08-23 16:48:14,PDF,,,,,,,,0,0.0,0,1,,"Objective: PCG represents the acoustic replay of heart sounds from the cardiac structure. To detect and analyse the different conditions of the heart, heart sound signals are essential …",https://www.researchgate.net/profile/Vishwanath-Shervegar/publication/388890162_Heart_sound_classification_technique_for_early_CVD_detection_using_improved_wavelet_time_scattering_and_discriminant_analysis_classifiers/links/67ab9d928311ce680c5e6829/Heart-sound-classification-technique-for-early-CVD-detection-using-improved-wavelet-time-scattering-and-discriminant-analysis-classifiers.pdf,"https://scholar.google.com/scholar?q=related:Vq4Vx6nR3m8J:scholar.google.com/&scioq=&hl=en&as_sdt=80005&sciodt=0,11",Informatics and Health,VM Shervegar,0,"Objective: PCG represents the acoustic replay of heart sounds from the cardiac structure. To detect and analyse the different conditions of the heart, heart sound signals are essential …",researchgate.net,Unknown,Unknown,Unclassified,2026-08-23 16:48:14,error,
P11,Atherosclerotic Coronary Artery Disease Detection using Multichannel Phonocardiogram Signals,0,"Pathak, Akanksha",0,"IRB Godoy, T Cantarelli Rodrigues, M Alharfi…",Imaging in the diagnosis and characterization of tennis leg,2026.0,Skeletal Radiology,Springer,https://link.springer.com/article/10.1007/s00256-026-05212-4,,1,2026-08-23 16:49:24,,10.1007/s00256-026-05212-4,,,,,,,0,0.0,0,4,1.0,Tennis leg is a common cause of acute posteromedial calf pain and encompasses a spectrum of injuries involving the posterior calf. Although initially described as rupture of the …,,"https://scholar.google.com/scholar?q=related:zw2cIn83CasJ:scholar.google.com/&scioq=&hl=en&as_sdt=80005&sciodt=0,11",Imaging in the diagnosis and characterization of tennis leg,"IRB Godoy, T Cantarelli Rodrigues, M Alharfi…",2026,Tennis leg is a common cause of acute posteromedial calf pain and encompasses a spectrum of injuries involving the posterior calf. Although initially described as rupture of the …,Skeletal Radiology,Unknown,Unknown,Unclassified,2026-08-23 16:49:24,error,
